2026-09-30 17:20:11,268|opType: publish | rt: 28ms | status: success | requestIp: null | dataId: nacos.ai.agentspec.bootstrap | group: nacos_internal | tenant: public | md5: 48a2c8c89b800a60ddf19f096778c9e4
2026-09-30 17:20:11,323|opType: publish | rt: 12ms | status: success | requestIp: null | dataId: manifest.json | group: agentspec__enc.61636164656d69632d6e61727261746f6c6f67697374__enc.302e302e31 | tenant: public | md5: 6ba759f812da13b1043491c0c6f12cd9
2026-09-30 17:20:11,329|opType: publish | rt: 13ms | status: success | requestIp: null | dataId: manifest.json | group: agentspec__enc.61636164656d69632d67656f67726170686572__enc.302e302e31 | tenant: public | md5: be9cbe8dc488a1ffe1d7bbe21e87a269
2026-09-30 17:20:11,329|opType: publish | rt: 10ms | status: success | requestIp: null | dataId: resource_crons_jobs__json.json | group: agentspec__enc.61636164656d69632d686973746f7269616e__enc.302e302e31 | tenant: public | md5: 2c8cec305ecd2e1e5e25bd0fa5a1e79c
2026-09-30 17:20:11,331|opType: publish | rt: 15ms | status: success | requestIp: null | dataId: manifest.json | group: agentspec__enc.61636164656d69632d616e7468726f706f6c6f67697374__enc.302e302e31 | tenant: public | md5: 2e1d349dd3afe01ea61e07eb137e060d
2026-09-30 17:20:11,331|opType: publish | rt: 10ms | status: success | requestIp: null | dataId: manifest.json | group: agentspec__enc.61636164656d69632d686973746f7269616e__enc.302e302e31 | tenant: public | md5: 0b11d1409dd60522d4bfc4398af35abe
2026-09-30 17:20:11,331|opType: publish | rt: 11ms | status: success | requestIp: null | dataId: resource_crons_jobs__json.json | group: agentspec__enc.61636164656d69632d67656f67726170686572__enc.302e302e31 | tenant: public | md5: 5f9ddc7e0007b18be4797d9f13a29e56
2026-09-30 17:20:11,336|opType: publish | rt: 12ms | status: success | requestIp: null | dataId: resource_crons_jobs__json.json | group: agentspec__enc.61636164656d69632d6e61727261746f6c6f67697374__enc.302e302e31 | tenant: public | md5: 5f9ddc7e0007b18be4797d9f13a29e56
2026-09-30 17:20:11,336|opType: publish | rt: 6ms | status: success | requestIp: null | dataId: resource_config_IDENTITY__md.json | group: agentspec__enc.61636164656d69632d616e7468726f706f6c6f67697374__enc.302e302e31 | tenant: public | md5: a184bbea15aaded2339aebd5707fa33c
2026-09-30 17:20:11,336|opType: publish | rt: 7ms | status: success | requestIp: null | dataId: resource_crons_jobs__json.json | group: agentspec__enc.61636164656d69632d616e7468726f706f6c6f67697374__enc.302e302e31 | tenant: public | md5: 2c8cec305ecd2e1e5e25bd0fa5a1e79c
2026-09-30 17:20:11,337|opType: publish | rt: 5ms | status: success | requestIp: null | dataId: resource_config_IDENTITY__md.json | group: agentspec__enc.61636164656d69632d686973746f7269616e__enc.302e302e31 | tenant: public | md5: cee1ce562efb6353b4278d6361dba5ce
2026-09-30 17:20:11,536|opType: publish | rt: 5ms | status: success | requestIp: null | dataId: resource_config_IDENTITY__md.json | group: agentspec__enc.61636164656d69632d67656f67726170686572__enc.302e302e31 | tenant: public | md5: 0b75a0c4df644f7fd4cfa892ad331376
2026-09-30 17:20:11,540|opType: publish | rt: 4ms | status: success | requestIp: null | dataId: resource_config_IDENTITY__md.json | group: agentspec__enc.61636164656d69632d6e61727261746f6c6f67697374__enc.302e302e31 | tenant: public | md5: 55d4fb11a2cb556c10280270868541a8
2026-09-30 17:20:11,543|opType: publish | rt: 8ms | status: success | requestIp: null | dataId: resource_tool-analysis_tool-analysis__json.json | group: agentspec__enc.61636164656d69632d67656f67726170686572__enc.302e302e31 | tenant: public | md5: 3e7465eec4ba247c132a44de7ba0c57c
2026-09-30 17:20:11,547|opType: publish | rt: 6ms | status: success | requestIp: null | dataId: resource_config_SOUL__md.json | group: agentspec__enc.61636164656d69632d67656f67726170686572__enc.302e302e31 | tenant: public | md5: f292911963fd31129636d6d7fffddd7d
2026-09-30 17:20:11,553|opType: publish | rt: 8ms | status: success | requestIp: null | dataId: resource_tool-analysis_tool-analysis__json.json | group: agentspec__enc.61636164656d69632d6e61727261746f6c6f67697374__enc.302e302e31 | tenant: public | md5: 3e7465eec4ba247c132a44de7ba0c57c
2026-09-30 17:20:11,554|opType: publish | rt: 11ms | status: success | requestIp: null | dataId: resource_config_AGENTS__md.json | group: agentspec__enc.61636164656d69632d67656f67726170686572__enc.302e302e31 | tenant: public | md5: b6d015818d0735a4c94501a3de25448f
2026-09-30 17:20:11,554|opType: publish | rt: 8ms | status: success | requestIp: null | dataId: resource_config_MEMORY__md.json | group: agentspec__enc.61636164656d69632d67656f67726170686572__enc.302e302e31 | tenant: public | md5: 01620ce3e46a76cf6bcd9280b071dfe2
2026-09-30 17:20:11,555|opType: publish | rt: 5ms | status: success | requestIp: null | dataId: resource_config_SOUL__md.json | group: agentspec__enc.61636164656d69632d6e61727261746f6c6f67697374__enc.302e302e31 | tenant: public | md5: b3854c7c08bcf16d40922d75a126838a
2026-09-30 17:20:11,556|opType: publish | rt: 8ms | status: success | requestIp: null | dataId: resource_config_AGENTS__md.json | group: agentspec__enc.61636164656d69632d6e61727261746f6c6f67697374__enc.302e302e31 | tenant: public | md5: f7b8e92a4b11d3f3362cf304ccf574c2
2026-09-30 17:20:11,557|opType: publish | rt: 4ms | status: success | requestIp: null | dataId: resource_tool-analysis_tool-analysis__json.json | group: agentspec__enc.61636164656d69632d616e7468726f706f6c6f67697374__enc.302e302e31 | tenant: public | md5: 2e1b21f59878b49eddd9096891f52196
2026-09-30 17:20:11,629|opType: publish | rt: 5ms | status: success | requestIp: null | dataId: nacos.ai.skills.bootstrap | group: nacos_internal | tenant: public | md5: ce83dc6efcbfd40e4fb2455cb1a7cff7
2026-09-30 17:20:11,685|opType: publish | rt: 8ms | status: success | requestIp: null | dataId: SKILL.md | group: skill_enc.6272616e642d67756964656c696e6573__enc.302e302e31 | tenant: public | md5: 27942a521c1a4a156cd82898023bea76
2026-09-30 17:20:11,694|opType: publish | rt: 15ms | status: success | requestIp: null | dataId: SKILL.md | group: skill_enc.616c676f726974686d69632d617274__enc.302e302e31 | tenant: public | md5: 3508edb4af2facee7f4ec9f2c50afaea
2026-09-30 17:20:11,696|opType: publish | rt: 15ms | status: success | requestIp: null | dataId: enc.74656d706c617465732f67656e657261746f725f74656d706c6174652e6a73 | group: skill_enc.616c676f726974686d69632d617274__enc.302e302e31 | tenant: public | md5: b0fd5cb4d4bb7cafee5e336b50f62c27
2026-09-30 17:20:11,703|opType: publish | rt: 10ms | status: success | requestIp: null | dataId: enc.74656d706c617465732f7669657765722e68746d6c | group: skill_enc.616c676f726974686d69632d617274__enc.302e302e31 | tenant: public | md5: 6fec68ff8079873799cf106892353adb
2026-09-30 17:20:11,704|opType: publish | rt: 15ms | status: success | requestIp: null | dataId: LICENSE.txt | group: skill_enc.6272616e642d67756964656c696e6573__enc.302e302e31 | tenant: public | md5: 175792518e4ac015ab6696d16c4f607e
2026-09-30 17:20:11,704|opType: publish | rt: 18ms | status: success | requestIp: null | dataId: LICENSE.txt | group: skill_enc.616c676f726974686d69632d617274__enc.302e302e31 | tenant: public | md5: 175792518e4ac015ab6696d16c4f607e
2026-09-30 17:20:11,705|opType: publish | rt: 10ms | status: success | requestIp: null | dataId: SKILL.md | group: skill_enc.6e61636f732d736b696c6c2d7265676973747279__enc.302e302e31 | tenant: public | md5: 3a0e89668c477926c13be33d5ab135b2
2026-09-30 17:20:11,713|opType: publish | rt: 4ms | status: success | requestIp: null | dataId: enc.63616e7661732d666f6e74732f444d4d6f6e6f2d4f464c2e747874 | group: skill_enc.63616e7661732d64657369676e__enc.302e302e31 | tenant: public | md5: c6a3ddf00ed346cbb45fdfa0ca2c4b9c
2026-09-30 17:20:11,717|opType: publish | rt: 8ms | status: success | requestIp: null | dataId: SKILL.md | group: skill_enc.63616e7661732d64657369676e__enc.302e302e31 | tenant: public | md5: 662a062e168d1deeb26e37187edaf5b8
2026-09-30 17:20:11,724|opType: publish | rt: 13ms | status: success | requestIp: null | dataId: enc.63616e7661732d666f6e74732f506978656c69667953616e732d4d656469756d2e747466 | group: skill_enc.63616e7661732d64657369676e__enc.302e302e31 | tenant: public | md5: 86c9bceeac005c2c8c50dc110f2c3d8c
2026-09-30 17:20:11,743|opType: publish | rt: 3ms | status: success | requestIp: null | dataId: resource_config_MEMORY__md.json | group: agentspec__enc.61636164656d69632d6e61727261746f6c6f67697374__enc.302e302e31 | tenant: public | md5: 01620ce3e46a76cf6bcd9280b071dfe2
2026-09-30 17:20:11,746|opType: publish | rt: 2ms | status: success | requestIp: null | dataId: resource_tool-analysis_tool-analysis__json.json | group: agentspec__enc.61636164656d69632d686973746f7269616e__enc.302e302e31 | tenant: public | md5: 2e1b21f59878b49eddd9096891f52196
2026-09-30 17:20:11,747|opType: publish | rt: 1ms | status: success | requestIp: null | dataId: resource_config_AGENTS__md.json | group: agentspec__enc.61636164656d69632d616e7468726f706f6c6f67697374__enc.302e302e31 | tenant: public | md5: 17cc93b9ec1920da23b12c57ce58273e
2026-09-30 17:20:11,753|opType: publish | rt: 3ms | status: success | requestIp: null | dataId: resource_config_AGENTS__md.json | group: agentspec__enc.61636164656d69632d686973746f7269616e__enc.302e302e31 | tenant: public | md5: 951fdf9fb6547f3708bf5e786382a99c
2026-09-30 17:20:11,762|opType: publish | rt: 5ms | status: success | requestIp: null | dataId: resource_config_MEMORY__md.json | group: agentspec__enc.61636164656d69632d686973746f7269616e__enc.302e302e31 | tenant: public | md5: 5636734baffb8c6418620c180796edec
2026-09-30 17:20:11,764|opType: publish | rt: 6ms | status: success | requestIp: null | dataId: resource_config_SOUL__md.json | group: agentspec__enc.61636164656d69632d686973746f7269616e__enc.302e302e31 | tenant: public | md5: 68cc60e6bb59451c205edc04e74dfbe8
2026-09-30 17:20:11,766|opType: publish | rt: 4ms | status: success | requestIp: null | dataId: resource_config_MEMORY__md.json | group: agentspec__enc.61636164656d69632d616e7468726f706f6c6f67697374__enc.302e302e31 | tenant: public | md5: 5636734baffb8c6418620c180796edec
2026-09-30 17:20:11,766|opType: publish | rt: 6ms | status: success | requestIp: null | dataId: resource_config_SOUL__md.json | group: agentspec__enc.61636164656d69632d616e7468726f706f6c6f67697374__enc.302e302e31 | tenant: public | md5: b6ab5fb4a7960fe81584df03cbd3030f
2026-09-30 17:20:11,776|opType: publish | rt: 2ms | status: success | requestIp: null | dataId: resource_crons_jobs__json.json | group: agentspec__enc.61636164656d69632d70737963686f6c6f67697374__enc.302e302e31 | tenant: public | md5: 4aed698b975de1dd57974ac0d7f6f56a
2026-09-30 17:20:11,777|opType: publish | rt: 4ms | status: success | requestIp: null | dataId: manifest.json | group: agentspec__enc.61636164656d69632d70737963686f6c6f67697374__enc.302e302e31 | tenant: public | md5: 7592875849d8a0d05abd168b2a8ff654
2026-09-30 17:20:11,892|opType: publish | rt: 3ms | status: success | requestIp: null | dataId: enc.63616e7661732d666f6e74732f4e6f7468696e67596f75436f756c64446f2d4f464c2e747874 | group: skill_enc.63616e7661732d64657369676e__enc.302e302e31 | tenant: public | md5: b3dd666855ec5cd55f351287c80b9eb1
2026-09-30 17:20:11,899|opType: publish | rt: 2ms | status: success | requestIp: null | dataId: enc.63616e7661732d666f6e74732f4372696d736f6e50726f2d4f464c2e747874 | group: skill_enc.63616e7661732d64657369676e__enc.302e302e31 | tenant: public | md5: 2b62069b71f49dddd2bde54448a986a0
2026-09-30 17:20:11,901|opType: publish | rt: 3ms | status: success | requestIp: null | dataId: enc.63616e7661732d666f6e74732f4f75746669742d4f464c2e747874 | group: skill_enc.63616e7661732d64657369676e__enc.302e302e31 | tenant: public | md5: 1b36bbe38eb97e26055123ff42f44fc7
2026-09-30 17:20:11,936|opType: publish | rt: 25ms | status: success | requestIp: null | dataId: enc.63616e7661732d666f6e74732f53696c6b73637265656e2d4f464c2e747874 | group: skill_enc.63616e7661732d64657369676e__enc.302e302e31 | tenant: public | md5: ed13fbda3931ec8f3beb063f8fcd2182
2026-09-30 17:20:11,936|opType: publish | rt: 23ms | status: success | requestIp: null | dataId: LICENSE.txt | group: skill_enc.63616e7661732d64657369676e__enc.302e302e31 | tenant: public | md5: 175792518e4ac015ab6696d16c4f607e
2026-09-30 17:20:11,938|opType: publish | rt: 31ms | status: success | requestIp: null | dataId: enc.63616e7661732d666f6e74732f47656973744d6f6e6f2d426f6c642e747466 | group: skill_enc.63616e7661732d64657369676e__enc.302e302e31 | tenant: public | md5: 17cca616b56f24fea2a967c984e583b7
2026-09-30 17:20:11,943|opType: publish | rt: 27ms | status: success | requestIp: null | dataId: skill_index.json | group: skill_nacos-skill-registry | tenant: public | md5: a954ba25a6022882637d1312aa486859
2026-09-30 17:20:11,945|opType: publish | rt: 37ms | status: success | requestIp: null | dataId: enc.63616e7661732d666f6e74732f49424d506c65784d6f6e6f2d426f6c642e747466 | group: skill_enc.63616e7661732d64657369676e__enc.302e302e31 | tenant: public | md5: 9a7310231d0c57e4ab342cb5637a76c7
2026-09-30 17:20:11,945|opType: publish | rt: 30ms | status: success | requestIp: null | dataId: skill_index.json | group: skill_brand-guidelines | tenant: public | md5: 313ccb20c3edc957127437be5c8b22c9
2026-09-30 17:20:11,947|opType: publish | rt: 28ms | status: success | requestIp: null | dataId: skill_index.json | group: skill_algorithmic-art | tenant: public | md5: 9ccdfe595a0ee877cafcea907b575a69
2026-09-30 17:20:11,948|opType: publish | rt: 20ms | status: success | requestIp: null | dataId: enc.63616e7661732d666f6e74732f476c6f6f636b2d4f464c2e747874 | group: skill_enc.63616e7661732d64657369676e__enc.302e302e31 | tenant: public | md5: 2cc6d168f1171b25a10e825bb7a54ee7
2026-09-30 17:20:11,951|opType: publish | rt: 23ms | status: success | requestIp: null | dataId: enc.63616e7661732d666f6e74732f5265644861744d6f6e6f2d526567756c61722e747466 | group: skill_enc.63616e7661732d64657369676e__enc.302e302e31 | tenant: public | md5: b80334107be3654978378cece86a88dd
2026-09-30 17:20:11,952|opType: publish | rt: 22ms | status: success | requestIp: null | dataId: enc.63616e7661732d666f6e74732f536d6f6f636853616e732d4d656469756d2e747466 | group: skill_enc.63616e7661732d64657369676e__enc.302e302e31 | tenant: public | md5: af113974edc887dc1afeda835c06f5cc
2026-09-30 17:20:11,954|opType: publish | rt: 4ms | status: success | requestIp: null | dataId: resource_config_IDENTITY__md.json | group: agentspec__enc.61636164656d69632d70737963686f6c6f67697374__enc.302e302e31 | tenant: public | md5: b1bdf238a87513c21d6e2493f3547ea3
2026-09-30 17:20:11,955|opType: publish | rt: 4ms | status: success | requestIp: null | dataId: resource_tool-analysis_tool-analysis__json.json | group: agentspec__enc.61636164656d69632d70737963686f6c6f67697374__enc.302e302e31 | tenant: public | md5: 5b7d94eff8ac391353e5a1dc86b43cb2
2026-09-30 17:20:11,956|opType: publish | rt: 4ms | status: success | requestIp: null | dataId: resource_config_AGENTS__md.json | group: agentspec__enc.61636164656d69632d70737963686f6c6f67697374__enc.302e302e31 | tenant: public | md5: 02f097a81d77519b5bb0cf9de3f936d8
2026-09-30 17:20:11,977|opType: publish | rt: 21ms | status: success | requestIp: null | dataId: resource_config_SOUL__md.json | group: agentspec__enc.61636164656d69632d70737963686f6c6f67697374__enc.302e302e31 | tenant: public | md5: 6354b9affd99a0e46527e8220f2bf756
2026-09-30 17:20:11,984|opType: publish | rt: 5ms | status: success | requestIp: null | dataId: resource_config_IDENTITY__md.json | group: agentspec__enc.61636164656d69632d73747564792d706c616e6e6572__enc.302e302e31 | tenant: public | md5: 6325169a81faaf3a48aad6419f1f2146
2026-09-30 17:20:11,985|opType: publish | rt: 4ms | status: success | requestIp: null | dataId: resource_crons_jobs__json.json | group: agentspec__enc.61636164656d69632d73747564792d706c616e6e6572__enc.302e302e31 | tenant: public | md5: 39e6ad1320a9c5ad579d11e6722d7b0f
2026-09-30 17:20:11,985|opType: publish | rt: 4ms | status: success | requestIp: null | dataId: manifest.json | group: agentspec__enc.61636164656d69632d73747564792d706c616e6e6572__enc.302e302e31 | tenant: public | md5: 5a244a902d40892ecff6e451dab6eab9
2026-09-30 17:20:11,987|opType: publish | rt: 2ms | status: success | requestIp: null | dataId: resource_config_MEMORY__md.json | group: agentspec__enc.61636164656d69632d70737963686f6c6f67697374__enc.302e302e31 | tenant: public | md5: a9d256833de4f522c439630d7a9fffac
2026-09-30 17:20:11,987|opType: publish | rt: 3ms | status: success | requestIp: null | dataId: resource_tool-analysis_tool-analysis__json.json | group: agentspec__enc.61636164656d69632d73747564792d706c616e6e6572__enc.302e302e31 | tenant: public | md5: ee8201933994d165a270bb67505b8030
2026-09-30 17:20:11,991|opType: publish | rt: 6ms | status: success | requestIp: null | dataId: resource_config_AGENTS__md.json | group: agentspec__enc.61636164656d69632d73747564792d706c616e6e6572__enc.302e302e31 | tenant: public | md5: f0f14f8085aa8711a2e5082837a3494e
2026-09-30 17:20:12,132|opType: publish | rt: 37ms | status: success | requestIp: null | dataId: enc.63616e7661732d666f6e74732f576f726b53616e732d526567756c61722e747466 | group: skill_enc.63616e7661732d64657369676e__enc.302e302e31 | tenant: public | md5: 990d3a0aac2fbf064d39e27d75fb0eeb
2026-09-30 17:20:12,135|opType: publish | rt: 32ms | status: success | requestIp: null | dataId: enc.63616e7661732d666f6e74732f496e737472756d656e7453657269662d4974616c69632e747466 | group: skill_enc.63616e7661732d64657369676e__enc.302e302e31 | tenant: public | md5: b475bb00046d79b5b4379f9f8f769620
2026-09-30 17:20:12,135|opType: publish | rt: 31ms | status: success | requestIp: null | dataId: enc.63616e7661732d666f6e74732f496e737472756d656e7453657269662d526567756c61722e747466 | group: skill_enc.63616e7661732d64657369676e__enc.302e302e31 | tenant: public | md5: f456da034c364801bda7fa04a5b7379b
2026-09-30 17:20:12,186|opType: publish | rt: 43ms | status: success | requestIp: null | dataId: enc.63616e7661732d666f6e74732f42696753686f756c646572732d526567756c61722e747466 | group: skill_enc.63616e7661732d64657369676e__enc.302e302e31 | tenant: public | md5: e78052077e1d91a69889db183897b0b0
2026-09-30 17:20:12,204|opType: publish | rt: 42ms | status: success | requestIp: null | dataId: resource_config_SOUL__md.json | group: agentspec__enc.61636164656d69632d73747564792d706c616e6e6572__enc.302e302e31 | tenant: public | md5: 47c49cef9ad4614b4ec0b0c9441f8f11
2026-09-30 17:20:12,204|opType: publish | rt: 60ms | status: success | requestIp: null | dataId: enc.63616e7661732d666f6e74732f4a6574427261696e734d6f6e6f2d526567756c61722e747466 | group: skill_enc.63616e7661732d64657369676e__enc.302e302e31 | tenant: public | md5: f287a635146667b5bbebf9f87f414127
2026-09-30 17:20:12,205|opType: publish | rt: 37ms | status: success | requestIp: null | dataId: manifest.json | group: agentspec__enc.6163636f756e74732d70617961626c652d6167656e74__enc.302e302e31 | tenant: public | md5: c5875cfdde88b1a1a0895211660334fc
2026-09-30 17:20:12,205|opType: publish | rt: 49ms | status: success | requestIp: null | dataId: enc.63616e7661732d666f6e74732f4974616c69616e612d526567756c61722e747466 | group: skill_enc.63616e7661732d64657369676e__enc.302e302e31 | tenant: public | md5: d749b2c6eacff702f9ace18cab5d7ba0
2026-09-30 17:20:12,205|opType: publish | rt: 37ms | status: success | requestIp: null | dataId: resource_config_MEMORY__md.json | group: agentspec__enc.61636164656d69632d73747564792d706c616e6e6572__enc.302e302e31 | tenant: public | md5: a4e06437d47ecce61e19cc4c42d40128
2026-09-30 17:20:12,207|opType: publish | rt: 53ms | status: success | requestIp: null | dataId: enc.63616e7661732d666f6e74732f506f697265744f6e652d526567756c61722e747466 | group: skill_enc.63616e7661732d64657369676e__enc.302e302e31 | tenant: public | md5: 0850015605c6a972bb2bdda0507c71b0
2026-09-30 17:20:12,221|opType: publish | rt: 59ms | status: success | requestIp: null | dataId: enc.63616e7661732d666f6e74732f4a6574427261696e734d6f6e6f2d426f6c642e747466 | group: skill_enc.63616e7661732d64657369676e__enc.302e302e31 | tenant: public | md5: 90962f010985252c0a048dbfdda15f5d
2026-09-30 17:20:12,223|opType: publish | rt: 39ms | status: success | requestIp: null | dataId: resource_crons_jobs__json.json | group: agentspec__enc.6163636f756e74732d70617961626c652d6167656e74__enc.302e302e31 | tenant: public | md5: ef20de3d5f2f067b7dba2ecc155f5881
2026-09-30 17:20:12,224|opType: publish | rt: 79ms | status: success | requestIp: null | dataId: enc.63616e7661732d666f6e74732f417273656e616c53432d526567756c61722e747466 | group: skill_enc.63616e7661732d64657369676e__enc.302e302e31 | tenant: public | md5: 6ba43a38601789fe2e289989623a97e5
2026-09-30 17:20:12,224|opType: publish | rt: 17ms | status: success | requestIp: null | dataId: resource_tool-analysis_tool-analysis__json.json | group: agentspec__enc.6163636f756e74732d70617961626c652d6167656e74__enc.302e302e31 | tenant: public | md5: 582c6d765322e4bff0759c673c02fba7
2026-09-30 17:20:12,224|opType: publish | rt: 72ms | status: success | requestIp: null | dataId: enc.63616e7661732d666f6e74732f4c6f72612d426f6c644974616c69632e747466 | group: skill_enc.63616e7661732d64657369676e__enc.302e302e31 | tenant: public | md5: 18a036600f747dfd769684f6c1b12e3f
2026-09-30 17:20:12,225|opType: publish | rt: 15ms | status: success | requestIp: null | dataId: manifest.json | group: agentspec__enc.6167656e7469632d6964656e746974792d7472757374__enc.302e302e31 | tenant: public | md5: fba02974372da5c5cd739e1a03c575f0
2026-09-30 17:20:12,225|opType: publish | rt: 6ms | status: success | requestIp: null | dataId: resource_config_MEMORY__md.json | group: agentspec__enc.6163636f756e74732d70617961626c652d6167656e74__enc.302e302e31 | tenant: public | md5: 29ded01352c41d44d9830699d21c6250
2026-09-30 17:20:12,225|opType: publish | rt: 21ms | status: success | requestIp: null | dataId: resource_config_IDENTITY__md.json | group: agentspec__enc.6163636f756e74732d70617961626c652d6167656e74__enc.302e302e31 | tenant: public | md5: 8cdef327ba2b38d4da16f87015f115e4
2026-09-30 17:20:12,225|opType: publish | rt: 17ms | status: success | requestIp: null | dataId: resource_config_SOUL__md.json | group: agentspec__enc.6163636f756e74732d70617961626c652d6167656e74__enc.302e302e31 | tenant: public | md5: 5338859dd31237d60b0a70c1eda07812
2026-09-30 17:20:12,225|opType: publish | rt: 19ms | status: success | requestIp: null | dataId: resource_config_AGENTS__md.json | group: agentspec__enc.6163636f756e74732d70617961626c652d6167656e74__enc.302e302e31 | tenant: public | md5: 10b87927114b14003600b6755005c18b
2026-09-30 17:20:12,345|opType: publish | rt: 6ms | status: success | requestIp: null | dataId: enc.63616e7661732d666f6e74732f4a6574427261696e734d6f6e6f2d4f464c2e747874 | group: skill_enc.63616e7661732d64657369676e__enc.302e302e31 | tenant: public | md5: 2025a2ee80175b15561a8232e67d74d5
2026-09-30 17:20:12,354|opType: publish | rt: 15ms | status: success | requestIp: null | dataId: enc.63616e7661732d666f6e74732f4e6174696f6e616c5061726b2d526567756c61722e747466 | group: skill_enc.63616e7661732d64657369676e__enc.302e302e31 | tenant: public | md5: 3ccdefd52940f1d5a4fcf7e645f49921
2026-09-30 17:20:12,358|opType: publish | rt: 18ms | status: success | requestIp: null | dataId: enc.63616e7661732d666f6e74732f4372696d736f6e50726f2d4974616c69632e747466 | group: skill_enc.63616e7661732d64657369676e__enc.302e302e31 | tenant: public | md5: 8e356bfbcff1e1348dfb4e74743fa9f7
2026-09-30 17:20:12,430|opType: publish | rt: 40ms | status: success | requestIp: null | dataId: enc.63616e7661732d666f6e74732f576f726b53616e732d4974616c69632e747466 | group: skill_enc.63616e7661732d64657369676e__enc.302e302e31 | tenant: public | md5: 7ad707affdf631fcf9e440192c46520e
2026-09-30 17:20:12,441|opType: publish | rt: 29ms | status: success | requestIp: null | dataId: resource_crons_jobs__json.json | group: agentspec__enc.6167656e7469632d6964656e746974792d7472757374__enc.302e302e31 | tenant: public | md5: ad96596d9ca0b4820d2af242f156cc23
2026-09-30 17:20:12,452|opType: publish | rt: 21ms | status: success | requestIp: null | dataId: resource_tool-analysis_tool-analysis__json.json | group: agentspec__enc.6167656e7469632d6964656e746974792d7472757374__enc.302e302e31 | tenant: public | md5: f0aaa0b11865275dffaf713e014477f9
2026-09-30 17:20:12,457|opType: publish | rt: 33ms | status: success | requestIp: null | dataId: enc.63616e7661732d666f6e74732f476c6f6f636b2d526567756c61722e747466 | group: skill_enc.63616e7661732d64657369676e__enc.302e302e31 | tenant: public | md5: 93e2fe964401f39ea25f69282835d888
2026-09-30 17:20:12,463|opType: publish | rt: 19ms | status: success | requestIp: null | dataId: resource_tool-analysis_tool-analysis__json.json | group: agentspec__enc.6167656e74732d6f7263686573747261746f72__enc.302e302e31 | tenant: public | md5: 1788d9a1e0adf41d61071bf0762e400e
2026-09-30 17:20:12,463|opType: publish | rt: 27ms | status: success | requestIp: null | dataId: enc.63616e7661732d666f6e74732f4c6f72612d4f464c2e747874 | group: skill_enc.63616e7661732d64657369676e__enc.302e302e31 | tenant: public | md5: a6f35dd3870842fab964fbcd0ffb2908
2026-09-30 17:20:12,463|opType: publish | rt: 48ms | status: success | requestIp: null | dataId: enc.63616e7661732d666f6e74732f427269636f6c61676547726f7465737175652d526567756c61722e747466 | group: skill_enc.63616e7661732d64657369676e__enc.302e302e31 | tenant: public | md5: bb2881f280633075dff01adfa9c09a28
2026-09-30 17:20:12,472|opType: publish | rt: 30ms | status: success | requestIp: null | dataId: resource_config_MEMORY__md.json | group: agentspec__enc.6167656e7469632d6964656e746974792d7472757374__enc.302e302e31 | tenant: public | md5: 95ce03407015bfcbf4d727e03ec90bc1
2026-09-30 17:20:12,476|opType: publish | rt: 39ms | status: success | requestIp: null | dataId: resource_config_AGENTS__md.json | group: agentspec__enc.6167656e7469632d6964656e746974792d7472757374__enc.302e302e31 | tenant: public | md5: a4a56719436a74f07484b6ed5136be67
2026-09-30 17:20:12,477|opType: publish | rt: 45ms | status: success | requestIp: null | dataId: resource_config_IDENTITY__md.json | group: agentspec__enc.6167656e7469632d6964656e746974792d7472757374__enc.302e302e31 | tenant: public | md5: 2b257b3cec95fe488728ecb06e521127
2026-09-30 17:20:12,477|opType: publish | rt: 21ms | status: success | requestIp: null | dataId: resource_config_SOUL__md.json | group: agentspec__enc.6167656e7469632d6964656e746974792d7472757374__enc.302e302e31 | tenant: public | md5: 7d07d02097fc5882a65d930d7d8b93c4
2026-09-30 17:20:12,481|opType: publish | rt: 27ms | status: success | requestIp: null | dataId: manifest.json | group: agentspec__enc.6167656e74732d6f7263686573747261746f72__enc.302e302e31 | tenant: public | md5: 87874b2d5a5ef113b9ee2e195eeca5f7
2026-09-30 17:20:12,481|opType: publish | rt: 56ms | status: success | requestIp: null | dataId: enc.63616e7661732d666f6e74732f4e6174696f6e616c5061726b2d426f6c642e747466 | group: skill_enc.63616e7661732d64657369676e__enc.302e302e31 | tenant: public | md5: 709a832209501dfc61d392c5b35e14ab
2026-09-30 17:20:12,481|opType: publish | rt: 27ms | status: success | requestIp: null | dataId: resource_crons_jobs__json.json | group: agentspec__enc.6167656e74732d6f7263686573747261746f72__enc.302e302e31 | tenant: public | md5: 4b50b016ae88af8915cba0f1e538b604
2026-09-30 17:20:12,482|opType: publish | rt: 33ms | status: success | requestIp: null | dataId: resource_config_IDENTITY__md.json | group: agentspec__enc.6167656e74732d6f7263686573747261746f72__enc.302e302e31 | tenant: public | md5: 66b49bfbab1d35557682d6d0934bdcc8
2026-09-30 17:20:12,485|opType: publish | rt: 45ms | status: success | requestIp: null | dataId: enc.63616e7661732d666f6e74732f576f726b53616e732d426f6c644974616c69632e747466 | group: skill_enc.63616e7661732d64657369676e__enc.302e302e31 | tenant: public | md5: 1a7031ed2c3576e0adea006eb75a5495
2026-09-30 17:20:12,488|opType: publish | rt: 34ms | status: success | requestIp: null | dataId: enc.63616e7661732d666f6e74732f427269636f6c61676547726f7465737175652d426f6c642e747466 | group: skill_enc.63616e7661732d64657369676e__enc.302e302e31 | tenant: public | md5: e7f0b639e9abc70f0161085138fe0d48
2026-09-30 17:20:12,551|opType: publish | rt: 3ms | status: success | requestIp: null | dataId: enc.63616e7661732d666f6e74732f576f726b53616e732d4f464c2e747874 | group: skill_enc.63616e7661732d64657369676e__enc.302e302e31 | tenant: public | md5: 4bf1338afcac74d0c9ea569f07a87fab
2026-09-30 17:20:12,559|opType: publish | rt: 2ms | status: success | requestIp: null | dataId: enc.63616e7661732d666f6e74732f427269636f6c61676547726f7465737175652d4f464c2e747874 | group: skill_enc.63616e7661732d64657369676e__enc.302e302e31 | tenant: public | md5: c01c6f2840f06aacc97899ab09ec0e01
2026-09-30 17:20:12,567|opType: publish | rt: 7ms | status: success | requestIp: null | dataId: enc.63616e7661732d666f6e74732f45726963614f6e652d526567756c61722e747466 | group: skill_enc.63616e7661732d64657369676e__enc.302e302e31 | tenant: public | md5: d8983eca752649b830c3a0842d32fd35
2026-09-30 17:20:12,640|opType: publish | rt: 6ms | status: success | requestIp: null | dataId: enc.63616e7661732d666f6e74732f5265644861744d6f6e6f2d426f6c642e747466 | group: skill_enc.63616e7661732d64657369676e__enc.302e302e31 | tenant: public | md5: df22758feeff40dda3ea1340b8c169c8
2026-09-30 17:20:12,646|opType: publish | rt: 2ms | status: success | requestIp: null | dataId: resource_config_AGENTS__md.json | group: agentspec__enc.6167656e74732d6f7263686573747261746f72__enc.302e302e31 | tenant: public | md5: eeccce0590e396f1861b8e9e3b5f288e
2026-09-30 17:20:12,656|opType: publish | rt: 2ms | status: success | requestIp: null | dataId: resource_config_SOUL__md.json | group: agentspec__enc.6167656e74732d6f7263686573747261746f72__enc.302e302e31 | tenant: public | md5: 3df330c9971c6cbd7f257b70a85fe3d0
2026-09-30 17:20:12,661|opType: publish | rt: 2ms | status: success | requestIp: null | dataId: enc.63616e7661732d666f6e74732f506f697265744f6e652d4f464c2e747874 | group: skill_enc.63616e7661732d64657369676e__enc.302e302e31 | tenant: public | md5: 954ca844e5dd9e31353213c6a142b9a4
2026-09-30 17:20:12,668|opType: publish | rt: 2ms | status: success | requestIp: null | dataId: resource_config_MEMORY__md.json | group: agentspec__enc.6167656e74732d6f7263686573747261746f72__enc.302e302e31 | tenant: public | md5: d5c6d7af6c65d7511dae19b707e630b6
2026-09-30 17:20:12,713|opType: publish | rt: 32ms | status: success | requestIp: null | dataId: resource_crons_jobs__json.json | group: agentspec__enc.6175746f6d6174696f6e2d676f7665726e616e63652d617263686974656374__enc.302e302e31 | tenant: public | md5: 5f7e0980136268f6463c5e78cc8bb291
2026-09-30 17:20:12,714|opType: publish | rt: 32ms | status: success | requestIp: null | dataId: resource_config_IDENTITY__md.json | group: agentspec__enc.6175746f6d6174696f6e2d676f7665726e616e63652d617263686974656374__enc.302e302e31 | tenant: public | md5: c1c9821f4162d0d9807266fc9eed0401
2026-09-30 17:20:12,714|opType: publish | rt: 47ms | status: success | requestIp: null | dataId: enc.63616e7661732d666f6e74732f49424d506c657853657269662d426f6c644974616c69632e747466 | group: skill_enc.63616e7661732d64657369676e__enc.302e302e31 | tenant: public | md5: a30bec5ecd919feb391f88877b992ca8
2026-09-30 17:20:12,715|opType: publish | rt: 32ms | status: success | requestIp: null | dataId: resource_tool-analysis_tool-analysis__json.json | group: agentspec__enc.6175746f6d6174696f6e2d676f7665726e616e63652d617263686974656374__enc.302e302e31 | tenant: public | md5: 8d49b5176cca956c285e1ddc4316be34
2026-09-30 17:20:12,715|opType: publish | rt: 36ms | status: success | requestIp: null | dataId: manifest.json | group: agentspec__enc.6175746f6d6174696f6e2d676f7665726e616e63652d617263686974656374__enc.302e302e31 | tenant: public | md5: 593eae7606122effd84b5275cddd3f92
2026-09-30 17:20:12,715|opType: publish | rt: 48ms | status: success | requestIp: null | dataId: enc.63616e7661732d666f6e74732f4a7572612d4d656469756d2e747466 | group: skill_enc.63616e7661732d64657369676e__enc.302e302e31 | tenant: public | md5: 485fde3814af533915abc1a2b6a970d4
2026-09-30 17:20:12,722|opType: publish | rt: 36ms | status: success | requestIp: null | dataId: resource_config_AGENTS__md.json | group: agentspec__enc.6175746f6d6174696f6e2d676f7665726e616e63652d617263686974656374__enc.302e302e31 | tenant: public | md5: 7576959b65b19e07bf43a59260db8c29
2026-09-30 17:20:12,724|opType: publish | rt: 35ms | status: success | requestIp: null | dataId: resource_config_MEMORY__md.json | group: agentspec__enc.6175746f6d6174696f6e2d676f7665726e616e63652d617263686974656374__enc.302e302e31 | tenant: public | md5: 4408fa716de46a4c54105e9367ad0882
2026-09-30 17:20:12,725|opType: publish | rt: 37ms | status: success | requestIp: null | dataId: resource_config_SOUL__md.json | group: agentspec__enc.6175746f6d6174696f6e2d676f7665726e616e63652d617263686974656374__enc.302e302e31 | tenant: public | md5: fc77113711c626b33577f227988bb17c
2026-09-30 17:20:12,725|opType: publish | rt: 34ms | status: success | requestIp: null | dataId: enc.63616e7661732d666f6e74732f5265644861744d6f6e6f2d4f464c2e747874 | group: skill_enc.63616e7661732d64657369676e__enc.302e302e31 | tenant: public | md5: 0787f4274246f7bbf6c429db807e3049
2026-09-30 17:20:12,730|opType: publish | rt: 44ms | status: success | requestIp: null | dataId: enc.63616e7661732d666f6e74732f4a7572612d4c696768742e747466 | group: skill_enc.63616e7661732d64657369676e__enc.302e302e31 | tenant: public | md5: 00a9d7cc59de3ef98a6b2d8892dffb48
2026-09-30 17:20:12,743|opType: publish | rt: 54ms | status: success | requestIp: null | dataId: enc.63616e7661732d666f6e74732f4c696272654261736b657276696c6c652d526567756c61722e747466 | group: skill_enc.63616e7661732d64657369676e__enc.302e302e31 | tenant: public | md5: df2bb244c97f241e3e5b350c3f5ea388
2026-09-30 17:20:12,775|opType: publish | rt: 6ms | status: success | requestIp: null | dataId: enc.63616e7661732d666f6e74732f47656973744d6f6e6f2d4f464c2e747874 | group: skill_enc.63616e7661732d64657369676e__enc.302e302e31 | tenant: public | md5: 9678944f41fc8b46592ca1626f1c0896
2026-09-30 17:20:12,778|opType: publish | rt: 7ms | status: success | requestIp: null | dataId: enc.63616e7661732d666f6e74732f4974616c69616e612d4f464c2e747874 | group: skill_enc.63616e7661732d64657369676e__enc.302e302e31 | tenant: public | md5: 233d74d83b54a786d21a429304775aef
2026-09-30 17:20:12,780|opType: publish | rt: 9ms | status: success | requestIp: null | dataId: enc.63616e7661732d666f6e74732f4f75746669742d526567756c61722e747466 | group: skill_enc.63616e7661732d64657369676e__enc.302e302e31 | tenant: public | md5: 36f9b5fd22583dcebfa2ceebcc5b25be
2026-09-30 17:20:12,859|opType: publish | rt: 10ms | status: success | requestIp: null | dataId: manifest.json | group: agentspec__enc.626c656e6465722d6164646f6e2d656e67696e656572__enc.302e302e31 | tenant: public | md5: 59d0a972cb22db0f27f18ca3589a8242
2026-09-30 17:20:12,865|opType: publish | rt: 21ms | status: success | requestIp: null | dataId: enc.63616e7661732d666f6e74732f49424d506c657853657269662d426f6c642e747466 | group: skill_enc.63616e7661732d64657369676e__enc.302e302e31 | tenant: public | md5: 31bbbee9efb80aa575380e013a11c0b3
2026-09-30 17:20:12,866|opType: publish | rt: 8ms | status: success | requestIp: null | dataId: resource_crons_jobs__json.json | group: agentspec__enc.626c656e6465722d6164646f6e2d656e67696e656572__enc.302e302e31 | tenant: public | md5: aebdcb383880440f52c3c5fea41b53ca
2026-09-30 17:20:12,875|opType: publish | rt: 10ms | status: success | requestIp: null | dataId: enc.63616e7661732d666f6e74732f496e737472756d656e7453616e732d526567756c61722e747466 | group: skill_enc.63616e7661732d64657369676e__enc.302e302e31 | tenant: public | md5: e9fa211772980a630693fee08f02aff0
2026-09-30 17:20:12,875|opType: publish | rt: 3ms | status: success | requestIp: null | dataId: resource_config_IDENTITY__md.json | group: agentspec__enc.626c656e6465722d6164646f6e2d656e67696e656572__enc.302e302e31 | tenant: public | md5: fa5b37a65609d0ab108fffa33346322c
2026-09-30 17:20:12,922|opType: publish | rt: 4ms | status: success | requestIp: null | dataId: resource_tool-analysis_tool-analysis__json.json | group: agentspec__enc.626c656e6465722d6164646f6e2d656e67696e656572__enc.302e302e31 | tenant: public | md5: 3e680de159de9e2c9460c4a0769be3b3
2026-09-30 17:20:12,929|opType: publish | rt: 7ms | status: success | requestIp: null | dataId: resource_config_SOUL__md.json | group: agentspec__enc.626c656e6465722d6164646f6e2d656e67696e656572__enc.302e302e31 | tenant: public | md5: 2e8b2264faeeb0d8125184c5b08fb301
2026-09-30 17:20:12,939|opType: publish | rt: 17ms | status: success | requestIp: null | dataId: resource_config_MEMORY__md.json | group: agentspec__enc.626c656e6465722d6164646f6e2d656e67696e656572__enc.302e302e31 | tenant: public | md5: e15c27d2d927112ebdb8b7c5a95d9fd5
2026-09-30 17:20:12,939|opType: publish | rt: 17ms | status: success | requestIp: null | dataId: resource_config_AGENTS__md.json | group: agentspec__enc.626c656e6465722d6164646f6e2d656e67696e656572__enc.302e302e31 | tenant: public | md5: 5e430ee71b9f770b8cf4f68b852c2124
2026-09-30 17:20:12,939|opType: publish | rt: 21ms | status: success | requestIp: null | dataId: enc.63616e7661732d666f6e74732f496e737472756d656e7453616e732d426f6c642e747466 | group: skill_enc.63616e7661732d64657369676e__enc.302e302e31 | tenant: public | md5: 486d16bd9d9f3839cf4fb3f2b6ea50cc
2026-09-30 17:20:12,946|opType: publish | rt: 17ms | status: success | requestIp: null | dataId: manifest.json | group: agentspec__enc.626c6f636b636861696e2d73656375726974792d61756469746f72__enc.302e302e31 | tenant: public | md5: 82c3a9f3ba5deb220011cd55454f77ca
2026-09-30 17:20:12,946|opType: publish | rt: 18ms | status: success | requestIp: null | dataId: resource_crons_jobs__json.json | group: agentspec__enc.626c6f636b636861696e2d73656375726974792d61756469746f72__enc.302e302e31 | tenant: public | md5: 1d186467d68b9cd971ea63b593e95b7c
2026-09-30 17:20:12,950|opType: publish | rt: 13ms | status: success | requestIp: null | dataId: resource_config_IDENTITY__md.json | group: agentspec__enc.626c6f636b636861696e2d73656375726974792d61756469746f72__enc.302e302e31 | tenant: public | md5: 2c661cbbbfa437d93381d36a2cdac615
2026-09-30 17:20:12,954|opType: publish | rt: 32ms | status: success | requestIp: null | dataId: enc.63616e7661732d666f6e74732f49424d506c65784d6f6e6f2d526567756c61722e747466 | group: skill_enc.63616e7661732d64657369676e__enc.302e302e31 | tenant: public | md5: b9a5d1f43f14f071d925f416a00213a0
2026-09-30 17:20:12,957|opType: publish | rt: 11ms | status: success | requestIp: null | dataId: enc.63616e7661732d666f6e74732f506978656c69667953616e732d4f464c2e747874 | group: skill_enc.63616e7661732d64657369676e__enc.302e302e31 | tenant: public | md5: 1f685eb54479bfa39bced4f64798a900
2026-09-30 17:20:12,957|opType: publish | rt: 7ms | status: success | requestIp: null | dataId: enc.63616e7661732d666f6e74732f42696753686f756c646572732d4f464c2e747874 | group: skill_enc.63616e7661732d64657369676e__enc.302e302e31 | tenant: public | md5: db35b3b1166369fabfe18614e67ad0f7
2026-09-30 17:20:12,961|opType: publish | rt: 9ms | status: success | requestIp: null | dataId: enc.63616e7661732d666f6e74732f4e6f7468696e67596f75436f756c64446f2d526567756c61722e747466 | group: skill_enc.63616e7661732d64657369676e__enc.302e302e31 | tenant: public | md5: c8d7857775ee6afd91f969c5d5d5ca58
2026-09-30 17:20:13,012|opType: publish | rt: 31ms | status: success | requestIp: null | dataId: enc.63616e7661732d666f6e74732f444d4d6f6e6f2d526567756c61722e747466 | group: skill_enc.63616e7661732d64657369676e__enc.302e302e31 | tenant: public | md5: 6de69a84e4397aedfeb2c7694731f46e
2026-09-30 17:20:13,015|opType: publish | rt: 35ms | status: success | requestIp: null | dataId: enc.63616e7661732d666f6e74732f42696753686f756c646572732d426f6c642e747466 | group: skill_enc.63616e7661732d64657369676e__enc.302e302e31 | tenant: public | md5: 4c39ecdfc4eca2cddb56e1e3bd7a6806
2026-09-30 17:20:13,027|opType: publish | rt: 42ms | status: success | requestIp: null | dataId: enc.63616e7661732d666f6e74732f4c6f72612d426f6c642e747466 | group: skill_enc.63616e7661732d64657369676e__enc.302e302e31 | tenant: public | md5: 93f3e5ec4b1cff86d51c525e176e4ebf
2026-09-30 17:20:13,076|opType: publish | rt: 5ms | status: success | requestIp: null | dataId: resource_tool-analysis_tool-analysis__json.json | group: agentspec__enc.626c6f636b636861696e2d73656375726974792d61756469746f72__enc.302e302e31 | tenant: public | md5: 0868e087fcae272df6edc5aa11d59b19
2026-09-30 17:20:13,080|opType: publish | rt: 8ms | status: success | requestIp: null | dataId: resource_config_AGENTS__md.json | group: agentspec__enc.626c6f636b636861696e2d73656375726974792d61756469746f72__enc.302e302e31 | tenant: public | md5: a6e223e73a6f057b03e4b3e0ef3df140
2026-09-30 17:20:13,088|opType: publish | rt: 10ms | status: success | requestIp: null | dataId: resource_config_SOUL__md.json | group: agentspec__enc.626c6f636b636861696e2d73656375726974792d61756469746f72__enc.302e302e31 | tenant: public | md5: 62896e4e864c53b1118b75261d874432
2026-09-30 17:20:13,102|opType: publish | rt: 24ms | status: success | requestIp: null | dataId: enc.63616e7661732d666f6e74732f54656b7475722d526567756c61722e747466 | group: skill_enc.63616e7661732d64657369676e__enc.302e302e31 | tenant: public | md5: de2af6c8f8b809aae8a41790b8a5991c
2026-09-30 17:20:13,102|opType: publish | rt: 30ms | status: success | requestIp: null | dataId: enc.63616e7661732d666f6e74732f49424d506c657853657269662d526567756c61722e747466 | group: skill_enc.63616e7661732d64657369676e__enc.302e302e31 | tenant: public | md5: e32dd47815cf080a6141856a41da343c
2026-09-30 17:20:13,137|opType: publish | rt: 6ms | status: success | requestIp: null | dataId: manifest.json | group: agentspec__enc.636f6d706c69616e63652d61756469746f72__enc.302e302e31 | tenant: public | md5: aac2c067d986840f405760acf74a0754
2026-09-30 17:20:13,137|opType: publish | rt: 6ms | status: success | requestIp: null | dataId: resource_config_MEMORY__md.json | group: agentspec__enc.626c6f636b636861696e2d73656375726974792d61756469746f72__enc.302e302e31 | tenant: public | md5: cf0a095a4f3c4d65a9a9ab534e3eeffb
2026-09-30 17:20:13,144|opType: publish | rt: 2ms | status: success | requestIp: null | dataId: resource_crons_jobs__json.json | group: agentspec__enc.636f6d706c69616e63652d61756469746f72__enc.302e302e31 | tenant: public | md5: 3fcbc3863be56c220d3eae953623dbbd
2026-09-30 17:20:13,146|opType: publish | rt: 3ms | status: success | requestIp: null | dataId: resource_config_IDENTITY__md.json | group: agentspec__enc.636f6d706c69616e63652d61756469746f72__enc.302e302e31 | tenant: public | md5: 61e48c16d2c873a71a7990253fc2be67
2026-09-30 17:20:13,153|opType: publish | rt: 4ms | status: success | requestIp: null | dataId: resource_tool-analysis_tool-analysis__json.json | group: agentspec__enc.636f6d706c69616e63652d61756469746f72__enc.302e302e31 | tenant: public | md5: 0f8706b8424458bad22a570427dfc55a
2026-09-30 17:20:13,154|opType: publish | rt: 4ms | status: success | requestIp: null | dataId: resource_config_AGENTS__md.json | group: agentspec__enc.636f6d706c69616e63652d61756469746f72__enc.302e302e31 | tenant: public | md5: a5387279c525c809675eb2f3e1532f17
2026-09-30 17:20:13,155|opType: publish | rt: 12ms | status: success | requestIp: null | dataId: enc.63616e7661732d666f6e74732f4f75746669742d426f6c642e747466 | group: skill_enc.63616e7661732d64657369676e__enc.302e302e31 | tenant: public | md5: 08d281bb75bea50f081d8ca8da422aaa
2026-09-30 17:20:13,157|opType: publish | rt: 3ms | status: success | requestIp: null | dataId: resource_config_SOUL__md.json | group: agentspec__enc.636f6d706c69616e63652d61756469746f72__enc.302e302e31 | tenant: public | md5: 8af2f50b9a5b69a353b6d8b6a103640e
2026-09-30 17:20:13,158|opType: publish | rt: 2ms | status: success | requestIp: null | dataId: enc.63616e7661732d666f6e74732f54656b7475722d4f464c2e747874 | group: skill_enc.63616e7661732d64657369676e__enc.302e302e31 | tenant: public | md5: 40fd22c803f19bfbdb6383598f3bfacb
2026-09-30 17:20:13,163|opType: publish | rt: 4ms | status: success | requestIp: null | dataId: enc.63616e7661732d666f6e74732f4c696272654261736b657276696c6c652d4f464c2e747874 | group: skill_enc.63616e7661732d64657369676e__enc.302e302e31 | tenant: public | md5: 077df2dc77ecd9ca43d6fbc15ed1c0cb
2026-09-30 17:20:13,174|opType: publish | rt: 10ms | status: success | requestIp: null | dataId: enc.63616e7661732d666f6e74732f45726963614f6e652d4f464c2e747874 | group: skill_enc.63616e7661732d64657369676e__enc.302e302e31 | tenant: public | md5: 0312065d0003e7a4ef6a459afd7e1ccb
2026-09-30 17:20:13,182|opType: publish | rt: 23ms | status: success | requestIp: null | dataId: enc.63616e7661732d666f6e74732f4372696d736f6e50726f2d426f6c642e747466 | group: skill_enc.63616e7661732d64657369676e__enc.302e302e31 | tenant: public | md5: e775fb05324ae54e34da070a3756aa13
2026-09-30 17:20:13,246|opType: publish | rt: 28ms | status: success | requestIp: null | dataId: enc.63616e7661732d666f6e74732f49424d506c657853657269662d4974616c69632e747466 | group: skill_enc.63616e7661732d64657369676e__enc.302e302e31 | tenant: public | md5: 270f6909f365b558307235560e24e39e
2026-09-30 17:20:13,247|opType: publish | rt: 17ms | status: success | requestIp: null | dataId: enc.63616e7661732d666f6e74732f4e6174696f6e616c5061726b2d4f464c2e747874 | group: skill_enc.63616e7661732d64657369676e__enc.302e302e31 | tenant: public | md5: 67073750dbf1a5d68e56c4c5ffec8f09
2026-09-30 17:20:13,260|opType: publish | rt: 42ms | status: success | requestIp: null | dataId: enc.63616e7661732d666f6e74732f576f726b53616e732d426f6c642e747466 | group: skill_enc.63616e7661732d64657369676e__enc.302e302e31 | tenant: public | md5: 4380e16da2502bde85ca2f32d24b51f2
2026-09-30 17:20:13,282|opType: publish | rt: 3ms | status: success | requestIp: null | dataId: resource_config_MEMORY__md.json | group: agentspec__enc.636f6d706c69616e63652d61756469746f72__enc.302e302e31 | tenant: public | md5: a4697a6ff0a603d4feb2381f4379cb63
2026-09-30 17:20:13,284|opType: publish | rt: 2ms | status: success | requestIp: null | dataId: manifest.json | group: agentspec__enc.636f72706f726174652d747261696e696e672d64657369676e6572__enc.302e302e31 | tenant: public | md5: 8c0b0632cc6979865035326260167432
2026-09-30 17:20:13,296|opType: publish | rt: 2ms | status: success | requestIp: null | dataId: resource_crons_jobs__json.json | group: agentspec__enc.636f72706f726174652d747261696e696e672d64657369676e6572__enc.302e302e31 | tenant: public | md5: 121875f91085eea3a27d72ddb55b9d29
2026-09-30 17:20:13,311|opType: publish | rt: 4ms | status: success | requestIp: null | dataId: enc.63616e7661732d666f6e74732f596f756e6753657269662d4f464c2e747874 | group: skill_enc.63616e7661732d64657369676e__enc.302e302e31 | tenant: public | md5: fa532d4441344be225f3f46d7ce2aabf
2026-09-30 17:20:13,323|opType: publish | rt: 16ms | status: success | requestIp: null | dataId: enc.63616e7661732d666f6e74732f4372696d736f6e50726f2d526567756c61722e747466 | group: skill_enc.63616e7661732d64657369676e__enc.302e302e31 | tenant: public | md5: cc04e4fb6222977adaa38e97402f2ea6
2026-09-30 17:20:13,343|opType: publish | rt: 2ms | status: success | requestIp: null | dataId: resource_config_IDENTITY__md.json | group: agentspec__enc.636f72706f726174652d747261696e696e672d64657369676e6572__enc.302e302e31 | tenant: public | md5: 35d1663d3ef7ad7dc9fbda0b2e659a1f
2026-09-30 17:20:13,346|opType: publish | rt: 2ms | status: success | requestIp: null | dataId: resource_tool-analysis_tool-analysis__json.json | group: agentspec__enc.636f72706f726174652d747261696e696e672d64657369676e6572__enc.302e302e31 | tenant: public | md5: 6b50f59683eb1f3d3dcbed82ea06b3e4
2026-09-30 17:20:13,347|opType: publish | rt: 1ms | status: success | requestIp: null | dataId: resource_config_AGENTS__md.json | group: agentspec__enc.636f72706f726174652d747261696e696e672d64657369676e6572__enc.302e302e31 | tenant: public | md5: 0d2fef1d2a91cd856d8ffdca1a92f2c2
2026-09-30 17:20:13,349|opType: publish | rt: 1ms | status: success | requestIp: null | dataId: resource_config_SOUL__md.json | group: agentspec__enc.636f72706f726174652d747261696e696e672d64657369676e6572__enc.302e302e31 | tenant: public | md5: 90318d3a0cc0ecf7a4631d2062d224c5
2026-09-30 17:20:13,358|opType: publish | rt: 2ms | status: success | requestIp: null | dataId: resource_config_MEMORY__md.json | group: agentspec__enc.636f72706f726174652d747261696e696e672d64657369676e6572__enc.302e302e31 | tenant: public | md5: 5e87c4af8cdc49511289f773599fe9ca
2026-09-30 17:20:13,361|opType: publish | rt: 2ms | status: success | requestIp: null | dataId: enc.63616e7661732d666f6e74732f4a7572612d4f464c2e747874 | group: skill_enc.63616e7661732d64657369676e__enc.302e302e31 | tenant: public | md5: 227060bfebf7bcf3f924fafa47d1237d
2026-09-30 17:20:13,363|opType: publish | rt: 2ms | status: success | requestIp: null | dataId: manifest.json | group: agentspec__enc.646174612d636f6e736f6c69646174696f6e2d6167656e74__enc.302e302e31 | tenant: public | md5: 28e261690c1df2ba76d40133bb4889db
2026-09-30 17:20:13,366|opType: publish | rt: 4ms | status: success | requestIp: null | dataId: resource_crons_jobs__json.json | group: agentspec__enc.646174612d636f6e736f6c69646174696f6e2d6167656e74__enc.302e302e31 | tenant: public | md5: 0f0469d323defd91344bdddd60e145c4
2026-09-30 17:20:13,387|opType: publish | rt: 25ms | status: success | requestIp: null | dataId: enc.63616e7661732d666f6e74732f4c6f72612d4974616c69632e747466 | group: skill_enc.63616e7661732d64657369676e__enc.302e302e31 | tenant: public | md5: b179f46d14df1d226e122ae3367bb86c
2026-09-30 17:20:13,387|opType: publish | rt: 9ms | status: success | requestIp: null | dataId: enc.63616e7661732d666f6e74732f49424d506c65784d6f6e6f2d4f464c2e747874 | group: skill_enc.63616e7661732d64657369676e__enc.302e302e31 | tenant: public | md5: 30de3a874e3399fc7b9d1bec045d3166
2026-09-30 17:20:13,388|opType: publish | rt: 22ms | status: success | requestIp: null | dataId: enc.63616e7661732d666f6e74732f47656973744d6f6e6f2d526567756c61722e747466 | group: skill_enc.63616e7661732d64657369676e__enc.302e302e31 | tenant: public | md5: 6c814341478d29bbd0d2655dddfda92f
2026-09-30 17:20:13,388|opType: publish | rt: 2ms | status: success | requestIp: null | dataId: enc.63616e7661732d666f6e74732f426f6c646f6e73652d4f464c2e747874 | group: skill_enc.63616e7661732d64657369676e__enc.302e302e31 | tenant: public | md5: fd1bd9bdc739431ca190a2178b29fe2e
2026-09-30 17:20:13,463|opType: publish | rt: 4ms | status: success | requestIp: null | dataId: enc.63616e7661732d666f6e74732f417273656e616c53432d4f464c2e747874 | group: skill_enc.63616e7661732d64657369676e__enc.302e302e31 | tenant: public | md5: 6ba27859bff46d6040ce48e164b2b6b5
2026-09-30 17:20:13,493|opType: publish | rt: 37ms | status: success | requestIp: null | dataId: enc.63616e7661732d666f6e74732f4c6f72612d526567756c61722e747466 | group: skill_enc.63616e7661732d64657369676e__enc.302e302e31 | tenant: public | md5: 455ec0ca77118688bc805ac54e189ca5
2026-09-30 17:20:13,493|opType: publish | rt: 9ms | status: success | requestIp: null | dataId: resource_config_IDENTITY__md.json | group: agentspec__enc.646174612d636f6e736f6c69646174696f6e2d6167656e74__enc.302e302e31 | tenant: public | md5: 07d513b223ea05dfa3b3ed12b974aada
2026-09-30 17:20:13,494|opType: publish | rt: 8ms | status: success | requestIp: null | dataId: resource_tool-analysis_tool-analysis__json.json | group: agentspec__enc.646174612d636f6e736f6c69646174696f6e2d6167656e74__enc.302e302e31 | tenant: public | md5: 31ceed7b665284de3607855d0bd630d2
2026-09-30 17:20:13,494|opType: publish | rt: 31ms | status: success | requestIp: null | dataId: enc.63616e7661732d666f6e74732f54656b7475722d4d656469756d2e747466 | group: skill_enc.63616e7661732d64657369676e__enc.302e302e31 | tenant: public | md5: ddee36a2b2e4b6f4b156bf9a77de7d03
2026-09-30 17:20:13,500|opType: publish | rt: 2ms | status: success | requestIp: null | dataId: resource_config_AGENTS__md.json | group: agentspec__enc.646174612d636f6e736f6c69646174696f6e2d6167656e74__enc.302e302e31 | tenant: public | md5: d4ce07faf756f28773be5220a82b02ae
2026-09-30 17:20:13,533|opType: publish | rt: 18ms | status: success | requestIp: null | dataId: enc.63616e7661732d666f6e74732f596f756e6753657269662d526567756c61722e747466 | group: skill_enc.63616e7661732d64657369676e__enc.302e302e31 | tenant: public | md5: ae467ce799ea37cfb00348d7cfbef229
2026-09-30 17:20:13,538|opType: publish | rt: 10ms | status: success | requestIp: null | dataId: enc.63616e7661732d666f6e74732f53696c6b73637265656e2d526567756c61722e747466 | group: skill_enc.63616e7661732d64657369676e__enc.302e302e31 | tenant: public | md5: b4847e8b987effa242f20f2220356105
2026-09-30 17:20:13,551|opType: publish | rt: 4ms | status: success | requestIp: null | dataId: resource_config_SOUL__md.json | group: agentspec__enc.646174612d636f6e736f6c69646174696f6e2d6167656e74__enc.302e302e31 | tenant: public | md5: e8207d5b2d56d1717340aad3f6af0c74
2026-09-30 17:20:13,567|opType: publish | rt: 7ms | status: success | requestIp: null | dataId: manifest.json | group: agentspec__enc.64657369676e2d6272616e642d677561726469616e__enc.302e302e31 | tenant: public | md5: 2dfbb5c20a79b1186c19485a939e90a1
2026-09-30 17:20:13,568|opType: publish | rt: 9ms | status: success | requestIp: null | dataId: resource_config_MEMORY__md.json | group: agentspec__enc.646174612d636f6e736f6c69646174696f6e2d6167656e74__enc.302e302e31 | tenant: public | md5: 40a8e6dad728e398f7cd338a6ae6ae55
2026-09-30 17:20:13,570|opType: publish | rt: 5ms | status: success | requestIp: null | dataId: resource_crons_jobs__json.json | group: agentspec__enc.64657369676e2d6272616e642d677561726469616e__enc.302e302e31 | tenant: public | md5: 66099909817416c38146ad69e4deb09b
2026-09-30 17:20:13,572|opType: publish | rt: 3ms | status: success | requestIp: null | dataId: resource_config_IDENTITY__md.json | group: agentspec__enc.64657369676e2d6272616e642d677561726469616e__enc.302e302e31 | tenant: public | md5: 920f08e619564c8636c459c3839579e0
2026-09-30 17:20:13,575|opType: publish | rt: 3ms | status: success | requestIp: null | dataId: enc.63616e7661732d666f6e74732f536d6f6f636853616e732d4f464c2e747874 | group: skill_enc.63616e7661732d64657369676e__enc.302e302e31 | tenant: public | md5: da377dd00a998b32d88274b2b17c64be
2026-09-30 17:20:13,575|opType: publish | rt: 2ms | status: success | requestIp: null | dataId: resource_tool-analysis_tool-analysis__json.json | group: agentspec__enc.64657369676e2d6272616e642d677561726469616e__enc.302e302e31 | tenant: public | md5: 5727592623d688f1428637e6e0500c49
2026-09-30 17:20:13,575|opType: publish | rt: 3ms | status: success | requestIp: null | dataId: resource_config_AGENTS__md.json | group: agentspec__enc.64657369676e2d6272616e642d677561726469616e__enc.302e302e31 | tenant: public | md5: ff2db9bf3efcfcb49a085f9f5dc3acb3
2026-09-30 17:20:13,634|opType: publish | rt: 40ms | status: success | requestIp: null | dataId: enc.63616e7661732d666f6e74732f496e737472756d656e7453616e732d4f464c2e747874 | group: skill_enc.63616e7661732d64657369676e__enc.302e302e31 | tenant: public | md5: 35856d470a6adf5d5c4a9bcdfd659bcc
2026-09-30 17:20:13,638|opType: publish | rt: 48ms | status: success | requestIp: null | dataId: enc.63616e7661732d666f6e74732f426f6c646f6e73652d526567756c61722e747466 | group: skill_enc.63616e7661732d64657369676e__enc.302e302e31 | tenant: public | md5: 03f0f20b1637c4023eef8f6401ba92f4
2026-09-30 17:20:13,643|opType: publish | rt: 52ms | status: success | requestIp: null | dataId: enc.63616e7661732d666f6e74732f496e737472756d656e7453616e732d426f6c644974616c69632e747466 | group: skill_enc.63616e7661732d64657369676e__enc.302e302e31 | tenant: public | md5: 705ed574a9563b878938916042f24621
2026-09-30 17:20:13,648|opType: publish | rt: 55ms | status: success | requestIp: null | dataId: enc.63616e7661732d666f6e74732f496e737472756d656e7453616e732d4974616c69632e747466 | group: skill_enc.63616e7661732d64657369676e__enc.302e302e31 | tenant: public | md5: 30723de4cd0c386c045f94a987ccff82
2026-09-30 17:20:13,670|opType: publish | rt: 4ms | status: success | requestIp: null | dataId: SKILL.md | group: skill_enc.636c617564652d617069__enc.302e302e31 | tenant: public | md5: 541a3615bffa2238d76efbff4fa60d6b
2026-09-30 17:20:13,699|opType: publish | rt: 3ms | status: success | requestIp: null | dataId: enc.7068702f636c617564652d6170692e6d64 | group: skill_enc.636c617564652d617069__enc.302e302e31 | tenant: public | md5: 514a49420c2583a5b4306a54366f701c
2026-09-30 17:20:13,699|opType: publish | rt: 2ms | status: success | requestIp: null | dataId: enc.727562792f636c617564652d6170692e6d64 | group: skill_enc.636c617564652d617069__enc.302e302e31 | tenant: public | md5: 144f7c8765f9b4739165fe956c8751a8
2026-09-30 17:20:13,700|opType: publish | rt: 2ms | status: success | requestIp: null | dataId: resource_config_SOUL__md.json | group: agentspec__enc.64657369676e2d6272616e642d677561726469616e__enc.302e302e31 | tenant: public | md5: dffe569f1487ed7e51c43aca7ab20b3a
2026-09-30 17:20:13,701|opType: publish | rt: 1ms | status: success | requestIp: null | dataId: resource_config_MEMORY__md.json | group: agentspec__enc.64657369676e2d6272616e642d677561726469616e__enc.302e302e31 | tenant: public | md5: b29e0f9aa05168b006aeb2e90dec162d
2026-09-30 17:20:13,704|opType: publish | rt: 2ms | status: success | requestIp: null | dataId: manifest.json | group: agentspec__enc.64657369676e2d696d6167652d70726f6d70742d656e67696e656572__enc.302e302e31 | tenant: public | md5: 9729f86cb734be9c6c9d106539acbd54
2026-09-30 17:20:13,739|opType: publish | rt: 2ms | status: success | requestIp: null | dataId: enc.747970657363726970742f636c617564652d6170692f73747265616d696e672e6d64 | group: skill_enc.636c617564652d617069__enc.302e302e31 | tenant: public | md5: 35b185829deecbff2afc688959dcd748
2026-09-30 17:20:13,743|opType: publish | rt: 3ms | status: success | requestIp: null | dataId: LICENSE.txt | group: skill_enc.636c617564652d617069__enc.302e302e31 | tenant: public | md5: 175792518e4ac015ab6696d16c4f607e
2026-09-30 17:20:13,763|opType: publish | rt: 7ms | status: success | requestIp: null | dataId: resource_crons_jobs__json.json | group: agentspec__enc.64657369676e2d696d6167652d70726f6d70742d656e67696e656572__enc.302e302e31 | tenant: public | md5: ceadc5a48c9e1bded5757fc8befef42e
2026-09-30 17:20:13,779|opType: publish | rt: 3ms | status: success | requestIp: null | dataId: resource_config_AGENTS__md.json | group: agentspec__enc.64657369676e2d696d6167652d70726f6d70742d656e67696e656572__enc.302e302e31 | tenant: public | md5: d987b4af6eb3d74c418a234abb798681
2026-09-30 17:20:13,780|opType: publish | rt: 4ms | status: success | requestIp: null | dataId: resource_config_IDENTITY__md.json | group: agentspec__enc.64657369676e2d696d6167652d70726f6d70742d656e67696e656572__enc.302e302e31 | tenant: public | md5: 54654f001619caa599ea61e26c7e3bf2
2026-09-30 17:20:13,782|opType: publish | rt: 4ms | status: success | requestIp: null | dataId: resource_tool-analysis_tool-analysis__json.json | group: agentspec__enc.64657369676e2d696d6167652d70726f6d70742d656e67696e656572__enc.302e302e31 | tenant: public | md5: a679d3ebb0648ecaeb5898a5bcc7e365
2026-09-30 17:20:13,783|opType: publish | rt: 2ms | status: success | requestIp: null | dataId: resource_config_MEMORY__md.json | group: agentspec__enc.64657369676e2d696d6167652d70726f6d70742d656e67696e656572__enc.302e302e31 | tenant: public | md5: 40816d49a8788f0cd2c3011ecb686bb8
2026-09-30 17:20:13,784|opType: publish | rt: 5ms | status: success | requestIp: null | dataId: resource_config_SOUL__md.json | group: agentspec__enc.64657369676e2d696d6167652d70726f6d70742d656e67696e656572__enc.302e302e31 | tenant: public | md5: 399969d11ea064913af84dfa47c2017e
2026-09-30 17:20:13,786|opType: publish | rt: 4ms | status: success | requestIp: null | dataId: enc.6373686172702f636c617564652d6170692e6d64 | group: skill_enc.636c617564652d617069__enc.302e302e31 | tenant: public | md5: fcc7b57e00dbd6b9519ce66ced361c04
2026-09-30 17:20:13,787|opType: publish | rt: 3ms | status: success | requestIp: null | dataId: manifest.json | group: agentspec__enc.64657369676e2d696e636c75736976652d76697375616c732d7370656369616c697374__enc.302e302e31 | tenant: public | md5: 88c2d168499dfe19ea5795966d750b25
2026-09-30 17:20:13,885|opType: publish | rt: 20ms | status: success | requestIp: null | dataId: enc.7368617265642f70726f6d70742d63616368696e672e6d64 | group: skill_enc.636c617564652d617069__enc.302e302e31 | tenant: public | md5: 04ec307a8225dc5213492ee84dd9066b
2026-09-30 17:20:13,898|opType: publish | rt: 18ms | status: success | requestIp: null | dataId: enc.707974686f6e2f6167656e742d73646b2f7061747465726e732e6d64 | group: skill_enc.636c617564652d617069__enc.302e302e31 | tenant: public | md5: 138db04b910560e1bc4a27c6f77d7293
2026-09-30 17:20:13,900|opType: publish | rt: 19ms | status: success | requestIp: null | dataId: enc.747970657363726970742f636c617564652d6170692f524541444d452e6d64 | group: skill_enc.636c617564652d617069__enc.302e302e31 | tenant: public | md5: 53d99ecab18cd1ec6a914e5f94c0a1a4
2026-09-30 17:20:13,902|opType: publish | rt: 13ms | status: success | requestIp: null | dataId: enc.747970657363726970742f6167656e742d73646b2f524541444d452e6d64 | group: skill_enc.636c617564652d617069__enc.302e302e31 | tenant: public | md5: dfe5c7b5b164fb853f19428860b93f3b
2026-09-30 17:20:13,909|opType: publish | rt: 6ms | status: success | requestIp: null | dataId: enc.7368617265642f6d6f64656c732e6d64 | group: skill_enc.636c617564652d617069__enc.302e302e31 | tenant: public | md5: 2c6a4e0dda1b94357e9bafbe340aa8e7
2026-09-30 17:20:13,914|opType: publish | rt: 5ms | status: success | requestIp: null | dataId: enc.747970657363726970742f636c617564652d6170692f626174636865732e6d64 | group: skill_enc.636c617564652d617069__enc.302e302e31 | tenant: public | md5: d4e2019e2a22fda2eab6c89ba47e8f4a
2026-09-30 17:20:13,919|opType: publish | rt: 7ms | status: success | requestIp: null | dataId: enc.707974686f6e2f636c617564652d6170692f626174636865732e6d64 | group: skill_enc.636c617564652d617069__enc.302e302e31 | tenant: public | md5: 579aac54ed7bd943691f639fd68d4852
2026-09-30 17:20:13,921|opType: publish | rt: 8ms | status: success | requestIp: null | dataId: resource_crons_jobs__json.json | group: agentspec__enc.64657369676e2d696e636c75736976652d76697375616c732d7370656369616c697374__enc.302e302e31 | tenant: public | md5: ce9e8dbc730b62e7baba843da42d6ffa
2026-09-30 17:20:13,921|opType: publish | rt: 6ms | status: success | requestIp: null | dataId: resource_config_IDENTITY__md.json | group: agentspec__enc.64657369676e2d696e636c75736976652d76697375616c732d7370656369616c697374__enc.302e302e31 | tenant: public | md5: 324f7cd5fd11023781a6fe28da1a86bf
2026-09-30 17:20:13,922|opType: publish | rt: 3ms | status: success | requestIp: null | dataId: resource_tool-analysis_tool-analysis__json.json | group: agentspec__enc.64657369676e2d696e636c75736976652d76697375616c732d7370656369616c697374__enc.302e302e31 | tenant: public | md5: 189b8052eefa1c6b340f34d55ef74d2e
2026-09-30 17:20:13,925|opType: publish | rt: 9ms | status: success | requestIp: null | dataId: skill_index.json | group: skill_canvas-design | tenant: public | md5: 065dd3405a02e2f6120578ade7304cb6
2026-09-30 17:20:13,946|opType: publish | rt: 3ms | status: success | requestIp: null | dataId: enc.747970657363726970742f6167656e742d73646b2f7061747465726e732e6d64 | group: skill_enc.636c617564652d617069__enc.302e302e31 | tenant: public | md5: 15e1848f44e0f9d9f07755461af8e3c6
2026-09-30 17:20:13,949|opType: publish | rt: 3ms | status: success | requestIp: null | dataId: enc.6a6176612f636c617564652d6170692e6d64 | group: skill_enc.636c617564652d617069__enc.302e302e31 | tenant: public | md5: 2bfcb34910e59c1d9609599f04317092
2026-09-30 17:20:13,972|opType: publish | rt: 4ms | status: success | requestIp: null | dataId: resource_config_AGENTS__md.json | group: agentspec__enc.64657369676e2d696e636c75736976652d76697375616c732d7370656369616c697374__enc.302e302e31 | tenant: public | md5: 0e264b6fb704481b8f8280046a2a1121
2026-09-30 17:20:14,024|opType: publish | rt: 10ms | status: success | requestIp: null | dataId: resource_config_MEMORY__md.json | group: agentspec__enc.64657369676e2d696e636c75736976652d76697375616c732d7370656369616c697374__enc.302e302e31 | tenant: public | md5: 42fc90777944d46b1885317337834f9c
2026-09-30 17:20:14,029|opType: publish | rt: 9ms | status: success | requestIp: null | dataId: resource_config_SOUL__md.json | group: agentspec__enc.64657369676e2d696e636c75736976652d76697375616c732d7370656369616c697374__enc.302e302e31 | tenant: public | md5: 3d24ede508bbefb293b6e6dafe891289
2026-09-30 17:20:14,030|opType: publish | rt: 4ms | status: success | requestIp: null | dataId: resource_config_IDENTITY__md.json | group: agentspec__enc.64657369676e2d75692d64657369676e6572__enc.302e302e31 | tenant: public | md5: 771ec7d11108390ab1f742fe70f657c7
2026-09-30 17:20:14,034|opType: publish | rt: 10ms | status: success | requestIp: null | dataId: resource_crons_jobs__json.json | group: agentspec__enc.64657369676e2d75692d64657369676e6572__enc.302e302e31 | tenant: public | md5: 4231809ccb0890e96e51b1c44977572d
2026-09-30 17:20:14,039|opType: publish | rt: 12ms | status: success | requestIp: null | dataId: manifest.json | group: agentspec__enc.64657369676e2d75692d64657369676e6572__enc.302e302e31 | tenant: public | md5: 9432d7b9501f615a5745abc763db9a34
2026-09-30 17:20:14,040|opType: publish | rt: 10ms | status: success | requestIp: null | dataId: enc.676f2f636c617564652d6170692e6d64 | group: skill_enc.636c617564652d617069__enc.302e302e31 | tenant: public | md5: c90c034f9dc5bf238bd415a1f5cdcf1b
2026-09-30 17:20:14,043|opType: publish | rt: 7ms | status: success | requestIp: null | dataId: resource_tool-analysis_tool-analysis__json.json | group: agentspec__enc.64657369676e2d75692d64657369676e6572__enc.302e302e31 | tenant: public | md5: 723012802531303e64616e225ff1baae
2026-09-30 17:20:14,093|opType: publish | rt: 4ms | status: success | requestIp: null | dataId: enc.707974686f6e2f636c617564652d6170692f524541444d452e6d64 | group: skill_enc.636c617564652d617069__enc.302e302e31 | tenant: public | md5: 9ccdadce18ceacd5090e5c850eafba9d
2026-09-30 17:20:14,107|opType: publish | rt: 3ms | status: success | requestIp: null | dataId: enc.707974686f6e2f636c617564652d6170692f66696c65732d6170692e6d64 | group: skill_enc.636c617564652d617069__enc.302e302e31 | tenant: public | md5: 2936a192ed174fe70baf6bc4b6eba62d
2026-09-30 17:20:14,107|opType: publish | rt: 2ms | status: success | requestIp: null | dataId: enc.747970657363726970742f636c617564652d6170692f746f6f6c2d7573652e6d64 | group: skill_enc.636c617564652d617069__enc.302e302e31 | tenant: public | md5: ce256d56c880a741aee1db42a5caf35e
2026-09-30 17:20:14,107|opType: publish | rt: 1ms | status: success | requestIp: null | dataId: enc.747970657363726970742f636c617564652d6170692f66696c65732d6170692e6d64 | group: skill_enc.636c617564652d617069__enc.302e302e31 | tenant: public | md5: 5d926dae5a33d7625fd56f3365d5fe28
2026-09-30 17:20:14,114|opType: publish | rt: 2ms | status: success | requestIp: null | dataId: enc.6375726c2f6578616d706c65732e6d64 | group: skill_enc.636c617564652d617069__enc.302e302e31 | tenant: public | md5: f909df14b98c6f0ec247992fc069c5f2
2026-09-30 17:20:14,127|opType: publish | rt: 8ms | status: success | requestIp: null | dataId: enc.707974686f6e2f6167656e742d73646b2f524541444d452e6d64 | group: skill_enc.636c617564652d617069__enc.302e302e31 | tenant: public | md5: 815b370c197d6794c3a05b37aa182793
2026-09-30 17:20:14,138|opType: publish | rt: 5ms | status: success | requestIp: null | dataId: enc.7368617265642f6572726f722d636f6465732e6d64 | group: skill_enc.636c617564652d617069__enc.302e302e31 | tenant: public | md5: 9e6cd0a0e8411da45aac64b2f2d35983
2026-09-30 17:20:14,138|opType: publish | rt: 4ms | status: success | requestIp: null | dataId: resource_config_MEMORY__md.json | group: agentspec__enc.64657369676e2d75692d64657369676e6572__enc.302e302e31 | tenant: public | md5: 63f02a9c5c17c911264a47e8b5f85563
2026-09-30 17:20:14,145|opType: publish | rt: 8ms | status: success | requestIp: null | dataId: resource_config_SOUL__md.json | group: agentspec__enc.64657369676e2d75692d64657369676e6572__enc.302e302e31 | tenant: public | md5: ed27fd37d69f8b9d1f51575d2c097c81
2026-09-30 17:20:14,146|opType: publish | rt: 7ms | status: success | requestIp: null | dataId: resource_config_AGENTS__md.json | group: agentspec__enc.64657369676e2d75692d64657369676e6572__enc.302e302e31 | tenant: public | md5: 4b4ea05122787ec7eb95e87cad59aaaa
2026-09-30 17:20:14,154|opType: publish | rt: 5ms | status: success | requestIp: null | dataId: enc.7368617265642f746f6f6c2d7573652d636f6e63657074732e6d64 | group: skill_enc.636c617564652d617069__enc.302e302e31 | tenant: public | md5: 69edee74206dc136eacb9869736f4604
2026-09-30 17:20:14,158|opType: publish | rt: 7ms | status: success | requestIp: null | dataId: enc.7368617265642f6c6976652d736f75726365732e6d64 | group: skill_enc.636c617564652d617069__enc.302e302e31 | tenant: public | md5: d125d3e4e6e4cfbe66efc46904069972
2026-09-30 17:20:14,177|opType: publish | rt: 2ms | status: success | requestIp: null | dataId: manifest.json | group: agentspec__enc.64657369676e2d75782d617263686974656374__enc.302e302e31 | tenant: public | md5: 8630d0110e3b563f1f00d1ef45d74b78
2026-09-30 17:20:14,236|opType: publish | rt: 6ms | status: success | requestIp: null | dataId: resource_crons_jobs__json.json | group: agentspec__enc.64657369676e2d75782d617263686974656374__enc.302e302e31 | tenant: public | md5: 93935d7ad4c000498c873038f049d2b2
2026-09-30 17:20:14,239|opType: publish | rt: 3ms | status: success | requestIp: null | dataId: resource_config_IDENTITY__md.json | group: agentspec__enc.64657369676e2d75782d617263686974656374__enc.302e302e31 | tenant: public | md5: 64a8eff8aeb4f585057027cd53c85b5c
2026-09-30 17:20:14,240|opType: publish | rt: 2ms | status: success | requestIp: null | dataId: resource_tool-analysis_tool-analysis__json.json | group: agentspec__enc.64657369676e2d75782d617263686974656374__enc.302e302e31 | tenant: public | md5: 78ce59ef0118723f16d084f28712a9f5
2026-09-30 17:20:14,241|opType: publish | rt: 2ms | status: success | requestIp: null | dataId: resource_config_AGENTS__md.json | group: agentspec__enc.64657369676e2d75782d617263686974656374__enc.302e302e31 | tenant: public | md5: 59b8366797425f3e8ddc46861b7e97e8
2026-09-30 17:20:14,243|opType: publish | rt: 2ms | status: success | requestIp: null | dataId: resource_config_SOUL__md.json | group: agentspec__enc.64657369676e2d75782d617263686974656374__enc.302e302e31 | tenant: public | md5: 07b5b3413db064e2751a027ae566efe2
2026-09-30 17:20:14,247|opType: publish | rt: 4ms | status: success | requestIp: null | dataId: enc.707974686f6e2f636c617564652d6170692f746f6f6c2d7573652e6d64 | group: skill_enc.636c617564652d617069__enc.302e302e31 | tenant: public | md5: 6a642ffbe55c511a8ac94e32efb00878
2026-09-30 17:20:14,258|opType: publish | rt: 10ms | status: success | requestIp: null | dataId: resource_config_MEMORY__md.json | group: agentspec__enc.64657369676e2d75782d617263686974656374__enc.302e302e31 | tenant: public | md5: 19d6bf1c03632eedfdc8487b8ce23d05
2026-09-30 17:20:14,313|opType: publish | rt: 16ms | status: success | requestIp: null | dataId: enc.707974686f6e2f636c617564652d6170692f73747265616d696e672e6d64 | group: skill_enc.636c617564652d617069__enc.302e302e31 | tenant: public | md5: 454056f566967acb17e473432dbfab2f
2026-09-30 17:20:14,359|opType: publish | rt: 21ms | status: success | requestIp: null | dataId: SKILL.md | group: skill_enc.646f6378__enc.302e302e31 | tenant: public | md5: 234db318722c19c813cc2306f86fa5e8
2026-09-30 17:20:14,363|opType: publish | rt: 19ms | status: success | requestIp: null | dataId: enc.736372697074732f6f66666963652f736368656d61732f65636d612f666f7574682d65646974696f6e2f6f70632d6469675369672e787364 | group: skill_enc.646f6378__enc.302e302e31 | tenant: public | md5: 9d845fe13cbd7ee8526c4ad2cc6eaff4
2026-09-30 17:20:14,370|opType: publish | rt: 6ms | status: success | requestIp: null | dataId: enc.736372697074732f6f66666963652f76616c696461746f72732f5f5f696e69745f5f2e7079 | group: skill_enc.646f6378__enc.302e302e31 | tenant: public | md5: 9577920dc811fff9762a96d4095d95e5
2026-09-30 17:20:14,370|opType: publish | rt: 6ms | status: success | requestIp: null | dataId: SKILL.md | group: skill_enc.646f632d636f617574686f72696e67__enc.302e302e31 | tenant: public | md5: 933f901ad1280d857b0c6a46b7d2de2c
2026-09-30 17:20:14,370|opType: publish | rt: 4ms | status: success | requestIp: null | dataId: enc.736372697074732f636f6d6d656e742e7079 | group: skill_enc.646f6378__enc.302e302e31 | tenant: public | md5: 395d53e6f7465ef684ff28205dc5f9d6
2026-09-30 17:20:14,371|opType: publish | rt: 4ms | status: success | requestIp: null | dataId: manifest.json | group: agentspec__enc.64657369676e2d75782d72657365617263686572__enc.302e302e31 | tenant: public | md5: 11435420fb1d4adeb06b652949a4aca0
2026-09-30 17:20:14,371|opType: publish | rt: 4ms | status: success | requestIp: null | dataId: resource_crons_jobs__json.json | group: agentspec__enc.64657369676e2d75782d72657365617263686572__enc.302e302e31 | tenant: public | md5: deb4d83afbdd0e2e853ff1458e74ae0e
2026-09-30 17:20:14,372|opType: publish | rt: 5ms | status: success | requestIp: null | dataId: resource_config_IDENTITY__md.json | group: agentspec__enc.64657369676e2d75782d72657365617263686572__enc.302e302e31 | tenant: public | md5: d9e82ab587f6615ff9adcad58ee56578
2026-09-30 17:20:14,372|opType: publish | rt: 6ms | status: success | requestIp: null | dataId: LICENSE.txt | group: skill_enc.646f6378__enc.302e302e31 | tenant: public | md5: f8515c3694eb11622110ca76c7c15d1b
2026-09-30 17:20:14,373|opType: publish | rt: 2ms | status: success | requestIp: null | dataId: enc.736372697074732f6f66666963652f736368656d61732f6d6963726f736f66742f776d6c2d6365782d323031382e787364 | group: skill_enc.646f6378__enc.302e302e31 | tenant: public | md5: 0a234e24eaab261b4faf591b9d7905fb
2026-09-30 17:20:14,373|opType: publish | rt: 1ms | status: success | requestIp: null | dataId: enc.736372697074732f74656d706c617465732f636f6d6d656e74732e786d6c | group: skill_enc.646f6378__enc.302e302e31 | tenant: public | md5: 1887976243b7506179ad19af95f3fad4
2026-09-30 17:20:14,382|opType: publish | rt: 2ms | status: success | requestIp: null | dataId: resource_tool-analysis_tool-analysis__json.json | group: agentspec__enc.64657369676e2d75782d72657365617263686572__enc.302e302e31 | tenant: public | md5: dc19fbebc040593e96bb3bfcf7ac189b
2026-09-30 17:20:14,444|opType: publish | rt: 2ms | status: success | requestIp: null | dataId: resource_config_AGENTS__md.json | group: agentspec__enc.64657369676e2d75782d72657365617263686572__enc.302e302e31 | tenant: public | md5: f152347125ac26135ec5e957ccaba074
2026-09-30 17:20:14,446|opType: publish | rt: 3ms | status: success | requestIp: null | dataId: resource_config_SOUL__md.json | group: agentspec__enc.64657369676e2d75782d72657365617263686572__enc.302e302e31 | tenant: public | md5: e404a9d8a1e57fa36708d5faabcbbf65
2026-09-30 17:20:14,448|opType: publish | rt: 4ms | status: success | requestIp: null | dataId: resource_config_MEMORY__md.json | group: agentspec__enc.64657369676e2d75782d72657365617263686572__enc.302e302e31 | tenant: public | md5: 6dc44d52dff40b53b682680bf4ddc133
2026-09-30 17:20:14,449|opType: publish | rt: 5ms | status: success | requestIp: null | dataId: manifest.json | group: agentspec__enc.64657369676e2d76697375616c2d73746f727974656c6c6572__enc.302e302e31 | tenant: public | md5: d17efc9bee2c1885dd885035f3ec9d02
2026-09-30 17:20:14,449|opType: publish | rt: 2ms | status: success | requestIp: null | dataId: resource_crons_jobs__json.json | group: agentspec__enc.64657369676e2d76697375616c2d73746f727974656c6c6572__enc.302e302e31 | tenant: public | md5: 1b04792de4a3467c3e80ce7c3f8982d7
2026-09-30 17:20:14,474|opType: publish | rt: 8ms | status: success | requestIp: null | dataId: resource_config_IDENTITY__md.json | group: agentspec__enc.64657369676e2d76697375616c2d73746f727974656c6c6572__enc.302e302e31 | tenant: public | md5: 54ce2e14149128ce56d742aaf728c71b
2026-09-30 17:20:14,475|opType: publish | rt: 25ms | status: success | requestIp: null | dataId: enc.736372697074732f6f66666963652f736368656d61732f49534f2d49454332393530302d345f323031362f646d6c2d6d61696e2e787364 | group: skill_enc.646f6378__enc.302e302e31 | tenant: public | md5: 3f7ce9be7913e9b2f671973348d53c7a
2026-09-30 17:20:14,525|opType: publish | rt: 2ms | status: success | requestIp: null | dataId: enc.736372697074732f74656d706c617465732f636f6d6d656e7473457874656e6465642e786d6c | group: skill_enc.646f6378__enc.302e302e31 | tenant: public | md5: 39bd651f7662a0092852156135a7d0ae
2026-09-30 17:20:14,526|opType: publish | rt: 1ms | status: success | requestIp: null | dataId: skill_index.json | group: skill_claude-api | tenant: public | md5: 28bc55e39ae0193f86c8b09df0c9c870
2026-09-30 17:20:14,576|opType: publish | rt: 4ms | status: success | requestIp: null | dataId: enc.736372697074732f6f66666963652f76616c696461746f72732f7265646c696e696e672e7079 | group: skill_enc.646f6378__enc.302e302e31 | tenant: public | md5: b2306b0d59975cfbb1325a6c2de3a771
2026-09-30 17:20:14,577|opType: publish | rt: 6ms | status: success | requestIp: null | dataId: enc.736372697074732f6f66666963652f736368656d61732f49534f2d49454332393530302d345f323031362f7368617265642d6d6174682e787364 | group: skill_enc.646f6378__enc.302e302e31 | tenant: public | md5: 94871ac4677c12091c74e5dd28ae7bbd
2026-09-30 17:20:14,579|opType: publish | rt: 4ms | status: success | requestIp: null | dataId: enc.736372697074732f6f66666963652f76616c696461746f72732f646f63782e7079 | group: skill_enc.646f6378__enc.302e302e31 | tenant: public | md5: dae6866b59e1066a69f7695fb106c798
2026-09-30 17:20:14,579|opType: publish | rt: 4ms | status: success | requestIp: null | dataId: enc.736372697074732f6f66666963652f76616c69646174652e7079 | group: skill_enc.646f6378__enc.302e302e31 | tenant: public | md5: 918f544445da78a3a8927aeb4b75c2f5
2026-09-30 17:20:14,580|opType: publish | rt: 3ms | status: success | requestIp: null | dataId: skill_index.json | group: skill_doc-coauthoring | tenant: public | md5: a954ba25a6022882637d1312aa486859
2026-09-30 17:20:14,581|opType: publish | rt: 3ms | status: success | requestIp: null | dataId: resource_config_SOUL__md.json | group: agentspec__enc.64657369676e2d76697375616c2d73746f727974656c6c6572__enc.302e302e31 | tenant: public | md5: c733ac7adef84d1a0098ed9b85a5d8a3
2026-09-30 17:20:14,582|opType: publish | rt: 3ms | status: success | requestIp: null | dataId: resource_tool-analysis_tool-analysis__json.json | group: agentspec__enc.64657369676e2d76697375616c2d73746f727974656c6c6572__enc.302e302e31 | tenant: public | md5: 912be72361dff23cbee22dcbc6329c76
2026-09-30 17:20:14,583|opType: publish | rt: 3ms | status: success | requestIp: null | dataId: resource_config_AGENTS__md.json | group: agentspec__enc.64657369676e2d76697375616c2d73746f727974656c6c6572__enc.302e302e31 | tenant: public | md5: 2972ce070bbf8f1dc7c815be2b72eff8
2026-09-30 17:20:14,584|opType: publish | rt: 2ms | status: success | requestIp: null | dataId: enc.736372697074732f6f66666963652f68656c706572732f73696d706c6966795f7265646c696e65732e7079 | group: skill_enc.646f6378__enc.302e302e31 | tenant: public | md5: 27067501a5bad066bd22891d8b6ee040
2026-09-30 17:20:14,585|opType: publish | rt: 4ms | status: success | requestIp: null | dataId: enc.736372697074732f6f66666963652f68656c706572732f6d657267655f72756e732e7079 | group: skill_enc.646f6378__enc.302e302e31 | tenant: public | md5: 50d4546be7e221a5fd8620eea68d50d9
2026-09-30 17:20:14,586|opType: publish | rt: 3ms | status: success | requestIp: null | dataId: enc.736372697074732f6f66666963652f736368656d61732f49534f2d49454332393530302d345f323031362f766d6c2d737072656164736865657444726177696e672e787364 | group: skill_enc.646f6378__enc.302e302e31 | tenant: public | md5: f35f25b251fc0c301476cbbbc4919beb
2026-09-30 17:20:14,591|opType: publish | rt: 7ms | status: success | requestIp: null | dataId: enc.736372697074732f6f66666963652f736368656d61732f49534f2d49454332393530302d345f323031362f646d6c2d737072656164736865657444726177696e672e787364 | group: skill_enc.646f6378__enc.302e302e31 | tenant: public | md5: bc7e1640a33e0ca1f35cb2016510e916
2026-09-30 17:20:14,591|opType: publish | rt: 6ms | status: success | requestIp: null | dataId: resource_config_MEMORY__md.json | group: agentspec__enc.64657369676e2d76697375616c2d73746f727974656c6c6572__enc.302e302e31 | tenant: public | md5: 5776ad4554808833b139d5fe8e307b60
2026-09-30 17:20:14,649|opType: publish | rt: 2ms | status: success | requestIp: null | dataId: manifest.json | group: agentspec__enc.64657369676e2d7768696d73792d696e6a6563746f72__enc.302e302e31 | tenant: public | md5: 2970e2b0c198ed38930e6cbe2e40de07
2026-09-30 17:20:14,651|opType: publish | rt: 1ms | status: success | requestIp: null | dataId: resource_crons_jobs__json.json | group: agentspec__enc.64657369676e2d7768696d73792d696e6a6563746f72__enc.302e302e31 | tenant: public | md5: 7066fee93363c560f2ee2a177077939b
2026-09-30 17:20:14,657|opType: publish | rt: 3ms | status: success | requestIp: null | dataId: resource_config_IDENTITY__md.json | group: agentspec__enc.64657369676e2d7768696d73792d696e6a6563746f72__enc.302e302e31 | tenant: public | md5: 03d74b98b5b0cea6fa7712ed40fa5232
2026-09-30 17:20:14,657|opType: publish | rt: 2ms | status: success | requestIp: null | dataId: resource_tool-analysis_tool-analysis__json.json | group: agentspec__enc.64657369676e2d7768696d73792d696e6a6563746f72__enc.302e302e31 | tenant: public | md5: 252e085b1404c8c1fb27a6aa88ac806f
2026-09-30 17:20:14,661|opType: publish | rt: 5ms | status: success | requestIp: null | dataId: resource_config_AGENTS__md.json | group: agentspec__enc.64657369676e2d7768696d73792d696e6a6563746f72__enc.302e302e31 | tenant: public | md5: 19bd10faec66de99083fcf22f2f7aa8b
2026-09-30 17:20:14,700|opType: publish | rt: 8ms | status: success | requestIp: null | dataId: resource_config_SOUL__md.json | group: agentspec__enc.64657369676e2d7768696d73792d696e6a6563746f72__enc.302e302e31 | tenant: public | md5: 3f287bbfec411415fe69bf5e30dbb275
2026-09-30 17:20:14,742|opType: publish | rt: 13ms | status: success | requestIp: null | dataId: enc.736372697074732f6f66666963652f736368656d61732f49534f2d49454332393530302d345f323031362f7368617265642d646f63756d656e7450726f7065727469657356617269616e7454797065732e787364 | group: skill_enc.646f6378__enc.302e302e31 | tenant: public | md5: 7ed294c27d928394b5ff651d8823bd4d
2026-09-30 17:20:14,743|opType: publish | rt: 46ms | status: success | requestIp: null | dataId: enc.736372697074732f6f66666963652f736368656d61732f49534f2d49454332393530302d345f323031362f736d6c2e787364 | group: skill_enc.646f6378__enc.302e302e31 | tenant: public | md5: 27515244005c4c4c0ebf3fae286a9b5a
2026-09-30 17:20:14,784|opType: publish | rt: 3ms | status: success | requestIp: null | dataId: enc.736372697074732f6f66666963652f736368656d61732f49534f2d49454332393530302d345f323031362f7368617265642d637573746f6d586d6c4461746150726f706572746965732e787364 | group: skill_enc.646f6378__enc.302e302e31 | tenant: public | md5: 0278c442a2adb1385c420446bdbd3449
2026-09-30 17:20:14,787|opType: publish | rt: 4ms | status: success | requestIp: null | dataId: enc.736372697074732f5f5f696e69745f5f2e7079 | group: skill_enc.646f6378__enc.302e302e31 | tenant: public | md5: 68b329da9893e34099c7d8ad5cb9c940
2026-09-30 17:20:14,790|opType: publish | rt: 4ms | status: success | requestIp: null | dataId: resource_crons_jobs__json.json | group: agentspec__enc.656e67696e656572696e672d61692d646174612d72656d6564696174696f6e2d656e67696e656572__enc.302e302e31 | tenant: public | md5: 4db9cca8e4edee8d17586768a352012e
2026-09-30 17:20:14,791|opType: publish | rt: 6ms | status: success | requestIp: null | dataId: resource_config_MEMORY__md.json | group: agentspec__enc.64657369676e2d7768696d73792d696e6a6563746f72__enc.302e302e31 | tenant: public | md5: 6fa9f1b408cfe165d79304f51f893131
2026-09-30 17:20:14,791|opType: publish | rt: 9ms | status: success | requestIp: null | dataId: enc.736372697074732f6f66666963652f736368656d61732f49534f2d49454332393530302d345f323031362f766d6c2d6f666669636544726177696e672e787364 | group: skill_enc.646f6378__enc.302e302e31 | tenant: public | md5: 62f39f988b634ef2c0a1e3a5281e1aa0
2026-09-30 17:20:14,791|opType: publish | rt: 3ms | status: success | requestIp: null | dataId: enc.736372697074732f6f66666963652f736368656d61732f65636d612f666f7574682d65646974696f6e2f6f70632d636f6e74656e7454797065732e787364 | group: skill_enc.646f6378__enc.302e302e31 | tenant: public | md5: 21ff9fc266194914ad84b29aa19e7018
2026-09-30 17:20:14,792|opType: publish | rt: 12ms | status: success | requestIp: null | dataId: enc.736372697074732f6f66666963652f736368656d61732f49534f2d49454332393530302d345f323031362f646d6c2d6469616772616d2e787364 | group: skill_enc.646f6378__enc.302e302e31 | tenant: public | md5: 3ff59abd71c4b9033f19161311558ab7
2026-09-30 17:20:14,792|opType: publish | rt: 6ms | status: success | requestIp: null | dataId: manifest.json | group: agentspec__enc.656e67696e656572696e672d61692d646174612d72656d6564696174696f6e2d656e67696e656572__enc.302e302e31 | tenant: public | md5: d8cf6424e7bd9e77e3eb1d0c12e103de
2026-09-30 17:20:14,792|opType: publish | rt: 4ms | status: success | requestIp: null | dataId: enc.736372697074732f6f66666963652f736368656d61732f49534f2d49454332393530302d345f323031362f646d6c2d6c6f636b656443616e7661732e787364 | group: skill_enc.646f6378__enc.302e302e31 | tenant: public | md5: d0683e2176f2251b64e5c68e1c375cd1
2026-09-30 17:20:14,800|opType: publish | rt: 13ms | status: success | requestIp: null | dataId: enc.736372697074732f6f66666963652f736368656d61732f6d6963726f736f66742f776d6c2d323031302e787364 | group: skill_enc.646f6378__enc.302e302e31 | tenant: public | md5: 48d648797b801f851d23d8a5ac1190f2
2026-09-30 17:20:14,802|opType: publish | rt: 8ms | status: success | requestIp: null | dataId: resource_config_IDENTITY__md.json | group: agentspec__enc.656e67696e656572696e672d61692d646174612d72656d6564696174696f6e2d656e67696e656572__enc.302e302e31 | tenant: public | md5: 0622c84322b8c3371ab318981bee770c
2026-09-30 17:20:14,819|opType: publish | rt: 25ms | status: success | requestIp: null | dataId: enc.736372697074732f6f66666963652f736368656d61732f49534f2d49454332393530302d345f323031362f776d6c2e787364 | group: skill_enc.646f6378__enc.302e302e31 | tenant: public | md5: ba74a726d54fae2b2af6cbf3e45a0ac7
2026-09-30 17:20:14,856|opType: publish | rt: 1ms | status: success | requestIp: null | dataId: resource_tool-analysis_tool-analysis__json.json | group: agentspec__enc.656e67696e656572696e672d61692d646174612d72656d6564696174696f6e2d656e67696e656572__enc.302e302e31 | tenant: public | md5: 199d547d73a128532ca27741248433e3
2026-09-30 17:20:14,857|opType: publish | rt: 2ms | status: success | requestIp: null | dataId: resource_config_AGENTS__md.json | group: agentspec__enc.656e67696e656572696e672d61692d646174612d72656d6564696174696f6e2d656e67696e656572__enc.302e302e31 | tenant: public | md5: 779a50e48cebfcd30d2084da2810d0c0
2026-09-30 17:20:14,861|opType: publish | rt: 2ms | status: success | requestIp: null | dataId: resource_config_SOUL__md.json | group: agentspec__enc.656e67696e656572696e672d61692d646174612d72656d6564696174696f6e2d656e67696e656572__enc.302e302e31 | tenant: public | md5: fd9b30d3c553bc39d1e9dbdf03bbfb9c
2026-09-30 17:20:14,861|opType: publish | rt: 2ms | status: success | requestIp: null | dataId: resource_config_MEMORY__md.json | group: agentspec__enc.656e67696e656572696e672d61692d646174612d72656d6564696174696f6e2d656e67696e656572__enc.302e302e31 | tenant: public | md5: a35664560f1664062f396a3db1ad0ab7
2026-09-30 17:20:14,867|opType: publish | rt: 3ms | status: success | requestIp: null | dataId: manifest.json | group: agentspec__enc.656e67696e656572696e672d61692d656e67696e656572__enc.302e302e31 | tenant: public | md5: a2bca7093d1573c5de4ccbfd7ae7c2a4
2026-09-30 17:20:14,906|opType: publish | rt: 2ms | status: success | requestIp: null | dataId: resource_crons_jobs__json.json | group: agentspec__enc.656e67696e656572696e672d61692d656e67696e656572__enc.302e302e31 | tenant: public | md5: 0fffd9d8dc02b0fee3586dccfe5c2972
2026-09-30 17:20:14,947|opType: publish | rt: 2ms | status: success | requestIp: null | dataId: enc.736372697074732f6f66666963652f736368656d61732f49534f2d49454332393530302d345f323031362f766d6c2d70726573656e746174696f6e44726177696e672e787364 | group: skill_enc.646f6378__enc.302e302e31 | tenant: public | md5: bd5fa09957c72c11b83a84f3892e1497
2026-09-30 17:20:14,947|opType: publish | rt: 2ms | status: success | requestIp: null | dataId: enc.736372697074732f6f66666963652f736368656d61732f6d63652f6d632e787364 | group: skill_enc.646f6378__enc.302e302e31 | tenant: public | md5: 52e5cccc1ae03c37874236bb470527d5
2026-09-30 17:20:14,988|opType: publish | rt: 2ms | status: success | requestIp: null | dataId: enc.736372697074732f74656d706c617465732f636f6d6d656e7473457874656e7369626c652e786d6c | group: skill_enc.646f6378__enc.302e302e31 | tenant: public | md5: e5fe57c24b0b6896e7df8ed92984e923
2026-09-30 17:20:14,990|opType: publish | rt: 1ms | status: success | requestIp: null | dataId: enc.736372697074732f6f66666963652f736368656d61732f49534f2d49454332393530302d345f323031362f7368617265642d646f63756d656e7450726f70657274696573457874656e6465642e787364 | group: skill_enc.646f6378__enc.302e302e31 | tenant: public | md5: bf137503133653b6cac5d82209e65908
2026-09-30 17:20:14,997|opType: publish | rt: 5ms | status: success | requestIp: null | dataId: resource_config_IDENTITY__md.json | group: agentspec__enc.656e67696e656572696e672d61692d656e67696e656572__enc.302e302e31 | tenant: public | md5: 48f0bb3e7b56a1b1e3bd64594fe9b32d
2026-09-30 17:20:14,998|opType: publish | rt: 5ms | status: success | requestIp: null | dataId: enc.736372697074732f6163636570745f6368616e6765732e7079 | group: skill_enc.646f6378__enc.302e302e31 | tenant: public | md5: ddbb446842e4c03d128aa950c2d9cde4
2026-09-30 17:20:15,001|opType: publish | rt: 6ms | status: success | requestIp: null | dataId: enc.736372697074732f6f66666963652f736368656d61732f65636d612f666f7574682d65646974696f6e2f6f70632d72656c6174696f6e73686970732e787364 | group: skill_enc.646f6378__enc.302e302e31 | tenant: public | md5: 83c1e2da90194b600688463398a125fd
2026-09-30 17:20:15,001|opType: publish | rt: 6ms | status: success | requestIp: null | dataId: resource_tool-analysis_tool-analysis__json.json | group: agentspec__enc.656e67696e656572696e672d61692d656e67696e656572__enc.302e302e31 | tenant: public | md5: 1bd6208ac7065735d7c12bde668ede70
2026-09-30 17:20:15,001|opType: publish | rt: 8ms | status: success | requestIp: null | dataId: enc.736372697074732f6f66666963652f736368656d61732f49534f2d49454332393530302d345f323031362f7368617265642d636f6d6d6f6e53696d706c6554797065732e787364 | group: skill_enc.646f6378__enc.302e302e31 | tenant: public | md5: 8467bfda5ef339eb1df6652185d65ec9
2026-09-30 17:20:15,001|opType: publish | rt: 5ms | status: success | requestIp: null | dataId: resource_config_AGENTS__md.json | group: agentspec__enc.656e67696e656572696e672d61692d656e67696e656572__enc.302e302e31 | tenant: public | md5: 00971ee0cb701dba2ebf460e8be045e3
2026-09-30 17:20:15,004|opType: publish | rt: 9ms | status: success | requestIp: null | dataId: enc.736372697074732f6f66666963652f76616c696461746f72732f626173652e7079 | group: skill_enc.646f6378__enc.302e302e31 | tenant: public | md5: fd8b4f0bf6c070363709936542cecc3b
2026-09-30 17:20:15,004|opType: publish | rt: 2ms | status: success | requestIp: null | dataId: enc.736372697074732f6f66666963652f736368656d61732f6d6963726f736f66742f776d6c2d323031382e787364 | group: skill_enc.646f6378__enc.302e302e31 | tenant: public | md5: ba27663e14790ebbc5dd39ce48caf670
2026-09-30 17:20:15,005|opType: publish | rt: 1ms | status: success | requestIp: null | dataId: resource_config_SOUL__md.json | group: agentspec__enc.656e67696e656572696e672d61692d656e67696e656572__enc.302e302e31 | tenant: public | md5: df47d4a9a3a3dfaf01116c62817e94d2
2026-09-30 17:20:15,027|opType: publish | rt: 2ms | status: success | requestIp: null | dataId: enc.736372697074732f6f66666963652f736368656d61732f49534f2d49454332393530302d345f323031362f646d6c2d706963747572652e787364 | group: skill_enc.646f6378__enc.302e302e31 | tenant: public | md5: b4dd1b964ecce7e2a425b022068a556d
2026-09-30 17:20:15,061|opType: publish | rt: 2ms | status: success | requestIp: null | dataId: resource_config_MEMORY__md.json | group: agentspec__enc.656e67696e656572696e672d61692d656e67696e656572__enc.302e302e31 | tenant: public | md5: 669fba48efea8c5d7517a742c64e5e61
2026-09-30 17:20:15,062|opType: publish | rt: 2ms | status: success | requestIp: null | dataId: manifest.json | group: agentspec__enc.656e67696e656572696e672d6175746f6e6f6d6f75732d6f7074696d697a6174696f6e2d617263686974656374__enc.302e302e31 | tenant: public | md5: fe773b0f39773784985d59490cffb0f4
2026-09-30 17:20:15,067|opType: publish | rt: 3ms | status: success | requestIp: null | dataId: resource_crons_jobs__json.json | group: agentspec__enc.656e67696e656572696e672d6175746f6e6f6d6f75732d6f7074696d697a6174696f6e2d617263686974656374__enc.302e302e31 | tenant: public | md5: 58610c5b50c23a0c7e3ae0bc5175796b
2026-09-30 17:20:15,067|opType: publish | rt: 2ms | status: success | requestIp: null | dataId: resource_config_IDENTITY__md.json | group: agentspec__enc.656e67696e656572696e672d6175746f6e6f6d6f75732d6f7074696d697a6174696f6e2d617263686974656374__enc.302e302e31 | tenant: public | md5: 3db9cd0f719694cafbd73150b50a4b27
2026-09-30 17:20:15,070|opType: publish | rt: 1ms | status: success | requestIp: null | dataId: resource_tool-analysis_tool-analysis__json.json | group: agentspec__enc.656e67696e656572696e672d6175746f6e6f6d6f75732d6f7074696d697a6174696f6e2d617263686974656374__enc.302e302e31 | tenant: public | md5: 83af4cc8f93702f58f62aa64f6d5803f
2026-09-30 17:20:15,112|opType: publish | rt: 2ms | status: success | requestIp: null | dataId: resource_config_AGENTS__md.json | group: agentspec__enc.656e67696e656572696e672d6175746f6e6f6d6f75732d6f7074696d697a6174696f6e2d617263686974656374__enc.302e302e31 | tenant: public | md5: 09bc2639f41df93ceaf5aa90d7983d59
2026-09-30 17:20:15,155|opType: publish | rt: 4ms | status: success | requestIp: null | dataId: enc.736372697074732f6f66666963652f736368656d61732f6d6963726f736f66742f776d6c2d323031322e787364 | group: skill_enc.646f6378__enc.302e302e31 | tenant: public | md5: 5510865fe8f0ccbe3c8b58b359973ef1
2026-09-30 17:20:15,156|opType: publish | rt: 5ms | status: success | requestIp: null | dataId: enc.736372697074732f6f66666963652f736368656d61732f49534f2d49454332393530302d345f323031362f766d6c2d6d61696e2e787364 | group: skill_enc.646f6378__enc.302e302e31 | tenant: public | md5: 26a8d3552ba20d6ae290eaca673361ce
2026-09-30 17:20:15,194|opType: publish | rt: 1ms | status: success | requestIp: null | dataId: enc.736372697074732f6f66666963652f68656c706572732f5f5f696e69745f5f2e7079 | group: skill_enc.646f6378__enc.302e302e31 | tenant: public | md5: d41d8cd98f00b204e9800998ecf8427e
2026-09-30 17:20:15,197|opType: publish | rt: 1ms | status: success | requestIp: null | dataId: enc.736372697074732f6f66666963652f736368656d61732f49534f2d49454332393530302d345f323031362f766d6c2d776f726470726f63657373696e6744726177696e672e787364 | group: skill_enc.646f6378__enc.302e302e31 | tenant: public | md5: c29beb5dc90ef8c039e836911187520f
2026-09-30 17:20:15,199|opType: publish | rt: 1ms | status: success | requestIp: null | dataId: resource_config_SOUL__md.json | group: agentspec__enc.656e67696e656572696e672d6175746f6e6f6d6f75732d6f7074696d697a6174696f6e2d617263686974656374__enc.302e302e31 | tenant: public | md5: 8c1823b5cacdce9c098618f663ad6ddb
2026-09-30 17:20:15,203|opType: publish | rt: 2ms | status: success | requestIp: null | dataId: enc.736372697074732f74656d706c617465732f636f6d6d656e74734964732e786d6c | group: skill_enc.646f6378__enc.302e302e31 | tenant: public | md5: 99667a7995de3e683cf7f9997dd18113
2026-09-30 17:20:15,212|opType: publish | rt: 8ms | status: success | requestIp: null | dataId: resource_config_MEMORY__md.json | group: agentspec__enc.656e67696e656572696e672d6175746f6e6f6d6f75732d6f7074696d697a6174696f6e2d617263686974656374__enc.302e302e31 | tenant: public | md5: bfd058bb794bee0f2336fd7aa8440edb
2026-09-30 17:20:15,213|opType: publish | rt: 8ms | status: success | requestIp: null | dataId: enc.736372697074732f6f66666963652f736368656d61732f6d6963726f736f66742f776d6c2d73796d65782d323031352e787364 | group: skill_enc.646f6378__enc.302e302e31 | tenant: public | md5: 4ea8bf7142ea3eccb435d2acfcc60b65
2026-09-30 17:20:15,213|opType: publish | rt: 6ms | status: success | requestIp: null | dataId: enc.736372697074732f6f66666963652f736368656d61732f49534f2d49454332393530302d345f323031362f7368617265642d646f63756d656e7450726f70657274696573437573746f6d2e787364 | group: skill_enc.646f6378__enc.302e302e31 | tenant: public | md5: 2becf9493c5347ace32a2cf0cbf73edc
2026-09-30 17:20:15,214|opType: publish | rt: 2ms | status: success | requestIp: null | dataId: manifest.json | group: agentspec__enc.656e67696e656572696e672d6261636b656e642d617263686974656374__enc.302e302e31 | tenant: public | md5: 1f2e7955a4503dbacc9182fb1dab61a3
2026-09-30 17:20:15,214|opType: publish | rt: 1ms | status: success | requestIp: null | dataId: enc.736372697074732f6f66666963652f736368656d61732f6d6963726f736f66742f776d6c2d6369642d323031362e787364 | group: skill_enc.646f6378__enc.302e302e31 | tenant: public | md5: f9316c6180c204756fb142d0bdf2bee5
2026-09-30 17:20:15,214|opType: publish | rt: 1ms | status: success | requestIp: null | dataId: resource_crons_jobs__json.json | group: agentspec__enc.656e67696e656572696e672d6261636b656e642d617263686974656374__enc.302e302e31 | tenant: public | md5: 3405b090eb5df892658ecce6406f99fd
2026-09-30 17:20:15,215|opType: publish | rt: 1ms | status: success | requestIp: null | dataId: enc.736372697074732f6f66666963652f736368656d61732f49534f2d49454332393530302d345f323031362f7368617265642d72656c6174696f6e736869705265666572656e63652e787364 | group: skill_enc.646f6378__enc.302e302e31 | tenant: public | md5: cfb685beb25d462b1c790c922834b348
2026-09-30 17:20:15,230|opType: publish | rt: 2ms | status: success | requestIp: null | dataId: enc.736372697074732f6f66666963652f736368656d61732f49534f2d49454332393530302d345f323031362f646d6c2d636861727444726177696e672e787364 | group: skill_enc.646f6378__enc.302e302e31 | tenant: public | md5: 26413166ffa3dd438e2d46dfa8e9c876
2026-09-30 17:20:15,265|opType: publish | rt: 1ms | status: success | requestIp: null | dataId: resource_config_IDENTITY__md.json | group: agentspec__enc.656e67696e656572696e672d6261636b656e642d617263686974656374__enc.302e302e31 | tenant: public | md5: 463e81088453de7a54d6bb15df9a80fd
2026-09-30 17:20:15,270|opType: publish | rt: 2ms | status: success | requestIp: null | dataId: resource_tool-analysis_tool-analysis__json.json | group: agentspec__enc.656e67696e656572696e672d6261636b656e642d617263686974656374__enc.302e302e31 | tenant: public | md5: 7b270ad9ff85cde031341d46382401f1
2026-09-30 17:20:15,270|opType: publish | rt: 1ms | status: success | requestIp: null | dataId: resource_config_AGENTS__md.json | group: agentspec__enc.656e67696e656572696e672d6261636b656e642d617263686974656374__enc.302e302e31 | tenant: public | md5: 0c7fd6f4fb04efcd395791910845926b
2026-09-30 17:20:15,271|opType: publish | rt: 2ms | status: success | requestIp: null | dataId: resource_config_SOUL__md.json | group: agentspec__enc.656e67696e656572696e672d6261636b656e642d617263686974656374__enc.302e302e31 | tenant: public | md5: 175b31dd0653e52804ce751f8477fa35
2026-09-30 17:20:15,273|opType: publish | rt: 1ms | status: success | requestIp: null | dataId: resource_config_MEMORY__md.json | group: agentspec__enc.656e67696e656572696e672d6261636b656e642d617263686974656374__enc.302e302e31 | tenant: public | md5: 306934535b6d29986d99e2cf6bf31eb7
2026-09-30 17:20:15,316|opType: publish | rt: 2ms | status: success | requestIp: null | dataId: manifest.json | group: agentspec__enc.656e67696e656572696e672d636f64652d7265766965776572__enc.302e302e31 | tenant: public | md5: 02817ed21904e64765087f24b505f15a
2026-09-30 17:20:15,362|opType: publish | rt: 3ms | status: success | requestIp: null | dataId: enc.736372697074732f6f66666963652f756e7061636b2e7079 | group: skill_enc.646f6378__enc.302e302e31 | tenant: public | md5: 345c1b6a0ea7ca37e2019c2491db5fd9
2026-09-30 17:20:15,374|opType: publish | rt: 15ms | status: success | requestIp: null | dataId: enc.736372697074732f6f66666963652f736368656d61732f49534f2d49454332393530302d345f323031362f646d6c2d63686172742e787364 | group: skill_enc.646f6378__enc.302e302e31 | tenant: public | md5: ed49aff7a09c146a38ab39b0b065089f
2026-09-30 17:20:15,401|opType: publish | rt: 2ms | status: success | requestIp: null | dataId: enc.736372697074732f6f66666963652f736368656d61732f49534f2d49454332393530302d345f323031362f646d6c2d776f726470726f63657373696e6744726177696e672e787364 | group: skill_enc.646f6378__enc.302e302e31 | tenant: public | md5: 88236935634cef10ea1229528daa8645
2026-09-30 17:20:15,401|opType: publish | rt: 1ms | status: success | requestIp: null | dataId: enc.736372697074732f6f66666963652f736368656d61732f49534f2d49454332393530302d345f323031362f7368617265642d6164646974696f6e616c4368617261637465726973746963732e787364 | group: skill_enc.646f6378__enc.302e302e31 | tenant: public | md5: 6f6dbf54c9d51ce4a0ee7c4cdab14a25
2026-09-30 17:20:15,403|opType: publish | rt: 2ms | status: success | requestIp: null | dataId: resource_crons_jobs__json.json | group: agentspec__enc.656e67696e656572696e672d636f64652d7265766965776572__enc.302e302e31 | tenant: public | md5: ad01974e5b0812442d9375a049d3e303
2026-09-30 17:20:15,407|opType: publish | rt: 2ms | status: success | requestIp: null | dataId: enc.736372697074732f6f66666963652f736368656d61732f49534f2d49454332393530302d345f323031362f7368617265642d637573746f6d586d6c536368656d6150726f706572746965732e787364 | group: skill_enc.646f6378__enc.302e302e31 | tenant: public | md5: 55271a568bfb03eedd9098960f5974cf
2026-09-30 17:20:15,422|opType: publish | rt: 6ms | status: success | requestIp: null | dataId: enc.736372697074732f6f66666963652f736368656d61732f65636d612f666f7574682d65646974696f6e2f6f70632d636f726550726f706572746965732e787364 | group: skill_enc.646f6378__enc.302e302e31 | tenant: public | md5: f3c84be92899c191b3c7a4fd2e9b6490
2026-09-30 17:20:15,422|opType: publish | rt: 5ms | status: success | requestIp: null | dataId: enc.736372697074732f6f66666963652f76616c696461746f72732f707074782e7079 | group: skill_enc.646f6378__enc.302e302e31 | tenant: public | md5: 95836f2ecb3e53862b1d166d0a11e255
2026-09-30 17:20:15,423|opType: publish | rt: 5ms | status: success | requestIp: null | dataId: resource_config_AGENTS__md.json | group: agentspec__enc.656e67696e656572696e672d636f64652d7265766965776572__enc.302e302e31 | tenant: public | md5: e98f8425b808996cd3bd9b930c17f703
2026-09-30 17:20:15,423|opType: publish | rt: 7ms | status: success | requestIp: null | dataId: resource_config_IDENTITY__md.json | group: agentspec__enc.656e67696e656572696e672d636f64652d7265766965776572__enc.302e302e31 | tenant: public | md5: 0a49f975092a2afb4f106414e2c24c4d
2026-09-30 17:20:15,423|opType: publish | rt: 5ms | status: success | requestIp: null | dataId: enc.736372697074732f6f66666963652f736f66666963652e7079 | group: skill_enc.646f6378__enc.302e302e31 | tenant: public | md5: 080c37e6f18963f350dda51d922c9f06
2026-09-30 17:20:15,424|opType: publish | rt: 6ms | status: success | requestIp: null | dataId: resource_tool-analysis_tool-analysis__json.json | group: agentspec__enc.656e67696e656572696e672d636f64652d7265766965776572__enc.302e302e31 | tenant: public | md5: ddadbd316e10c4e9f9bd6b19ac3c6edf
2026-09-30 17:20:15,428|opType: publish | rt: 12ms | status: success | requestIp: null | dataId: enc.736372697074732f6f66666963652f736368656d61732f49534f2d49454332393530302d345f323031362f706d6c2e787364 | group: skill_enc.646f6378__enc.302e302e31 | tenant: public | md5: e4e1024cca691dab04a1964a13e34639
2026-09-30 17:20:15,434|opType: publish | rt: 2ms | status: success | requestIp: null | dataId: enc.736372697074732f6f66666963652f736368656d61732f49534f2d49454332393530302d345f323031362f7368617265642d6269626c696f6772617068792e787364 | group: skill_enc.646f6378__enc.302e302e31 | tenant: public | md5: 1c0ef0ccbbc7b08bf6f8f8263a0b8d64
2026-09-30 17:20:15,469|opType: publish | rt: 1ms | status: success | requestIp: null | dataId: resource_config_SOUL__md.json | group: agentspec__enc.656e67696e656572696e672d636f64652d7265766965776572__enc.302e302e31 | tenant: public | md5: 4bcbe6d19985c1662445134375fce7af
2026-09-30 17:20:15,475|opType: publish | rt: 3ms | status: success | requestIp: null | dataId: resource_config_MEMORY__md.json | group: agentspec__enc.656e67696e656572696e672d636f64652d7265766965776572__enc.302e302e31 | tenant: public | md5: 56941c9edea6dbdbadae6aa59c41afc6
2026-09-30 17:20:15,476|opType: publish | rt: 4ms | status: success | requestIp: null | dataId: manifest.json | group: agentspec__enc.656e67696e656572696e672d646174612d656e67696e656572__enc.302e302e31 | tenant: public | md5: b82f17cc96a44b4567997f2efbac310e
2026-09-30 17:20:15,476|opType: publish | rt: 2ms | status: success | requestIp: null | dataId: resource_crons_jobs__json.json | group: agentspec__enc.656e67696e656572696e672d646174612d656e67696e656572__enc.302e302e31 | tenant: public | md5: e2a4c7c80c148fbfd1ac49926933d6f5
2026-09-30 17:20:15,477|opType: publish | rt: 2ms | status: success | requestIp: null | dataId: resource_config_IDENTITY__md.json | group: agentspec__enc.656e67696e656572696e672d646174612d656e67696e656572__enc.302e302e31 | tenant: public | md5: 63977499e1786720538d5781d051eb33
2026-09-30 17:20:15,522|opType: publish | rt: 2ms | status: success | requestIp: null | dataId: resource_tool-analysis_tool-analysis__json.json | group: agentspec__enc.656e67696e656572696e672d646174612d656e67696e656572__enc.302e302e31 | tenant: public | md5: 22fab330688ced618ac30f05c898eef2
2026-09-30 17:20:15,569|opType: publish | rt: 2ms | status: success | requestIp: null | dataId: enc.736372697074732f6f66666963652f736368656d61732f49534f2d49454332393530302d345f323031362f786d6c2e787364 | group: skill_enc.646f6378__enc.302e302e31 | tenant: public | md5: d535ef9799e2bdadb51d7be270d51053
2026-09-30 17:20:15,582|opType: publish | rt: 5ms | status: success | requestIp: null | dataId: enc.736372697074732f6f66666963652f736368656d61732f6d6963726f736f66742f776d6c2d73647464617461686173682d323032302e787364 | group: skill_enc.646f6378__enc.302e302e31 | tenant: public | md5: f9730efba946ebaf9c2ac771c6135505
2026-09-30 17:20:15,609|opType: publish | rt: 5ms | status: success | requestIp: null | dataId: enc.736372697074732f74656d706c617465732f70656f706c652e786d6c | group: skill_enc.646f6378__enc.302e302e31 | tenant: public | md5: 3cb770bd46cfdccaf676ca24839736a0
2026-09-30 17:20:15,609|opType: publish | rt: 4ms | status: success | requestIp: null | dataId: enc.736372697074732f6f66666963652f7061636b2e7079 | group: skill_enc.646f6378__enc.302e302e31 | tenant: public | md5: 20d61f93e874fd961122dd0da9de7898
2026-09-30 17:20:15,611|opType: publish | rt: 2ms | status: success | requestIp: null | dataId: resource_config_AGENTS__md.json | group: agentspec__enc.656e67696e656572696e672d646174612d656e67696e656572__enc.302e302e31 | tenant: public | md5: bccaaed660b366f38a813e0899703d61
2026-09-30 17:20:15,611|opType: publish | rt: 1ms | status: success | requestIp: null | dataId: SKILL.md | group: skill_enc.66726f6e74656e642d64657369676e__enc.302e302e31 | tenant: public | md5: 7a73ab092f5c8638198f63c45056643c
2026-09-30 17:20:15,630|opType: publish | rt: 2ms | status: success | requestIp: null | dataId: LICENSE.txt | group: skill_enc.66726f6e74656e642d64657369676e__enc.302e302e31 | tenant: public | md5: 2ee41112a44fe7014dce33e26468ba93
2026-09-30 17:20:15,630|opType: publish | rt: 2ms | status: success | requestIp: null | dataId: resource_config_SOUL__md.json | group: agentspec__enc.656e67696e656572696e672d646174612d656e67696e656572__enc.302e302e31 | tenant: public | md5: c2cb15ad581eba15e123517d578719d9
2026-09-30 17:20:15,632|opType: publish | rt: 2ms | status: success | requestIp: null | dataId: manifest.json | group: agentspec__enc.656e67696e656572696e672d64617461626173652d6f7074696d697a6572__enc.302e302e31 | tenant: public | md5: 58498c108c16ff9dec5690b79db71948
2026-09-30 17:20:15,632|opType: publish | rt: 2ms | status: success | requestIp: null | dataId: enc.6578616d706c65732f67656e6572616c2d636f6d6d732e6d64 | group: skill_enc.696e7465726e616c2d636f6d6d73__enc.302e302e31 | tenant: public | md5: bdc6cf6bc1fad20a52a4662d430dcaf8
2026-09-30 17:20:15,632|opType: publish | rt: 2ms | status: success | requestIp: null | dataId: resource_config_MEMORY__md.json | group: agentspec__enc.656e67696e656572696e672d646174612d656e67696e656572__enc.302e302e31 | tenant: public | md5: 38005c8b5261ed6dfb7dba054bd692e1
2026-09-30 17:20:15,632|opType: publish | rt: 1ms | status: success | requestIp: null | dataId: SKILL.md | group: skill_enc.696e7465726e616c2d636f6d6d73__enc.302e302e31 | tenant: public | md5: 9340b7e81b38cabc3ca2a6619b9a616d
2026-09-30 17:20:15,633|opType: publish | rt: 2ms | status: success | requestIp: null | dataId: enc.6578616d706c65732f636f6d70616e792d6e6577736c65747465722e6d64 | group: skill_enc.696e7465726e616c2d636f6d6d73__enc.302e302e31 | tenant: public | md5: 6f97d1001ca99c1ef2db92ebe58e41eb
2026-09-30 17:20:15,638|opType: publish | rt: 1ms | status: success | requestIp: null | dataId: enc.6578616d706c65732f6661712d616e73776572732e6d64 | group: skill_enc.696e7465726e616c2d636f6d6d73__enc.302e302e31 | tenant: public | md5: 8765c9c2ac0f0f56c8690df4583a9643
2026-09-30 17:20:15,675|opType: publish | rt: 2ms | status: success | requestIp: null | dataId: resource_crons_jobs__json.json | group: agentspec__enc.656e67696e656572696e672d64617461626173652d6f7074696d697a6572__enc.302e302e31 | tenant: public | md5: bb76ef1d16597b221c4e5bee66dee894
2026-09-30 17:20:15,682|opType: publish | rt: 2ms | status: success | requestIp: null | dataId: resource_tool-analysis_tool-analysis__json.json | group: agentspec__enc.656e67696e656572696e672d64617461626173652d6f7074696d697a6572__enc.302e302e31 | tenant: public | md5: 7b29191f6b0b5033c330c358765a1fac
2026-09-30 17:20:15,682|opType: publish | rt: 2ms | status: success | requestIp: null | dataId: resource_config_IDENTITY__md.json | group: agentspec__enc.656e67696e656572696e672d64617461626173652d6f7074696d697a6572__enc.302e302e31 | tenant: public | md5: bec2ee98d9c687013d457d87a1efdd7f
2026-09-30 17:20:15,684|opType: publish | rt: 2ms | status: success | requestIp: null | dataId: resource_config_SOUL__md.json | group: agentspec__enc.656e67696e656572696e672d64617461626173652d6f7074696d697a6572__enc.302e302e31 | tenant: public | md5: 26a3a03f318f959bf6bd72525bdae645
2026-09-30 17:20:15,684|opType: publish | rt: 2ms | status: success | requestIp: null | dataId: resource_config_AGENTS__md.json | group: agentspec__enc.656e67696e656572696e672d64617461626173652d6f7074696d697a6572__enc.302e302e31 | tenant: public | md5: 6a6657ebb62629ece7b761762393e7d8
2026-09-30 17:20:15,726|opType: publish | rt: 1ms | status: success | requestIp: null | dataId: resource_config_MEMORY__md.json | group: agentspec__enc.656e67696e656572696e672d64617461626173652d6f7074696d697a6572__enc.302e302e31 | tenant: public | md5: d7a18107d1973af309a288df056c9f07
2026-09-30 17:20:15,780|opType: publish | rt: 3ms | status: success | requestIp: null | dataId: LICENSE.txt | group: skill_enc.696e7465726e616c2d636f6d6d73__enc.302e302e31 | tenant: public | md5: 175792518e4ac015ab6696d16c4f607e
2026-09-30 17:20:15,789|opType: publish | rt: 4ms | status: success | requestIp: null | dataId: enc.6578616d706c65732f33702d757064617465732e6d64 | group: skill_enc.696e7465726e616c2d636f6d6d73__enc.302e302e31 | tenant: public | md5: acf74437a9e65edced3d56dd9ee63722
2026-09-30 17:20:15,817|opType: publish | rt: 3ms | status: success | requestIp: null | dataId: SKILL.md | group: skill_enc.6d63702d6275696c646572__enc.302e302e31 | tenant: public | md5: d20f560a23fbc58b17cfcf00d911e0a8
2026-09-30 17:20:15,817|opType: publish | rt: 2ms | status: success | requestIp: null | dataId: manifest.json | group: agentspec__enc.656e67696e656572696e672d6465766f70732d6175746f6d61746f72__enc.302e302e31 | tenant: public | md5: 2d6817ef6a5c5306345a0a2b50d6cbec
2026-09-30 17:20:15,825|opType: publish | rt: 11ms | status: success | requestIp: null | dataId: enc.7265666572656e63652f707974686f6e5f6d63705f7365727665722e6d64 | group: skill_enc.6d63702d6275696c646572__enc.302e302e31 | tenant: public | md5: af767546b4697efbb7348f5c06a6b071
2026-09-30 17:20:15,825|opType: publish | rt: 10ms | status: success | requestIp: null | dataId: enc.7265666572656e63652f6576616c756174696f6e2e6d64 | group: skill_enc.6d63702d6275696c646572__enc.302e302e31 | tenant: public | md5: 4aa903da7d9c289eb167dce2747140f2
2026-09-30 17:20:15,827|opType: publish | rt: 1ms | status: success | requestIp: null | dataId: skill_index.json | group: skill_docx | tenant: public | md5: 6568964d7a9e88c173db056fd9ecdd15
2026-09-30 17:20:15,834|opType: publish | rt: 2ms | status: success | requestIp: null | dataId: enc.736372697074732f636f6e6e656374696f6e732e7079 | group: skill_enc.6d63702d6275696c646572__enc.302e302e31 | tenant: public | md5: 577a5757c0f687ad4a84eb48eac9d514
2026-09-30 17:20:15,834|opType: publish | rt: 1ms | status: success | requestIp: null | dataId: resource_crons_jobs__json.json | group: agentspec__enc.656e67696e656572696e672d6465766f70732d6175746f6d61746f72__enc.302e302e31 | tenant: public | md5: d1a900f13a1873beb281c37a8de424aa
2026-09-30 17:20:15,835|opType: publish | rt: 2ms | status: success | requestIp: null | dataId: skill_index.json | group: skill_frontend-design | tenant: public | md5: 313ccb20c3edc957127437be5c8b22c9
2026-09-30 17:20:15,836|opType: publish | rt: 1ms | status: success | requestIp: null | dataId: resource_config_IDENTITY__md.json | group: agentspec__enc.656e67696e656572696e672d6465766f70732d6175746f6d61746f72__enc.302e302e31 | tenant: public | md5: aa42f72dfe6e3f3038a8e13e9a74a9c5
2026-09-30 17:20:15,837|opType: publish | rt: 2ms | status: success | requestIp: null | dataId: resource_tool-analysis_tool-analysis__json.json | group: agentspec__enc.656e67696e656572696e672d6465766f70732d6175746f6d61746f72__enc.302e302e31 | tenant: public | md5: 8316a6ab2dbfb0cf45c1619453b73d52
2026-09-30 17:20:15,837|opType: publish | rt: 1ms | status: success | requestIp: null | dataId: LICENSE.txt | group: skill_enc.6d63702d6275696c646572__enc.302e302e31 | tenant: public | md5: 175792518e4ac015ab6696d16c4f607e
2026-09-30 17:20:15,838|opType: publish | rt: 2ms | status: success | requestIp: null | dataId: enc.736372697074732f6576616c756174696f6e2e7079 | group: skill_enc.6d63702d6275696c646572__enc.302e302e31 | tenant: public | md5: 78d39ae57d97d49295872ef1a04cfd20
2026-09-30 17:20:15,840|opType: publish | rt: 4ms | status: success | requestIp: null | dataId: enc.7265666572656e63652f6e6f64655f6d63705f7365727665722e6d64 | group: skill_enc.6d63702d6275696c646572__enc.302e302e31 | tenant: public | md5: 214713cb0cfdf6ea4aa8eda85e2c6959
2026-09-30 17:20:15,842|opType: publish | rt: 1ms | status: success | requestIp: null | dataId: enc.7265666572656e63652f6d63705f626573745f7072616374696365732e6d64 | group: skill_enc.6d63702d6275696c646572__enc.302e302e31 | tenant: public | md5: e7cd50e7527877687efebcd3877e3e9a
2026-09-30 17:20:15,881|opType: publish | rt: 1ms | status: success | requestIp: null | dataId: resource_config_AGENTS__md.json | group: agentspec__enc.656e67696e656572696e672d6465766f70732d6175746f6d61746f72__enc.302e302e31 | tenant: public | md5: 5eee74d95b8521fa76da7110462dc530
2026-09-30 17:20:15,886|opType: publish | rt: 1ms | status: success | requestIp: null | dataId: resource_config_SOUL__md.json | group: agentspec__enc.656e67696e656572696e672d6465766f70732d6175746f6d61746f72__enc.302e302e31 | tenant: public | md5: 48f539b8798966ff794599d77af8ba96
2026-09-30 17:20:15,888|opType: publish | rt: 2ms | status: success | requestIp: null | dataId: manifest.json | group: agentspec__enc.656e67696e656572696e672d64696e6774616c6b2d696e746567726174696f6e2d646576656c6f706572__enc.302e302e31 | tenant: public | md5: cea9d654ff0fbde361027b3deccfb8d8
2026-09-30 17:20:15,888|opType: publish | rt: 1ms | status: success | requestIp: null | dataId: resource_config_MEMORY__md.json | group: agentspec__enc.656e67696e656572696e672d6465766f70732d6175746f6d61746f72__enc.302e302e31 | tenant: public | md5: f8d0a6eea2eea38afad3e951ac917d5f
2026-09-30 17:20:15,888|opType: publish | rt: 1ms | status: success | requestIp: null | dataId: resource_crons_jobs__json.json | group: agentspec__enc.656e67696e656572696e672d64696e6774616c6b2d696e746567726174696f6e2d646576656c6f706572__enc.302e302e31 | tenant: public | md5: 3713ef4f6c75d0bf6f57647e798b7014
2026-09-30 17:20:15,934|opType: publish | rt: 1ms | status: success | requestIp: null | dataId: resource_config_IDENTITY__md.json | group: agentspec__enc.656e67696e656572696e672d64696e6774616c6b2d696e746567726174696f6e2d646576656c6f706572__enc.302e302e31 | tenant: public | md5: 9f5e3e617ede434289a263e238f712de
2026-09-30 17:20:15,986|opType: publish | rt: 2ms | status: success | requestIp: null | dataId: enc.736372697074732f6578616d706c655f6576616c756174696f6e2e786d6c | group: skill_enc.6d63702d6275696c646572__enc.302e302e31 | tenant: public | md5: 7573fa9dc397ed81e21c168eeeae5c87
2026-09-30 17:20:15,993|opType: publish | rt: 1ms | status: success | requestIp: null | dataId: enc.736372697074732f726571756972656d656e74732e747874 | group: skill_enc.6d63702d6275696c646572__enc.302e302e31 | tenant: public | md5: 3ec2de45c75cadfbf997821049c09fbd
2026-09-30 17:20:15,994|opType: publish | rt: 1ms | status: success | requestIp: null | dataId: skill_index.json | group: skill_internal-comms | tenant: public | md5: a70e5d30f3c7b9c03dd6c6610f7ae933
2026-09-30 17:20:16,025|opType: publish | rt: 1ms | status: success | requestIp: null | dataId: resource_tool-analysis_tool-analysis__json.json | group: agentspec__enc.656e67696e656572696e672d64696e6774616c6b2d696e746567726174696f6e2d646576656c6f706572__enc.302e302e31 | tenant: public | md5: b38a7c39a599b57c0f436b1194c407b5
2026-09-30 17:20:16,031|opType: publish | rt: 1ms | status: success | requestIp: null | dataId: SKILL.md | group: skill_enc.706466__enc.302e302e31 | tenant: public | md5: 094b9fc758c0bc1f5d6d4431561ba696
2026-09-30 17:20:16,031|opType: publish | rt: 1ms | status: success | requestIp: null | dataId: enc.736372697074732f66696c6c5f7064665f666f726d5f776974685f616e6e6f746174696f6e732e7079 | group: skill_enc.706466__enc.302e302e31 | tenant: public | md5: f9d6c389c69edf3494a995c48c6739ab
2026-09-30 17:20:16,032|opType: publish | rt: 1ms | status: success | requestIp: null | dataId: enc.736372697074732f636f6e766572745f7064665f746f5f696d616765732e7079 | group: skill_enc.706466__enc.302e302e31 | tenant: public | md5: 0c65904b96ebb8af6f15851dbb6da239
2026-09-30 17:20:16,036|opType: publish | rt: 1ms | status: success | requestIp: null | dataId: enc.736372697074732f636865636b5f626f756e64696e675f626f7865732e7079 | group: skill_enc.706466__enc.302e302e31 | tenant: public | md5: f221feb172d30a7ab90583b17ce7b4b0
2026-09-30 17:20:16,039|opType: publish | rt: 3ms | status: success | requestIp: null | dataId: resource_config_AGENTS__md.json | group: agentspec__enc.656e67696e656572696e672d64696e6774616c6b2d696e746567726174696f6e2d646576656c6f706572__enc.302e302e31 | tenant: public | md5: 963d5f4e510f5652d8474ce518a16a8c
2026-09-30 17:20:16,040|opType: publish | rt: 2ms | status: success | requestIp: null | dataId: resource_config_SOUL__md.json | group: agentspec__enc.656e67696e656572696e672d64696e6774616c6b2d696e746567726174696f6e2d646576656c6f706572__enc.302e302e31 | tenant: public | md5: df0b2238ad3c88efa5f501961975ddba
2026-09-30 17:20:16,041|opType: publish | rt: 1ms | status: success | requestIp: null | dataId: enc.736372697074732f657874726163745f666f726d5f6669656c645f696e666f2e7079 | group: skill_enc.706466__enc.302e302e31 | tenant: public | md5: 0b70a14d41ead20e387bd87f007d6b66
2026-09-30 17:20:16,042|opType: publish | rt: 2ms | status: success | requestIp: null | dataId: resource_config_MEMORY__md.json | group: agentspec__enc.656e67696e656572696e672d64696e6774616c6b2d696e746567726174696f6e2d646576656c6f706572__enc.302e302e31 | tenant: public | md5: d42ba641d55db94862582663a7003a82
2026-09-30 17:20:16,043|opType: publish | rt: 2ms | status: success | requestIp: null | dataId: enc.736372697074732f636865636b5f66696c6c61626c655f6669656c64732e7079 | group: skill_enc.706466__enc.302e302e31 | tenant: public | md5: f4ac456f3f0450da2fff366725e095ba
2026-09-30 17:20:16,044|opType: publish | rt: 3ms | status: success | requestIp: null | dataId: reference.md | group: skill_enc.706466__enc.302e302e31 | tenant: public | md5: c98b5ac274243622da3712daa2f859f5
2026-09-30 17:20:16,046|opType: publish | rt: 2ms | status: success | requestIp: null | dataId: forms.md | group: skill_enc.706466__enc.302e302e31 | tenant: public | md5: 17def1f9054156caec43e0db22dfeb2d
2026-09-30 17:20:16,085|opType: publish | rt: 1ms | status: success | requestIp: null | dataId: manifest.json | group: agentspec__enc.656e67696e656572696e672d656d6265646465642d6669726d776172652d656e67696e656572__enc.302e302e31 | tenant: public | md5: 58d4f759a0c468dedfd08564099379be
2026-09-30 17:20:16,089|opType: publish | rt: 1ms | status: success | requestIp: null | dataId: resource_crons_jobs__json.json | group: agentspec__enc.656e67696e656572696e672d656d6265646465642d6669726d776172652d656e67696e656572__enc.302e302e31 | tenant: public | md5: 26ce274b4ececee2fc7870b03fab0eba
2026-09-30 17:20:16,091|opType: publish | rt: 1ms | status: success | requestIp: null | dataId: resource_config_IDENTITY__md.json | group: agentspec__enc.656e67696e656572696e672d656d6265646465642d6669726d776172652d656e67696e656572__enc.302e302e31 | tenant: public | md5: d2f5d4340ffc29379045f44eb97ae3eb
2026-09-30 17:20:16,091|opType: publish | rt: 1ms | status: success | requestIp: null | dataId: resource_tool-analysis_tool-analysis__json.json | group: agentspec__enc.656e67696e656572696e672d656d6265646465642d6669726d776172652d656e67696e656572__enc.302e302e31 | tenant: public | md5: 34ab180aebfc27aa76bd371cf4e068ba
2026-09-30 17:20:16,096|opType: publish | rt: 1ms | status: success | requestIp: null | dataId: resource_config_AGENTS__md.json | group: agentspec__enc.656e67696e656572696e672d656d6265646465642d6669726d776172652d656e67696e656572__enc.302e302e31 | tenant: public | md5: 3b888dcf6b3976b5261d882316332944
2026-09-30 17:20:16,139|opType: publish | rt: 1ms | status: success | requestIp: null | dataId: resource_config_SOUL__md.json | group: agentspec__enc.656e67696e656572696e672d656d6265646465642d6669726d776172652d656e67696e656572__enc.302e302e31 | tenant: public | md5: 7aed141bb3740372ab15759998a186bd
2026-09-30 17:20:16,190|opType: publish | rt: 1ms | status: success | requestIp: null | dataId: LICENSE.txt | group: skill_enc.706466__enc.302e302e31 | tenant: public | md5: f8515c3694eb11622110ca76c7c15d1b
2026-09-30 17:20:16,196|opType: publish | rt: 1ms | status: success | requestIp: null | dataId: enc.736372697074732f6372656174655f76616c69646174696f6e5f696d6167652e7079 | group: skill_enc.706466__enc.302e302e31 | tenant: public | md5: 858ffa552d1963e1d46e0391d45d518d
2026-09-30 17:20:16,198|opType: publish | rt: 1ms | status: success | requestIp: null | dataId: skill_index.json | group: skill_mcp-builder | tenant: public | md5: b6a3cf18f729416be8834b40bfa8d63c
2026-09-30 17:20:16,231|opType: publish | rt: 1ms | status: success | requestIp: null | dataId: resource_config_MEMORY__md.json | group: agentspec__enc.656e67696e656572696e672d656d6265646465642d6669726d776172652d656e67696e656572__enc.302e302e31 | tenant: public | md5: de19e9b1afcd06e76e4b785a9d6cdff3
2026-09-30 17:20:16,234|opType: publish | rt: 1ms | status: success | requestIp: null | dataId: enc.736372697074732f66696c6c5f66696c6c61626c655f6669656c64732e7079 | group: skill_enc.706466__enc.302e302e31 | tenant: public | md5: 85f9da2696f510337ed36030d13e1c5e
2026-09-30 17:20:16,235|opType: publish | rt: 1ms | status: success | requestIp: null | dataId: enc.736372697074732f657874726163745f666f726d5f7374727563747572652e7079 | group: skill_enc.706466__enc.302e302e31 | tenant: public | md5: 1fa3730b44fd5511fc986887842962dd
2026-09-30 17:20:16,240|opType: publish | rt: 2ms | status: success | requestIp: null | dataId: SKILL.md | group: skill_enc.70707478__enc.302e302e31 | tenant: public | md5: 2ab25772526edbe6549960ead453a3b3
2026-09-30 17:20:16,242|opType: publish | rt: 1ms | status: success | requestIp: null | dataId: manifest.json | group: agentspec__enc.656e67696e656572696e672d656d6265646465642d6c696e75782d6472697665722d656e67696e656572__enc.302e302e31 | tenant: public | md5: 2833f99269a2c66c5b3c2bb07870ebd5
2026-09-30 17:20:16,242|opType: publish | rt: 1ms | status: success | requestIp: null | dataId: enc.736372697074732f6f66666963652f736368656d61732f65636d612f666f7574682d65646974696f6e2f6f70632d6469675369672e787364 | group: skill_enc.70707478__enc.302e302e31 | tenant: public | md5: 9d845fe13cbd7ee8526c4ad2cc6eaff4
2026-09-30 17:20:16,243|opType: publish | rt: 2ms | status: success | requestIp: null | dataId: resource_crons_jobs__json.json | group: agentspec__enc.656e67696e656572696e672d656d6265646465642d6c696e75782d6472697665722d656e67696e656572__enc.302e302e31 | tenant: public | md5: f300b7ac458ab4f49696046cf4d30638
2026-09-30 17:20:16,257|opType: publish | rt: 14ms | status: success | requestIp: null | dataId: enc.736372697074732f636c65616e2e7079 | group: skill_enc.70707478__enc.302e302e31 | tenant: public | md5: 802144f24fd71f6893f19e6bff48ac45
2026-09-30 17:20:16,263|opType: publish | rt: 2ms | status: success | requestIp: null | dataId: resource_config_IDENTITY__md.json | group: agentspec__enc.656e67696e656572696e672d656d6265646465642d6c696e75782d6472697665722d656e67696e656572__enc.302e302e31 | tenant: public | md5: 2228455c7b0513fc2b24e81ad13f0858
2026-09-30 17:20:16,263|opType: publish | rt: 1ms | status: success | requestIp: null | dataId: enc.736372697074732f6f66666963652f736368656d61732f6d6963726f736f66742f776d6c2d6365782d323031382e787364 | group: skill_enc.70707478__enc.302e302e31 | tenant: public | md5: 0a234e24eaab261b4faf591b9d7905fb
2026-09-30 17:20:16,263|opType: publish | rt: 2ms | status: success | requestIp: null | dataId: LICENSE.txt | group: skill_enc.70707478__enc.302e302e31 | tenant: public | md5: f8515c3694eb11622110ca76c7c15d1b
2026-09-30 17:20:16,263|opType: publish | rt: 2ms | status: success | requestIp: null | dataId: enc.736372697074732f6f66666963652f76616c696461746f72732f5f5f696e69745f5f2e7079 | group: skill_enc.70707478__enc.302e302e31 | tenant: public | md5: 9577920dc811fff9762a96d4095d95e5
2026-09-30 17:20:16,289|opType: publish | rt: 1ms | status: success | requestIp: null | dataId: resource_tool-analysis_tool-analysis__json.json | group: agentspec__enc.656e67696e656572696e672d656d6265646465642d6c696e75782d6472697665722d656e67696e656572__enc.302e302e31 | tenant: public | md5: 6da56e782dfbb8394846c28c74a0fb36
2026-09-30 17:20:16,293|opType: publish | rt: 2ms | status: success | requestIp: null | dataId: resource_config_AGENTS__md.json | group: agentspec__enc.656e67696e656572696e672d656d6265646465642d6c696e75782d6472697665722d656e67696e656572__enc.302e302e31 | tenant: public | md5: eed359e478d4b27fe6dcc94fe23112a0
2026-09-30 17:20:16,295|opType: publish | rt: 1ms | status: success | requestIp: null | dataId: resource_config_SOUL__md.json | group: agentspec__enc.656e67696e656572696e672d656d6265646465642d6c696e75782d6472697665722d656e67696e656572__enc.302e302e31 | tenant: public | md5: e0698615d361826a7bc144ff182a9e74
2026-09-30 17:20:16,295|opType: publish | rt: 1ms | status: success | requestIp: null | dataId: resource_config_MEMORY__md.json | group: agentspec__enc.656e67696e656572696e672d656d6265646465642d6c696e75782d6472697665722d656e67696e656572__enc.302e302e31 | tenant: public | md5: 00a51f5ce86ab6bd8ed004833ed4bd40
2026-09-30 17:20:16,298|opType: publish | rt: 1ms | status: success | requestIp: null | dataId: manifest.json | group: agentspec__enc.656e67696e656572696e672d6665697368752d696e746567726174696f6e2d646576656c6f706572__enc.302e302e31 | tenant: public | md5: 7d67d323a310e31ef7822e421d501628
2026-09-30 17:20:16,348|opType: publish | rt: 1ms | status: success | requestIp: null | dataId: resource_crons_jobs__json.json | group: agentspec__enc.656e67696e656572696e672d6665697368752d696e746567726174696f6e2d646576656c6f706572__enc.302e302e31 | tenant: public | md5: bc29cc1985fbf13235e427a2bb1716e9
2026-09-30 17:20:16,394|opType: publish | rt: 1ms | status: success | requestIp: null | dataId: editing.md | group: skill_enc.70707478__enc.302e302e31 | tenant: public | md5: 639f560d8c7d3eab2f0408796473ff8b
2026-09-30 17:20:16,430|opType: publish | rt: 31ms | status: success | requestIp: null | dataId: enc.736372697074732f6f66666963652f736368656d61732f49534f2d49454332393530302d345f323031362f646d6c2d6d61696e2e787364 | group: skill_enc.70707478__enc.302e302e31 | tenant: public | md5: 3f7ce9be7913e9b2f671973348d53c7a
2026-09-30 17:20:16,435|opType: publish | rt: 2ms | status: success | requestIp: null | dataId: resource_config_IDENTITY__md.json | group: agentspec__enc.656e67696e656572696e672d6665697368752d696e746567726174696f6e2d646576656c6f706572__enc.302e302e31 | tenant: public | md5: 4906213ed9b91bf7a11a5d70affe1fde
2026-09-30 17:20:16,440|opType: publish | rt: 2ms | status: success | requestIp: null | dataId: enc.736372697074732f6f66666963652f76616c696461746f72732f7265646c696e696e672e7079 | group: skill_enc.70707478__enc.302e302e31 | tenant: public | md5: b2306b0d59975cfbb1325a6c2de3a771
2026-09-30 17:20:16,441|opType: publish | rt: 3ms | status: success | requestIp: null | dataId: skill_index.json | group: skill_pdf | tenant: public | md5: efff986f0276f230d107042f4ee7eef7
2026-09-30 17:20:16,442|opType: publish | rt: 5ms | status: success | requestIp: null | dataId: enc.736372697074732f6f66666963652f736368656d61732f49534f2d49454332393530302d345f323031362f7368617265642d6d6174682e787364 | group: skill_enc.70707478__enc.302e302e31 | tenant: public | md5: 94871ac4677c12091c74e5dd28ae7bbd
2026-09-30 17:20:16,443|opType: publish | rt: 1ms | status: success | requestIp: null | dataId: enc.736372697074732f6f66666963652f76616c69646174652e7079 | group: skill_enc.70707478__enc.302e302e31 | tenant: public | md5: 918f544445da78a3a8927aeb4b75c2f5
2026-09-30 17:20:16,449|opType: publish | rt: 3ms | status: success | requestIp: null | dataId: resource_config_AGENTS__md.json | group: agentspec__enc.656e67696e656572696e672d6665697368752d696e746567726174696f6e2d646576656c6f706572__enc.302e302e31 | tenant: public | md5: 74dfecf5a5adce4124f5fc0d1bfe7f52
2026-09-30 17:20:16,450|opType: publish | rt: 2ms | status: success | requestIp: null | dataId: resource_tool-analysis_tool-analysis__json.json | group: agentspec__enc.656e67696e656572696e672d6665697368752d696e746567726174696f6e2d646576656c6f706572__enc.302e302e31 | tenant: public | md5: 4f2c6c006b0ca25aca1b22d6da7f740e
2026-09-30 17:20:16,452|opType: publish | rt: 4ms | status: success | requestIp: null | dataId: enc.736372697074732f6f66666963652f76616c696461746f72732f646f63782e7079 | group: skill_enc.70707478__enc.302e302e31 | tenant: public | md5: dae6866b59e1066a69f7695fb106c798
2026-09-30 17:20:16,462|opType: publish | rt: 1ms | status: success | requestIp: null | dataId: enc.736372697074732f6f66666963652f68656c706572732f6d657267655f72756e732e7079 | group: skill_enc.70707478__enc.302e302e31 | tenant: public | md5: 50d4546be7e221a5fd8620eea68d50d9
2026-09-30 17:20:16,466|opType: publish | rt: 2ms | status: success | requestIp: null | dataId: enc.736372697074732f6f66666963652f736368656d61732f49534f2d49454332393530302d345f323031362f766d6c2d737072656164736865657444726177696e672e787364 | group: skill_enc.70707478__enc.302e302e31 | tenant: public | md5: f35f25b251fc0c301476cbbbc4919beb
2026-09-30 17:20:16,466|opType: publish | rt: 1ms | status: success | requestIp: null | dataId: resource_config_SOUL__md.json | group: agentspec__enc.656e67696e656572696e672d6665697368752d696e746567726174696f6e2d646576656c6f706572__enc.302e302e31 | tenant: public | md5: 8e82956d10e545743c86e4730779cadb
2026-09-30 17:20:16,467|opType: publish | rt: 2ms | status: success | requestIp: null | dataId: enc.736372697074732f6f66666963652f68656c706572732f73696d706c6966795f7265646c696e65732e7079 | group: skill_enc.70707478__enc.302e302e31 | tenant: public | md5: 27067501a5bad066bd22891d8b6ee040
2026-09-30 17:20:16,468|opType: publish | rt: 2ms | status: success | requestIp: null | dataId: enc.736372697074732f6f66666963652f736368656d61732f49534f2d49454332393530302d345f323031362f646d6c2d737072656164736865657444726177696e672e787364 | group: skill_enc.70707478__enc.302e302e31 | tenant: public | md5: bc7e1640a33e0ca1f35cb2016510e916
2026-09-30 17:20:16,495|opType: publish | rt: 2ms | status: success | requestIp: null | dataId: resource_config_MEMORY__md.json | group: agentspec__enc.656e67696e656572696e672d6665697368752d696e746567726174696f6e2d646576656c6f706572__enc.302e302e31 | tenant: public | md5: d4edbda562ab3a6a074a8d55a1d3f1df
2026-09-30 17:20:16,499|opType: publish | rt: 3ms | status: success | requestIp: null | dataId: manifest.json | group: agentspec__enc.656e67696e656572696e672d667067612d6469676974616c2d64657369676e2d656e67696e656572__enc.302e302e31 | tenant: public | md5: e818ae39b631caf0081d6819eb67bac8
2026-09-30 17:20:16,500|opType: publish | rt: 3ms | status: success | requestIp: null | dataId: resource_crons_jobs__json.json | group: agentspec__enc.656e67696e656572696e672d667067612d6469676974616c2d64657369676e2d656e67696e656572__enc.302e302e31 | tenant: public | md5: 8288f3f1c363e279110d16c50523856c
2026-09-30 17:20:16,501|opType: publish | rt: 2ms | status: success | requestIp: null | dataId: resource_config_IDENTITY__md.json | group: agentspec__enc.656e67696e656572696e672d667067612d6469676974616c2d64657369676e2d656e67696e656572__enc.302e302e31 | tenant: public | md5: b7f29cba535462d713f14bfba17919f4
2026-09-30 17:20:16,502|opType: publish | rt: 1ms | status: success | requestIp: null | dataId: resource_tool-analysis_tool-analysis__json.json | group: agentspec__enc.656e67696e656572696e672d667067612d6469676974616c2d64657369676e2d656e67696e656572__enc.302e302e31 | tenant: public | md5: 0f4533f3d7156385478dddc240295918
2026-09-30 17:20:16,557|opType: publish | rt: 2ms | status: success | requestIp: null | dataId: resource_config_AGENTS__md.json | group: agentspec__enc.656e67696e656572696e672d667067612d6469676974616c2d64657369676e2d656e67696e656572__enc.302e302e31 | tenant: public | md5: 9b8a5e2e8863e902af54cf5b2c726ba4
2026-09-30 17:20:16,642|opType: publish | rt: 40ms | status: success | requestIp: null | dataId: enc.736372697074732f6f66666963652f736368656d61732f49534f2d49454332393530302d345f323031362f736d6c2e787364 | group: skill_enc.70707478__enc.302e302e31 | tenant: public | md5: 27515244005c4c4c0ebf3fae286a9b5a
2026-09-30 17:20:16,642|opType: publish | rt: 6ms | status: success | requestIp: null | dataId: resource_config_SOUL__md.json | group: agentspec__enc.656e67696e656572696e672d667067612d6469676974616c2d64657369676e2d656e67696e656572__enc.302e302e31 | tenant: public | md5: 23578b35c63d92d438e8bc7af924fb96
2026-09-30 17:20:16,650|opType: publish | rt: 13ms | status: success | requestIp: null | dataId: enc.736372697074732f6f66666963652f736368656d61732f49534f2d49454332393530302d345f323031362f7368617265642d646f63756d656e7450726f7065727469657356617269616e7454797065732e787364 | group: skill_enc.70707478__enc.302e302e31 | tenant: public | md5: 7ed294c27d928394b5ff651d8823bd4d
2026-09-30 17:20:16,659|opType: publish | rt: 6ms | status: success | requestIp: null | dataId: enc.736372697074732f6f66666963652f736368656d61732f49534f2d49454332393530302d345f323031362f7368617265642d637573746f6d586d6c4461746150726f706572746965732e787364 | group: skill_enc.70707478__enc.302e302e31 | tenant: public | md5: 0278c442a2adb1385c420446bdbd3449
2026-09-30 17:20:16,660|opType: publish | rt: 7ms | status: success | requestIp: null | dataId: enc.736372697074732f5f5f696e69745f5f2e7079 | group: skill_enc.70707478__enc.302e302e31 | tenant: public | md5: d41d8cd98f00b204e9800998ecf8427e
2026-09-30 17:20:16,661|opType: publish | rt: 5ms | status: success | requestIp: null | dataId: resource_config_MEMORY__md.json | group: agentspec__enc.656e67696e656572696e672d667067612d6469676974616c2d64657369676e2d656e67696e656572__enc.302e302e31 | tenant: public | md5: df396453a7fe4a11b2f7366f92ccf112
2026-09-30 17:20:16,661|opType: publish | rt: 6ms | status: success | requestIp: null | dataId: manifest.json | group: agentspec__enc.656e67696e656572696e672d66726f6e74656e642d646576656c6f706572__enc.302e302e31 | tenant: public | md5: e508328d60a2c0919f857db08e5e0a20
2026-09-30 17:20:16,662|opType: publish | rt: 11ms | status: success | requestIp: null | dataId: enc.736372697074732f6f66666963652f736368656d61732f49534f2d49454332393530302d345f323031362f646d6c2d6469616772616d2e787364 | group: skill_enc.70707478__enc.302e302e31 | tenant: public | md5: 3ff59abd71c4b9033f19161311558ab7
2026-09-30 17:20:16,664|opType: publish | rt: 8ms | status: success | requestIp: null | dataId: enc.736372697074732f6f66666963652f736368656d61732f49534f2d49454332393530302d345f323031362f766d6c2d6f666669636544726177696e672e787364 | group: skill_enc.70707478__enc.302e302e31 | tenant: public | md5: 62f39f988b634ef2c0a1e3a5281e1aa0
2026-09-30 17:20:16,671|opType: publish | rt: 7ms | status: success | requestIp: null | dataId: enc.736372697074732f6f66666963652f736368656d61732f6d6963726f736f66742f776d6c2d323031302e787364 | group: skill_enc.70707478__enc.302e302e31 | tenant: public | md5: 48d648797b801f851d23d8a5ac1190f2
2026-09-30 17:20:16,671|opType: publish | rt: 3ms | status: success | requestIp: null | dataId: enc.736372697074732f6f66666963652f736368656d61732f49534f2d49454332393530302d345f323031362f646d6c2d6c6f636b656443616e7661732e787364 | group: skill_enc.70707478__enc.302e302e31 | tenant: public | md5: d0683e2176f2251b64e5c68e1c375cd1
2026-09-30 17:20:16,671|opType: publish | rt: 1ms | status: success | requestIp: null | dataId: enc.736372697074732f6f66666963652f736368656d61732f65636d612f666f7574682d65646974696f6e2f6f70632d636f6e74656e7454797065732e787364 | group: skill_enc.70707478__enc.302e302e31 | tenant: public | md5: 21ff9fc266194914ad84b29aa19e7018
2026-09-30 17:20:16,672|opType: publish | rt: 2ms | status: success | requestIp: null | dataId: resource_crons_jobs__json.json | group: agentspec__enc.656e67696e656572696e672d66726f6e74656e642d646576656c6f706572__enc.302e302e31 | tenant: public | md5: 03034e2e605733af488dae07d063be20
2026-09-30 17:20:16,696|opType: publish | rt: 25ms | status: success | requestIp: null | dataId: enc.736372697074732f6f66666963652f736368656d61732f49534f2d49454332393530302d345f323031362f776d6c2e787364 | group: skill_enc.70707478__enc.302e302e31 | tenant: public | md5: ba74a726d54fae2b2af6cbf3e45a0ac7
2026-09-30 17:20:16,697|opType: publish | rt: 0ms | status: success | requestIp: null | dataId: resource_config_IDENTITY__md.json | group: agentspec__enc.656e67696e656572696e672d66726f6e74656e642d646576656c6f706572__enc.302e302e31 | tenant: public | md5: b1fb252b414ea202511e94f26485ea07
2026-09-30 17:20:16,707|opType: publish | rt: 4ms | status: success | requestIp: null | dataId: resource_config_SOUL__md.json | group: agentspec__enc.656e67696e656572696e672d66726f6e74656e642d646576656c6f706572__enc.302e302e31 | tenant: public | md5: 2aa1aadf3e71514ceb2ffc2335e3ba0e
2026-09-30 17:20:16,707|opType: publish | rt: 5ms | status: success | requestIp: null | dataId: resource_tool-analysis_tool-analysis__json.json | group: agentspec__enc.656e67696e656572696e672d66726f6e74656e642d646576656c6f706572__enc.302e302e31 | tenant: public | md5: f46951e672f46aa2d4b6c9d439bb5347
2026-09-30 17:20:16,707|opType: publish | rt: 3ms | status: success | requestIp: null | dataId: resource_config_MEMORY__md.json | group: agentspec__enc.656e67696e656572696e672d66726f6e74656e642d646576656c6f706572__enc.302e302e31 | tenant: public | md5: f773d293253faf759ca5dc02ef486686
2026-09-30 17:20:16,707|opType: publish | rt: 4ms | status: success | requestIp: null | dataId: resource_config_AGENTS__md.json | group: agentspec__enc.656e67696e656572696e672d66726f6e74656e642d646576656c6f706572__enc.302e302e31 | tenant: public | md5: 65576c8b7e7e60d462d388ff88c05bb1
2026-09-30 17:20:16,765|opType: publish | rt: 2ms | status: success | requestIp: null | dataId: manifest.json | group: agentspec__enc.656e67696e656572696e672d6769742d776f726b666c6f772d6d6173746572__enc.302e302e31 | tenant: public | md5: a8b2b4893364b64d53a1996517f43013
2026-09-30 17:20:16,846|opType: publish | rt: 2ms | status: success | requestIp: null | dataId: resource_crons_jobs__json.json | group: agentspec__enc.656e67696e656572696e672d6769742d776f726b666c6f772d6d6173746572__enc.302e302e31 | tenant: public | md5: 5d327ad586bb24014c2663494f8951a8
2026-09-30 17:20:16,846|opType: publish | rt: 1ms | status: success | requestIp: null | dataId: enc.736372697074732f6f66666963652f736368656d61732f6d63652f6d632e787364 | group: skill_enc.70707478__enc.302e302e31 | tenant: public | md5: 52e5cccc1ae03c37874236bb470527d5
2026-09-30 17:20:16,854|opType: publish | rt: 1ms | status: success | requestIp: null | dataId: enc.736372697074732f6f66666963652f736368656d61732f49534f2d49454332393530302d345f323031362f766d6c2d70726573656e746174696f6e44726177696e672e787364 | group: skill_enc.70707478__enc.302e302e31 | tenant: public | md5: bd5fa09957c72c11b83a84f3892e1497
2026-09-30 17:20:16,864|opType: publish | rt: 1ms | status: success | requestIp: null | dataId: resource_config_IDENTITY__md.json | group: agentspec__enc.656e67696e656572696e672d6769742d776f726b666c6f772d6d6173746572__enc.302e302e31 | tenant: public | md5: 09f1cb77f78b5e7c470ae7c7832aff01
2026-09-30 17:20:16,865|opType: publish | rt: 1ms | status: success | requestIp: null | dataId: resource_tool-analysis_tool-analysis__json.json | group: agentspec__enc.656e67696e656572696e672d6769742d776f726b666c6f772d6d6173746572__enc.302e302e31 | tenant: public | md5: 54dc7130d830b1edbab1d7109078f01b
2026-09-30 17:20:16,866|opType: publish | rt: 2ms | status: success | requestIp: null | dataId: enc.736372697074732f6f66666963652f736368656d61732f49534f2d49454332393530302d345f323031362f7368617265642d646f63756d656e7450726f70657274696573457874656e6465642e787364 | group: skill_enc.70707478__enc.302e302e31 | tenant: public | md5: bf137503133653b6cac5d82209e65908
2026-09-30 17:20:16,867|opType: publish | rt: 2ms | status: success | requestIp: null | dataId: pptxgenjs.md | group: skill_enc.70707478__enc.302e302e31 | tenant: public | md5: 3def45c7cacef2a2f648bc9f1fce337a
2026-09-30 17:20:16,868|opType: publish | rt: 1ms | status: success | requestIp: null | dataId: enc.736372697074732f7468756d626e61696c2e7079 | group: skill_enc.70707478__enc.302e302e31 | tenant: public | md5: 23ba48fadfd072a5f75c29e0624727d3
2026-09-30 17:20:16,868|opType: publish | rt: 2ms | status: success | requestIp: null | dataId: enc.736372697074732f6f66666963652f736368656d61732f49534f2d49454332393530302d345f323031362f7368617265642d636f6d6d6f6e53696d706c6554797065732e787364 | group: skill_enc.70707478__enc.302e302e31 | tenant: public | md5: 8467bfda5ef339eb1df6652185d65ec9
2026-09-30 17:20:16,883|opType: publish | rt: 9ms | status: success | requestIp: null | dataId: enc.736372697074732f6f66666963652f736368656d61732f65636d612f666f7574682d65646974696f6e2f6f70632d72656c6174696f6e73686970732e787364 | group: skill_enc.70707478__enc.302e302e31 | tenant: public | md5: 83c1e2da90194b600688463398a125fd
2026-09-30 17:20:16,883|opType: publish | rt: 8ms | status: success | requestIp: null | dataId: enc.736372697074732f6f66666963652f736368656d61732f6d6963726f736f66742f776d6c2d323031382e787364 | group: skill_enc.70707478__enc.302e302e31 | tenant: public | md5: ba27663e14790ebbc5dd39ce48caf670
2026-09-30 17:20:16,884|opType: publish | rt: 9ms | status: success | requestIp: null | dataId: resource_config_AGENTS__md.json | group: agentspec__enc.656e67696e656572696e672d6769742d776f726b666c6f772d6d6173746572__enc.302e302e31 | tenant: public | md5: 4aa783327d60a6d2dd0a126f3e0ce53a
2026-09-30 17:20:16,886|opType: publish | rt: 12ms | status: success | requestIp: null | dataId: enc.736372697074732f6f66666963652f76616c696461746f72732f626173652e7079 | group: skill_enc.70707478__enc.302e302e31 | tenant: public | md5: fd8b4f0bf6c070363709936542cecc3b
2026-09-30 17:20:16,904|opType: publish | rt: 4ms | status: success | requestIp: null | dataId: resource_config_SOUL__md.json | group: agentspec__enc.656e67696e656572696e672d6769742d776f726b666c6f772d6d6173746572__enc.302e302e31 | tenant: public | md5: dbdf1d668cb6bddebfeb7f7589f8a2b9
2026-09-30 17:20:16,905|opType: publish | rt: 3ms | status: success | requestIp: null | dataId: enc.736372697074732f6f66666963652f736368656d61732f49534f2d49454332393530302d345f323031362f646d6c2d706963747572652e787364 | group: skill_enc.70707478__enc.302e302e31 | tenant: public | md5: b4dd1b964ecce7e2a425b022068a556d
2026-09-30 17:20:16,911|opType: publish | rt: 2ms | status: success | requestIp: null | dataId: manifest.json | group: agentspec__enc.656e67696e656572696e672d696e636964656e742d726573706f6e73652d636f6d6d616e646572__enc.302e302e31 | tenant: public | md5: 193675023215d38b3eea1d4999d14467
2026-09-30 17:20:16,911|opType: publish | rt: 1ms | status: success | requestIp: null | dataId: resource_config_MEMORY__md.json | group: agentspec__enc.656e67696e656572696e672d6769742d776f726b666c6f772d6d6173746572__enc.302e302e31 | tenant: public | md5: 8f8bc6a4d2c42f0f807fba6e7a2a2447
2026-09-30 17:20:16,911|opType: publish | rt: 1ms | status: success | requestIp: null | dataId: resource_crons_jobs__json.json | group: agentspec__enc.656e67696e656572696e672d696e636964656e742d726573706f6e73652d636f6d6d616e646572__enc.302e302e31 | tenant: public | md5: a151ef329adc89b7408ed13b87c1df0a
2026-09-30 17:20:16,911|opType: publish | rt: 1ms | status: success | requestIp: null | dataId: resource_config_IDENTITY__md.json | group: agentspec__enc.656e67696e656572696e672d696e636964656e742d726573706f6e73652d636f6d6d616e646572__enc.302e302e31 | tenant: public | md5: 599b7691bd9b144269ceb8d16937f575
2026-09-30 17:20:16,969|opType: publish | rt: 1ms | status: success | requestIp: null | dataId: resource_tool-analysis_tool-analysis__json.json | group: agentspec__enc.656e67696e656572696e672d696e636964656e742d726573706f6e73652d636f6d6d616e646572__enc.302e302e31 | tenant: public | md5: ed2cff181fa254d947b73fddb4b6c704
2026-09-30 17:20:17,058|opType: publish | rt: 5ms | status: success | requestIp: null | dataId: resource_config_AGENTS__md.json | group: agentspec__enc.656e67696e656572696e672d696e636964656e742d726573706f6e73652d636f6d6d616e646572__enc.302e302e31 | tenant: public | md5: b8a9a8c6f0c80458e9474f89703f5931
2026-09-30 17:20:17,059|opType: publish | rt: 6ms | status: success | requestIp: null | dataId: enc.736372697074732f6f66666963652f736368656d61732f49534f2d49454332393530302d345f323031362f766d6c2d6d61696e2e787364 | group: skill_enc.70707478__enc.302e302e31 | tenant: public | md5: 26a8d3552ba20d6ae290eaca673361ce
2026-09-30 17:20:17,060|opType: publish | rt: 4ms | status: success | requestIp: null | dataId: enc.736372697074732f6f66666963652f736368656d61732f6d6963726f736f66742f776d6c2d323031322e787364 | group: skill_enc.70707478__enc.302e302e31 | tenant: public | md5: 5510865fe8f0ccbe3c8b58b359973ef1
2026-09-30 17:20:17,067|opType: publish | rt: 1ms | status: success | requestIp: null | dataId: resource_config_SOUL__md.json | group: agentspec__enc.656e67696e656572696e672d696e636964656e742d726573706f6e73652d636f6d6d616e646572__enc.302e302e31 | tenant: public | md5: 06e6fdc156b5c35d4fd1e42321f96ef2
2026-09-30 17:20:17,068|opType: publish | rt: 1ms | status: success | requestIp: null | dataId: resource_config_MEMORY__md.json | group: agentspec__enc.656e67696e656572696e672d696e636964656e742d726573706f6e73652d636f6d6d616e646572__enc.302e302e31 | tenant: public | md5: 89ec507f722fdc14c748bca0682aa1fc
2026-09-30 17:20:17,069|opType: publish | rt: 1ms | status: success | requestIp: null | dataId: enc.736372697074732f6f66666963652f68656c706572732f5f5f696e69745f5f2e7079 | group: skill_enc.70707478__enc.302e302e31 | tenant: public | md5: d41d8cd98f00b204e9800998ecf8427e
2026-09-30 17:20:17,070|opType: publish | rt: 2ms | status: success | requestIp: null | dataId: enc.736372697074732f6f66666963652f736368656d61732f49534f2d49454332393530302d345f323031362f766d6c2d776f726470726f63657373696e6744726177696e672e787364 | group: skill_enc.70707478__enc.302e302e31 | tenant: public | md5: c29beb5dc90ef8c039e836911187520f
2026-09-30 17:20:17,071|opType: publish | rt: 2ms | status: success | requestIp: null | dataId: enc.736372697074732f6f66666963652f736368656d61732f6d6963726f736f66742f776d6c2d73796d65782d323031352e787364 | group: skill_enc.70707478__enc.302e302e31 | tenant: public | md5: 4ea8bf7142ea3eccb435d2acfcc60b65
2026-09-30 17:20:17,071|opType: publish | rt: 1ms | status: success | requestIp: null | dataId: enc.736372697074732f6f66666963652f736368656d61732f49534f2d49454332393530302d345f323031362f7368617265642d646f63756d656e7450726f70657274696573437573746f6d2e787364 | group: skill_enc.70707478__enc.302e302e31 | tenant: public | md5: 2becf9493c5347ace32a2cf0cbf73edc
2026-09-30 17:20:17,088|opType: publish | rt: 2ms | status: success | requestIp: null | dataId: enc.736372697074732f6f66666963652f736368656d61732f49534f2d49454332393530302d345f323031362f7368617265642d72656c6174696f6e736869705265666572656e63652e787364 | group: skill_enc.70707478__enc.302e302e31 | tenant: public | md5: cfb685beb25d462b1c790c922834b348
2026-09-30 17:20:17,089|opType: publish | rt: 2ms | status: success | requestIp: null | dataId: enc.736372697074732f6f66666963652f736368656d61732f6d6963726f736f66742f776d6c2d6369642d323031362e787364 | group: skill_enc.70707478__enc.302e302e31 | tenant: public | md5: f9316c6180c204756fb142d0bdf2bee5
2026-09-30 17:20:17,089|opType: publish | rt: 2ms | status: success | requestIp: null | dataId: manifest.json | group: agentspec__enc.656e67696e656572696e672d696f742d736f6c7574696f6e2d617263686974656374__enc.302e302e31 | tenant: public | md5: 4b3e8293de02be81ba90f50eaa8414eb
2026-09-30 17:20:17,090|opType: publish | rt: 1ms | status: success | requestIp: null | dataId: enc.736372697074732f6f66666963652f736368656d61732f49534f2d49454332393530302d345f323031362f646d6c2d636861727444726177696e672e787364 | group: skill_enc.70707478__enc.302e302e31 | tenant: public | md5: 26413166ffa3dd438e2d46dfa8e9c876
2026-09-30 17:20:17,112|opType: publish | rt: 2ms | status: success | requestIp: null | dataId: enc.736372697074732f6f66666963652f756e7061636b2e7079 | group: skill_enc.70707478__enc.302e302e31 | tenant: public | md5: 345c1b6a0ea7ca37e2019c2491db5fd9
2026-09-30 17:20:17,112|opType: publish | rt: 1ms | status: success | requestIp: null | dataId: resource_crons_jobs__json.json | group: agentspec__enc.656e67696e656572696e672d696f742d736f6c7574696f6e2d617263686974656374__enc.302e302e31 | tenant: public | md5: 364ae35213f5be1a6e7c994eb355e831
2026-09-30 17:20:17,113|opType: publish | rt: 1ms | status: success | requestIp: null | dataId: resource_config_IDENTITY__md.json | group: agentspec__enc.656e67696e656572696e672d696f742d736f6c7574696f6e2d617263686974656374__enc.302e302e31 | tenant: public | md5: 5a8b14f3fafbc873c6331e4c784c4adf
2026-09-30 17:20:17,114|opType: publish | rt: 1ms | status: success | requestIp: null | dataId: resource_tool-analysis_tool-analysis__json.json | group: agentspec__enc.656e67696e656572696e672d696f742d736f6c7574696f6e2d617263686974656374__enc.302e302e31 | tenant: public | md5: 9bdf598bf828f18494d528fbed58f976
2026-09-30 17:20:17,116|opType: publish | rt: 1ms | status: success | requestIp: null | dataId: resource_config_AGENTS__md.json | group: agentspec__enc.656e67696e656572696e672d696f742d736f6c7574696f6e2d617263686974656374__enc.302e302e31 | tenant: public | md5: 5363f3a864224ad7bdadb8534a55f58b
2026-09-30 17:20:17,117|opType: publish | rt: 1ms | status: success | requestIp: null | dataId: resource_config_SOUL__md.json | group: agentspec__enc.656e67696e656572696e672d696f742d736f6c7574696f6e2d617263686974656374__enc.302e302e31 | tenant: public | md5: 7e104d688b065d6b5cdf6150ab4ff535
2026-09-30 17:20:17,175|opType: publish | rt: 3ms | status: success | requestIp: null | dataId: resource_config_MEMORY__md.json | group: agentspec__enc.656e67696e656572696e672d696f742d736f6c7574696f6e2d617263686974656374__enc.302e302e31 | tenant: public | md5: 5bbfc14dc4ce4e123566e4760fd8e32a
2026-09-30 17:20:17,262|opType: publish | rt: 1ms | status: success | requestIp: null | dataId: manifest.json | group: agentspec__enc.656e67696e656572696e672d6d6f62696c652d6170702d6275696c646572__enc.302e302e31 | tenant: public | md5: 730e9182362461f7260b61e0421c764e
2026-09-30 17:20:17,265|opType: publish | rt: 3ms | status: success | requestIp: null | dataId: enc.736372697074732f6f66666963652f736368656d61732f49534f2d49454332393530302d345f323031362f646d6c2d776f726470726f63657373696e6744726177696e672e787364 | group: skill_enc.70707478__enc.302e302e31 | tenant: public | md5: 88236935634cef10ea1229528daa8645
2026-09-30 17:20:17,274|opType: publish | rt: 12ms | status: success | requestIp: null | dataId: enc.736372697074732f6f66666963652f736368656d61732f49534f2d49454332393530302d345f323031362f646d6c2d63686172742e787364 | group: skill_enc.70707478__enc.302e302e31 | tenant: public | md5: ed49aff7a09c146a38ab39b0b065089f
2026-09-30 17:20:17,276|opType: publish | rt: 4ms | status: success | requestIp: null | dataId: enc.736372697074732f6f66666963652f736368656d61732f49534f2d49454332393530302d345f323031362f7368617265642d6164646974696f6e616c4368617261637465726973746963732e787364 | group: skill_enc.70707478__enc.302e302e31 | tenant: public | md5: 6f6dbf54c9d51ce4a0ee7c4cdab14a25
2026-09-30 17:20:17,276|opType: publish | rt: 6ms | status: success | requestIp: null | dataId: resource_crons_jobs__json.json | group: agentspec__enc.656e67696e656572696e672d6d6f62696c652d6170702d6275696c646572__enc.302e302e31 | tenant: public | md5: 74a8985e83176c1e990c47020ee27360
2026-09-30 17:20:17,276|opType: publish | rt: 4ms | status: success | requestIp: null | dataId: resource_config_IDENTITY__md.json | group: agentspec__enc.656e67696e656572696e672d6d6f62696c652d6170702d6275696c646572__enc.302e302e31 | tenant: public | md5: bfb1ea455059a4a8141ddd31f1511571
2026-09-30 17:20:17,278|opType: publish | rt: 4ms | status: success | requestIp: null | dataId: enc.736372697074732f6f66666963652f736368656d61732f65636d612f666f7574682d65646974696f6e2f6f70632d636f726550726f706572746965732e787364 | group: skill_enc.70707478__enc.302e302e31 | tenant: public | md5: f3c84be92899c191b3c7a4fd2e9b6490
2026-09-30 17:20:17,278|opType: publish | rt: 6ms | status: success | requestIp: null | dataId: enc.736372697074732f6f66666963652f736368656d61732f49534f2d49454332393530302d345f323031362f7368617265642d637573746f6d586d6c536368656d6150726f706572746965732e787364 | group: skill_enc.70707478__enc.302e302e31 | tenant: public | md5: 55271a568bfb03eedd9098960f5974cf
2026-09-30 17:20:17,286|opType: publish | rt: 12ms | status: success | requestIp: null | dataId: enc.736372697074732f6f66666963652f736368656d61732f49534f2d49454332393530302d345f323031362f706d6c2e787364 | group: skill_enc.70707478__enc.302e302e31 | tenant: public | md5: e4e1024cca691dab04a1964a13e34639
2026-09-30 17:20:17,296|opType: publish | rt: 7ms | status: success | requestIp: null | dataId: enc.736372697074732f6f66666963652f76616c696461746f72732f707074782e7079 | group: skill_enc.70707478__enc.302e302e31 | tenant: public | md5: 95836f2ecb3e53862b1d166d0a11e255
2026-09-30 17:20:17,296|opType: publish | rt: 1ms | status: success | requestIp: null | dataId: resource_tool-analysis_tool-analysis__json.json | group: agentspec__enc.656e67696e656572696e672d6d6f62696c652d6170702d6275696c646572__enc.302e302e31 | tenant: public | md5: 384d93b3f3d000b476e3d8339cdaac12
2026-09-30 17:20:17,297|opType: publish | rt: 1ms | status: success | requestIp: null | dataId: enc.736372697074732f6f66666963652f736f66666963652e7079 | group: skill_enc.70707478__enc.302e302e31 | tenant: public | md5: 080c37e6f18963f350dda51d922c9f06
2026-09-30 17:20:17,297|opType: publish | rt: 1ms | status: success | requestIp: null | dataId: enc.736372697074732f6f66666963652f736368656d61732f49534f2d49454332393530302d345f323031362f7368617265642d6269626c696f6772617068792e787364 | group: skill_enc.70707478__enc.302e302e31 | tenant: public | md5: 1c0ef0ccbbc7b08bf6f8f8263a0b8d64
2026-09-30 17:20:17,318|opType: publish | rt: 1ms | status: success | requestIp: null | dataId: resource_config_SOUL__md.json | group: agentspec__enc.656e67696e656572696e672d6d6f62696c652d6170702d6275696c646572__enc.302e302e31 | tenant: public | md5: 4f18831051f838d9e0114d41aafd55de
2026-09-30 17:20:17,319|opType: publish | rt: 1ms | status: success | requestIp: null | dataId: enc.736372697074732f6f66666963652f736368656d61732f49534f2d49454332393530302d345f323031362f786d6c2e787364 | group: skill_enc.70707478__enc.302e302e31 | tenant: public | md5: d535ef9799e2bdadb51d7be270d51053
2026-09-30 17:20:17,319|opType: publish | rt: 2ms | status: success | requestIp: null | dataId: resource_config_AGENTS__md.json | group: agentspec__enc.656e67696e656572696e672d6d6f62696c652d6170702d6275696c646572__enc.302e302e31 | tenant: public | md5: 733bef73429649d99ba18a83dd8c6b2a
2026-09-30 17:20:17,319|opType: publish | rt: 1ms | status: success | requestIp: null | dataId: resource_config_MEMORY__md.json | group: agentspec__enc.656e67696e656572696e672d6d6f62696c652d6170702d6275696c646572__enc.302e302e31 | tenant: public | md5: ca9acd52f91e56818dcdd91f4254cdf7
2026-09-30 17:20:17,320|opType: publish | rt: 0ms | status: success | requestIp: null | dataId: manifest.json | group: agentspec__enc.656e67696e656572696e672d72617069642d70726f746f7479706572__enc.302e302e31 | tenant: public | md5: dcb16205057fdf11484806a9288b9dee
2026-09-30 17:20:17,324|opType: publish | rt: 0ms | status: success | requestIp: null | dataId: resource_crons_jobs__json.json | group: agentspec__enc.656e67696e656572696e672d72617069642d70726f746f7479706572__enc.302e302e31 | tenant: public | md5: 2c8ee6a5522a91c419029383e6e3d24f
2026-09-30 17:20:17,386|opType: publish | rt: 4ms | status: success | requestIp: null | dataId: resource_config_IDENTITY__md.json | group: agentspec__enc.656e67696e656572696e672d72617069642d70726f746f7479706572__enc.302e302e31 | tenant: public | md5: 826a29803fced9c55a33a32fe15ceeeb
2026-09-30 17:20:17,470|opType: publish | rt: 2ms | status: success | requestIp: null | dataId: enc.736372697074732f6f66666963652f736368656d61732f6d6963726f736f66742f776d6c2d73647464617461686173682d323032302e787364 | group: skill_enc.70707478__enc.302e302e31 | tenant: public | md5: f9730efba946ebaf9c2ac771c6135505
2026-09-30 17:20:17,470|opType: publish | rt: 1ms | status: success | requestIp: null | dataId: resource_tool-analysis_tool-analysis__json.json | group: agentspec__enc.656e67696e656572696e672d72617069642d70726f746f7479706572__enc.302e302e31 | tenant: public | md5: ce31dc4f9304a6ff083a0bac51141f5a
2026-09-30 17:20:17,482|opType: publish | rt: 3ms | status: success | requestIp: null | dataId: resource_config_AGENTS__md.json | group: agentspec__enc.656e67696e656572696e672d72617069642d70726f746f7479706572__enc.302e302e31 | tenant: public | md5: 55d8c8f95c28af23c9d043c9c2df2df2
2026-09-30 17:20:17,482|opType: publish | rt: 2ms | status: success | requestIp: null | dataId: enc.736372697074732f6164645f736c6964652e7079 | group: skill_enc.70707478__enc.302e302e31 | tenant: public | md5: e01e791c85fbfaabc1ea76ecc85b512a
2026-09-30 17:20:17,483|opType: publish | rt: 3ms | status: success | requestIp: null | dataId: enc.736372697074732f6f66666963652f7061636b2e7079 | group: skill_enc.70707478__enc.302e302e31 | tenant: public | md5: 20d61f93e874fd961122dd0da9de7898
2026-09-30 17:20:17,484|opType: publish | rt: 2ms | status: success | requestIp: null | dataId: enc.6167656e74732f636f6d70617261746f722e6d64 | group: skill_enc.736b696c6c2d63726561746f72__enc.302e302e31 | tenant: public | md5: 1b3e8695c8a40d1ad7af30b622190c99
2026-09-30 17:20:17,485|opType: publish | rt: 4ms | status: success | requestIp: null | dataId: resource_config_SOUL__md.json | group: agentspec__enc.656e67696e656572696e672d72617069642d70726f746f7479706572__enc.302e302e31 | tenant: public | md5: 0570c6b2009433de7de2c3d2ffe8b436
2026-09-30 17:20:17,487|opType: publish | rt: 6ms | status: success | requestIp: null | dataId: SKILL.md | group: skill_enc.736b696c6c2d63726561746f72__enc.302e302e31 | tenant: public | md5: 1f8c01c6240d74bd078461441d1b6bad
2026-09-30 17:20:17,491|opType: publish | rt: 2ms | status: success | requestIp: null | dataId: enc.7265666572656e6365732f736368656d61732e6d64 | group: skill_enc.736b696c6c2d63726561746f72__enc.302e302e31 | tenant: public | md5: 466f2adac472716df6867541ff75c462
2026-09-30 17:20:17,508|opType: publish | rt: 5ms | status: success | requestIp: null | dataId: enc.6167656e74732f6772616465722e6d64 | group: skill_enc.736b696c6c2d63726561746f72__enc.302e302e31 | tenant: public | md5: c8913119223249181559ec9cf9a5e8c6
2026-09-30 17:20:17,508|opType: publish | rt: 4ms | status: success | requestIp: null | dataId: enc.736372697074732f5f5f696e69745f5f2e7079 | group: skill_enc.736b696c6c2d63726561746f72__enc.302e302e31 | tenant: public | md5: d41d8cd98f00b204e9800998ecf8427e
2026-09-30 17:20:17,508|opType: publish | rt: 4ms | status: success | requestIp: null | dataId: resource_config_MEMORY__md.json | group: agentspec__enc.656e67696e656572696e672d72617069642d70726f746f7479706572__enc.302e302e31 | tenant: public | md5: 6feb9f6d59c35f9b991e6f150e620aa5
2026-09-30 17:20:17,509|opType: publish | rt: 4ms | status: success | requestIp: null | dataId: LICENSE.txt | group: skill_enc.736b696c6c2d63726561746f72__enc.302e302e31 | tenant: public | md5: 175792518e4ac015ab6696d16c4f607e
2026-09-30 17:20:17,521|opType: publish | rt: 1ms | status: success | requestIp: null | dataId: manifest.json | group: agentspec__enc.656e67696e656572696e672d73656375726974792d656e67696e656572__enc.302e302e31 | tenant: public | md5: 08777abf31a2e5725c70d553b727a1f7
2026-09-30 17:20:17,523|opType: publish | rt: 2ms | status: success | requestIp: null | dataId: resource_crons_jobs__json.json | group: agentspec__enc.656e67696e656572696e672d73656375726974792d656e67696e656572__enc.302e302e31 | tenant: public | md5: a4812d496e76db7becf6d83e733d3711
2026-09-30 17:20:17,523|opType: publish | rt: 2ms | status: success | requestIp: null | dataId: enc.6173736574732f6576616c5f7265766965772e68746d6c | group: skill_enc.736b696c6c2d63726561746f72__enc.302e302e31 | tenant: public | md5: 215a74d6269d72e8ffd254cedc1e0b0a
2026-09-30 17:20:17,525|opType: publish | rt: 1ms | status: success | requestIp: null | dataId: resource_config_IDENTITY__md.json | group: agentspec__enc.656e67696e656572696e672d73656375726974792d656e67696e656572__enc.302e302e31 | tenant: public | md5: 1704f3c93736bd79c52251a04fae50d5
2026-09-30 17:20:17,526|opType: publish | rt: 2ms | status: success | requestIp: null | dataId: resource_tool-analysis_tool-analysis__json.json | group: agentspec__enc.656e67696e656572696e672d73656375726974792d656e67696e656572__enc.302e302e31 | tenant: public | md5: 3f08b405355f2dde63ce54c363cbd16e
2026-09-30 17:20:17,528|opType: publish | rt: 1ms | status: success | requestIp: null | dataId: resource_config_AGENTS__md.json | group: agentspec__enc.656e67696e656572696e672d73656375726974792d656e67696e656572__enc.302e302e31 | tenant: public | md5: 033f1a016400e9a08371929ebf5911ef
2026-09-30 17:20:17,594|opType: publish | rt: 5ms | status: success | requestIp: null | dataId: resource_config_SOUL__md.json | group: agentspec__enc.656e67696e656572696e672d73656375726974792d656e67696e656572__enc.302e302e31 | tenant: public | md5: 063b0f2f78b3250264283bfea308722b
2026-09-30 17:20:17,678|opType: publish | rt: 4ms | status: success | requestIp: null | dataId: enc.736372697074732f6167677265676174655f62656e63686d61726b2e7079 | group: skill_enc.736b696c6c2d63726561746f72__enc.302e302e31 | tenant: public | md5: 5c2dfb44a0a33c588e9e9f3df60a3537
2026-09-30 17:20:17,679|opType: publish | rt: 2ms | status: success | requestIp: null | dataId: resource_config_MEMORY__md.json | group: agentspec__enc.656e67696e656572696e672d73656375726974792d656e67696e656572__enc.302e302e31 | tenant: public | md5: b009151fa95714e8e2300db11f28614e
2026-09-30 17:20:17,690|opType: publish | rt: 2ms | status: success | requestIp: null | dataId: manifest.json | group: agentspec__enc.656e67696e656572696e672d73656e696f722d646576656c6f706572__enc.302e302e31 | tenant: public | md5: 4118dc10be0b3f03e02239aa532b18aa
2026-09-30 17:20:17,691|opType: publish | rt: 4ms | status: success | requestIp: null | dataId: enc.6167656e74732f616e616c797a65722e6d64 | group: skill_enc.736b696c6c2d63726561746f72__enc.302e302e31 | tenant: public | md5: b78964a8d55ff0e038d657a9cb79f46a
2026-09-30 17:20:17,691|opType: publish | rt: 2ms | status: success | requestIp: null | dataId: resource_crons_jobs__json.json | group: agentspec__enc.656e67696e656572696e672d73656e696f722d646576656c6f706572__enc.302e302e31 | tenant: public | md5: 37f95d5372b7386ce9e1f39e5d5029af
2026-09-30 17:20:17,691|opType: publish | rt: 2ms | status: success | requestIp: null | dataId: enc.736372697074732f7061636b6167655f736b696c6c2e7079 | group: skill_enc.736b696c6c2d63726561746f72__enc.302e302e31 | tenant: public | md5: ba8744b000bd7d7ffcb5c85113113f0e
2026-09-30 17:20:17,692|opType: publish | rt: 2ms | status: success | requestIp: null | dataId: enc.736372697074732f67656e65726174655f7265706f72742e7079 | group: skill_enc.736b696c6c2d63726561746f72__enc.302e302e31 | tenant: public | md5: 09607615aed355c104f9c4f6dec7c9aa
2026-09-30 17:20:17,693|opType: publish | rt: 3ms | status: success | requestIp: null | dataId: enc.736372697074732f696d70726f76655f6465736372697074696f6e2e7079 | group: skill_enc.736b696c6c2d63726561746f72__enc.302e302e31 | tenant: public | md5: b20bbcc3d69bc299b541c8b62c25cefe
2026-09-30 17:20:17,694|opType: publish | rt: 2ms | status: success | requestIp: null | dataId: skill_index.json | group: skill_pptx | tenant: public | md5: dd643ae91b03e129e3cc1029c1cf4997
2026-09-30 17:20:17,696|opType: publish | rt: 2ms | status: success | requestIp: null | dataId: enc.736372697074732f72756e5f6576616c2e7079 | group: skill_enc.736b696c6c2d63726561746f72__enc.302e302e31 | tenant: public | md5: 75269360a221e48f79425605de5e5cb6
2026-09-30 17:20:17,714|opType: publish | rt: 4ms | status: success | requestIp: null | dataId: enc.736372697074732f72756e5f6c6f6f702e7079 | group: skill_enc.736b696c6c2d63726561746f72__enc.302e302e31 | tenant: public | md5: c3365f6c1927bf535f463f841c32ae81
2026-09-30 17:20:17,714|opType: publish | rt: 2ms | status: success | requestIp: null | dataId: resource_config_IDENTITY__md.json | group: agentspec__enc.656e67696e656572696e672d73656e696f722d646576656c6f706572__enc.302e302e31 | tenant: public | md5: 52ac6b29544effd21e5c93b05b1e5b85
2026-09-30 17:20:17,715|opType: publish | rt: 2ms | status: success | requestIp: null | dataId: enc.736372697074732f717569636b5f76616c69646174652e7079 | group: skill_enc.736b696c6c2d63726561746f72__enc.302e302e31 | tenant: public | md5: 8247be9cfc7938843f586b6509a64641
2026-09-30 17:20:17,721|opType: publish | rt: 9ms | status: success | requestIp: null | dataId: enc.6576616c2d7669657765722f7669657765722e68746d6c | group: skill_enc.736b696c6c2d63726561746f72__enc.302e302e31 | tenant: public | md5: bef0b26fd04ee3a25344b7ae361a5bd1
2026-09-30 17:20:17,724|opType: publish | rt: 1ms | status: success | requestIp: null | dataId: resource_tool-analysis_tool-analysis__json.json | group: agentspec__enc.656e67696e656572696e672d73656e696f722d646576656c6f706572__enc.302e302e31 | tenant: public | md5: 263e13aa9a60d1d3dd25b3ab02fc8327
2026-09-30 17:20:17,729|opType: publish | rt: 3ms | status: success | requestIp: null | dataId: resource_config_AGENTS__md.json | group: agentspec__enc.656e67696e656572696e672d73656e696f722d646576656c6f706572__enc.302e302e31 | tenant: public | md5: 48f5e59ccf1bb8e3dfd782e62a3e748f
2026-09-30 17:20:17,730|opType: publish | rt: 3ms | status: success | requestIp: null | dataId: enc.736372697074732f7574696c732e7079 | group: skill_enc.736b696c6c2d63726561746f72__enc.302e302e31 | tenant: public | md5: 6cf213a77cbadc39febbaf9ee57fac10
2026-09-30 17:20:17,730|opType: publish | rt: 1ms | status: success | requestIp: null | dataId: resource_config_MEMORY__md.json | group: agentspec__enc.656e67696e656572696e672d73656e696f722d646576656c6f706572__enc.302e302e31 | tenant: public | md5: 3e687bc2298b20d9958238b07e843917
2026-09-30 17:20:17,731|opType: publish | rt: 1ms | status: success | requestIp: null | dataId: resource_config_SOUL__md.json | group: agentspec__enc.656e67696e656572696e672d73656e696f722d646576656c6f706572__enc.302e302e31 | tenant: public | md5: fc75bda3f7ab10ea29d71db65414567a
2026-09-30 17:20:17,731|opType: publish | rt: 1ms | status: success | requestIp: null | dataId: manifest.json | group: agentspec__enc.656e67696e656572696e672d736f6674776172652d617263686974656374__enc.302e302e31 | tenant: public | md5: 5e52de43dac46738f5c5263d33f343bb
2026-09-30 17:20:17,802|opType: publish | rt: 1ms | status: success | requestIp: null | dataId: resource_crons_jobs__json.json | group: agentspec__enc.656e67696e656572696e672d736f6674776172652d617263686974656374__enc.302e302e31 | tenant: public | md5: 00527e617475e56f94ee159aafad2956
2026-09-30 17:20:17,886|opType: publish | rt: 4ms | status: success | requestIp: null | dataId: enc.6576616c2d7669657765722f67656e65726174655f7265766965772e7079 | group: skill_enc.736b696c6c2d63726561746f72__enc.302e302e31 | tenant: public | md5: d7f883f3d3596e62618faecf298c4f5f
2026-09-30 17:20:17,889|opType: publish | rt: 5ms | status: success | requestIp: null | dataId: resource_config_IDENTITY__md.json | group: agentspec__enc.656e67696e656572696e672d736f6674776172652d617263686974656374__enc.302e302e31 | tenant: public | md5: aac41b2aea387e9f3e61d99eacd44018
2026-09-30 17:20:17,895|opType: publish | rt: 1ms | status: success | requestIp: null | dataId: resource_tool-analysis_tool-analysis__json.json | group: agentspec__enc.656e67696e656572696e672d736f6674776172652d617263686974656374__enc.302e302e31 | tenant: public | md5: 65bd827fe046af0611a0a372795911ff
2026-09-30 17:20:17,895|opType: publish | rt: 2ms | status: success | requestIp: null | dataId: SKILL.md | group: skill_enc.736c61636b2d6769662d63726561746f72__enc.302e302e31 | tenant: public | md5: 20df858cb97a6638728d658d825f4683
2026-09-30 17:20:17,896|opType: publish | rt: 2ms | status: success | requestIp: null | dataId: resource_config_AGENTS__md.json | group: agentspec__enc.656e67696e656572696e672d736f6674776172652d617263686974656374__enc.302e302e31 | tenant: public | md5: 4bd4d6402da444cc0f35354f1f7d9648
2026-09-30 17:20:17,896|opType: publish | rt: 1ms | status: success | requestIp: null | dataId: enc.636f72652f6672616d655f636f6d706f7365722e7079 | group: skill_enc.736c61636b2d6769662d63726561746f72__enc.302e302e31 | tenant: public | md5: 12b7331866a67b0653b2c8e026210637
2026-09-30 17:20:17,897|opType: publish | rt: 2ms | status: success | requestIp: null | dataId: enc.636f72652f656173696e672e7079 | group: skill_enc.736c61636b2d6769662d63726561746f72__enc.302e302e31 | tenant: public | md5: e7fc06b3a101335c6f9c2694920f2905
2026-09-30 17:20:17,897|opType: publish | rt: 1ms | status: success | requestIp: null | dataId: enc.636f72652f6769665f6275696c6465722e7079 | group: skill_enc.736c61636b2d6769662d63726561746f72__enc.302e302e31 | tenant: public | md5: ad49e19c1e0219bc0e4156a5d8d240fe
2026-09-30 17:20:17,899|opType: publish | rt: 2ms | status: success | requestIp: null | dataId: LICENSE.txt | group: skill_enc.736c61636b2d6769662d63726561746f72__enc.302e302e31 | tenant: public | md5: 175792518e4ac015ab6696d16c4f607e
2026-09-30 17:20:17,919|opType: publish | rt: 1ms | status: success | requestIp: null | dataId: requirements.txt | group: skill_enc.736c61636b2d6769662d63726561746f72__enc.302e302e31 | tenant: public | md5: f0438b406aa799a2f7be030d5f0e2185
2026-09-30 17:20:17,921|opType: publish | rt: 1ms | status: success | requestIp: null | dataId: enc.636f72652f76616c696461746f72732e7079 | group: skill_enc.736c61636b2d6769662d63726561746f72__enc.302e302e31 | tenant: public | md5: b5e65b65d0d099f5b0f92201adfaac05
2026-09-30 17:20:17,922|opType: publish | rt: 1ms | status: success | requestIp: null | dataId: resource_config_SOUL__md.json | group: agentspec__enc.656e67696e656572696e672d736f6674776172652d617263686974656374__enc.302e302e31 | tenant: public | md5: 170e906a94ca91b5cd5041f16cb2373e
2026-09-30 17:20:17,929|opType: publish | rt: 4ms | status: success | requestIp: null | dataId: resource_config_MEMORY__md.json | group: agentspec__enc.656e67696e656572696e672d736f6674776172652d617263686974656374__enc.302e302e31 | tenant: public | md5: e7f7bdd6c61f692c938277efc6d8445c
2026-09-30 17:20:17,930|opType: publish | rt: 1ms | status: success | requestIp: null | dataId: SKILL.md | group: skill_enc.74656d706c6174652d736b696c6c__enc.302e302e31 | tenant: public | md5: 2482ca23826a53403bd87dbb246044ab
2026-09-30 17:20:17,935|opType: publish | rt: 2ms | status: success | requestIp: null | dataId: manifest.json | group: agentspec__enc.656e67696e656572696e672d736f6c69646974792d736d6172742d636f6e74726163742d656e67696e656572__enc.302e302e31 | tenant: public | md5: 57ab5af61e353d9f8db3057e55dc2f59
2026-09-30 17:20:17,935|opType: publish | rt: 1ms | status: success | requestIp: null | dataId: SKILL.md | group: skill_enc.7468656d652d666163746f7279__enc.302e302e31 | tenant: public | md5: 4696a61f13e57c7b32f1b159ea7a9e01
2026-09-30 17:20:17,936|opType: publish | rt: 2ms | status: success | requestIp: null | dataId: resource_crons_jobs__json.json | group: agentspec__enc.656e67696e656572696e672d736f6c69646974792d736d6172742d636f6e74726163742d656e67696e656572__enc.302e302e31 | tenant: public | md5: 09e870245cbc4a03ccaaba814acdf509
2026-09-30 17:20:17,936|opType: publish | rt: 1ms | status: success | requestIp: null | dataId: resource_config_IDENTITY__md.json | group: agentspec__enc.656e67696e656572696e672d736f6c69646974792d736d6172742d636f6e74726163742d656e67696e656572__enc.302e302e31 | tenant: public | md5: b7f21c1d8c515bd4c8e04d5e03e9adc0
2026-09-30 17:20:17,936|opType: publish | rt: 1ms | status: success | requestIp: null | dataId: resource_tool-analysis_tool-analysis__json.json | group: agentspec__enc.656e67696e656572696e672d736f6c69646974792d736d6172742d636f6e74726163742d656e67696e656572__enc.302e302e31 | tenant: public | md5: f1792eaab5cc82e976fb30d44f3cbc42
2026-09-30 17:20:18,009|opType: publish | rt: 2ms | status: success | requestIp: null | dataId: resource_config_AGENTS__md.json | group: agentspec__enc.656e67696e656572696e672d736f6c69646974792d736d6172742d636f6e74726163742d656e67696e656572__enc.302e302e31 | tenant: public | md5: c06e0c357e43f7382acb949097a49a52
2026-09-30 17:20:18,110|opType: publish | rt: 15ms | status: success | requestIp: null | dataId: skill_index.json | group: skill_skill-creator | tenant: public | md5: b5dea4a8177b0ed60ab0ea72dcca490f
2026-09-30 17:20:18,110|opType: publish | rt: 14ms | status: success | requestIp: null | dataId: resource_config_SOUL__md.json | group: agentspec__enc.656e67696e656572696e672d736f6c69646974792d736d6172742d636f6e74726163742d656e67696e656572__enc.302e302e31 | tenant: public | md5: 605fc1af51bde75661ed2dd14c54a6fd
2026-09-30 17:20:18,111|opType: publish | rt: 13ms | status: success | requestIp: null | dataId: resource_config_MEMORY__md.json | group: agentspec__enc.656e67696e656572696e672d736f6c69646974792d736d6172742d636f6e74726163742d656e67696e656572__enc.302e302e31 | tenant: public | md5: 4410bbeabe3be58cb4487f827490c06b
2026-09-30 17:20:18,114|opType: publish | rt: 14ms | status: success | requestIp: null | dataId: enc.7468656d65732f626f74616e6963616c2d67617264656e2e6d64 | group: skill_enc.7468656d652d666163746f7279__enc.302e302e31 | tenant: public | md5: cbcf4b3c4440efbd2515c5edbb125cbd
2026-09-30 17:20:18,114|opType: publish | rt: 15ms | status: success | requestIp: null | dataId: enc.7468656d65732f6d69646e696768742d67616c6178792e6d64 | group: skill_enc.7468656d652d666163746f7279__enc.302e302e31 | tenant: public | md5: f2c28f1a3a8e9f132cb2625fbb674317
2026-09-30 17:20:18,114|opType: publish | rt: 6ms | status: success | requestIp: null | dataId: manifest.json | group: agentspec__enc.656e67696e656572696e672d737265__enc.302e302e31 | tenant: public | md5: c067125c790b8878270177d887d8874d
2026-09-30 17:20:18,114|opType: publish | rt: 6ms | status: success | requestIp: null | dataId: enc.7468656d65732f746563682d696e6e6f766174696f6e2e6d64 | group: skill_enc.7468656d652d666163746f7279__enc.302e302e31 | tenant: public | md5: fcc062f7c91159298558ab7e2c23f102
2026-09-30 17:20:18,114|opType: publish | rt: 5ms | status: success | requestIp: null | dataId: enc.7468656d65732f6172637469632d66726f73742e6d64 | group: skill_enc.7468656d652d666163746f7279__enc.302e302e31 | tenant: public | md5: b965587321a87fec6fcfb74479a0792d
2026-09-30 17:20:18,119|opType: publish | rt: 12ms | status: success | requestIp: null | dataId: enc.7468656d65732f73756e7365742d626f756c65766172642e6d64 | group: skill_enc.7468656d652d666163746f7279__enc.302e302e31 | tenant: public | md5: 7a533182584962e7bb5e7577874d0768
2026-09-30 17:20:18,119|opType: publish | rt: 25ms | status: success | requestIp: null | dataId: theme-showcase.pdf | group: skill_enc.7468656d652d666163746f7279__enc.302e302e31 | tenant: public | md5: 91a305895465170b9ba6ee57e3f896d6
2026-09-30 17:20:18,121|opType: publish | rt: 1ms | status: success | requestIp: null | dataId: enc.7468656d65732f6465736572742d726f73652e6d64 | group: skill_enc.7468656d652d666163746f7279__enc.302e302e31 | tenant: public | md5: 0bb0468ce18d9d8bdc13210e5e011199
2026-09-30 17:20:18,125|opType: publish | rt: 1ms | status: success | requestIp: null | dataId: LICENSE.txt | group: skill_enc.7468656d652d666163746f7279__enc.302e302e31 | tenant: public | md5: 175792518e4ac015ab6696d16c4f607e
2026-09-30 17:20:18,127|opType: publish | rt: 3ms | status: success | requestIp: null | dataId: resource_crons_jobs__json.json | group: agentspec__enc.656e67696e656572696e672d737265__enc.302e302e31 | tenant: public | md5: d834a89121195c43327560d12efbd163
2026-09-30 17:20:18,127|opType: publish | rt: 3ms | status: success | requestIp: null | dataId: skill_index.json | group: skill_slack-gif-creator | tenant: public | md5: 132d750b9d65dd9f955dffbd7d1b505b
2026-09-30 17:20:18,134|opType: publish | rt: 2ms | status: success | requestIp: null | dataId: resource_config_IDENTITY__md.json | group: agentspec__enc.656e67696e656572696e672d737265__enc.302e302e31 | tenant: public | md5: b31ce701162a67988269b2043695d13a
2026-09-30 17:20:18,134|opType: publish | rt: 1ms | status: success | requestIp: null | dataId: enc.7468656d65732f6d6f6465726e2d6d696e696d616c6973742e6d64 | group: skill_enc.7468656d652d666163746f7279__enc.302e302e31 | tenant: public | md5: 73b67cfa216fb776976ed268c36f394e
2026-09-30 17:20:18,135|opType: publish | rt: 1ms | status: success | requestIp: null | dataId: skill_index.json | group: skill_template-skill | tenant: public | md5: a954ba25a6022882637d1312aa486859
2026-09-30 17:20:18,137|opType: publish | rt: 1ms | status: success | requestIp: null | dataId: resource_tool-analysis_tool-analysis__json.json | group: agentspec__enc.656e67696e656572696e672d737265__enc.302e302e31 | tenant: public | md5: 8d3b6dee2d108c4cbc0187b00c64d28b
2026-09-30 17:20:18,138|opType: publish | rt: 1ms | status: success | requestIp: null | dataId: resource_config_AGENTS__md.json | group: agentspec__enc.656e67696e656572696e672d737265__enc.302e302e31 | tenant: public | md5: 7033e6f83fcefd1b4f5b60ed8bc0c724
2026-09-30 17:20:18,140|opType: publish | rt: 1ms | status: success | requestIp: null | dataId: resource_config_SOUL__md.json | group: agentspec__enc.656e67696e656572696e672d737265__enc.302e302e31 | tenant: public | md5: 905784d6b2d6edabb904191beb6ead18
2026-09-30 17:20:18,140|opType: publish | rt: 1ms | status: success | requestIp: null | dataId: resource_config_MEMORY__md.json | group: agentspec__enc.656e67696e656572696e672d737265__enc.302e302e31 | tenant: public | md5: 5a9579dc290ad7382ddc051e01bbce6c
2026-09-30 17:20:18,141|opType: publish | rt: 0ms | status: success | requestIp: null | dataId: enc.7468656d65732f6f6365616e2d6465707468732e6d64 | group: skill_enc.7468656d652d666163746f7279__enc.302e302e31 | tenant: public | md5: 702f14f8a16eb7943f4f8fa18632bea7
2026-09-30 17:20:18,215|opType: publish | rt: 1ms | status: success | requestIp: null | dataId: manifest.json | group: agentspec__enc.656e67696e656572696e672d746563686e6963616c2d777269746572__enc.302e302e31 | tenant: public | md5: d4305d20f93b02f6d3549b4bb0657611
2026-09-30 17:20:18,318|opType: publish | rt: 3ms | status: success | requestIp: null | dataId: resource_config_IDENTITY__md.json | group: agentspec__enc.656e67696e656572696e672d746563686e6963616c2d777269746572__enc.302e302e31 | tenant: public | md5: 073c90a31618c13ead29cda4bd9e72de
2026-09-30 17:20:18,318|opType: publish | rt: 3ms | status: success | requestIp: null | dataId: resource_crons_jobs__json.json | group: agentspec__enc.656e67696e656572696e672d746563686e6963616c2d777269746572__enc.302e302e31 | tenant: public | md5: 32ee7ead33b0e0e9423b26010b5fbf93
2026-09-30 17:20:18,320|opType: publish | rt: 3ms | status: success | requestIp: null | dataId: resource_tool-analysis_tool-analysis__json.json | group: agentspec__enc.656e67696e656572696e672d746563686e6963616c2d777269746572__enc.302e302e31 | tenant: public | md5: e93d028258eddbfa98d3aa30749ff04b
2026-09-30 17:20:18,320|opType: publish | rt: 3ms | status: success | requestIp: null | dataId: enc.736372697074732f696e69742d61727469666163742e7368 | group: skill_enc.7765622d6172746966616374732d6275696c646572__enc.302e302e31 | tenant: public | md5: cffd995203d8d54844d67ed87572d1cd
2026-09-30 17:20:18,320|opType: publish | rt: 2ms | status: success | requestIp: null | dataId: enc.7468656d65732f666f726573742d63616e6f70792e6d64 | group: skill_enc.7468656d652d666163746f7279__enc.302e302e31 | tenant: public | md5: a97be058e329c04c4b61de0f3072ccbd
2026-09-30 17:20:18,321|opType: publish | rt: 1ms | status: success | requestIp: null | dataId: enc.7468656d65732f676f6c64656e2d686f75722e6d64 | group: skill_enc.7468656d652d666163746f7279__enc.302e302e31 | tenant: public | md5: 5b29778bec2c4fe98afff9f852d7bebc
2026-09-30 17:20:18,322|opType: publish | rt: 3ms | status: success | requestIp: null | dataId: SKILL.md | group: skill_enc.7765622d6172746966616374732d6275696c646572__enc.302e302e31 | tenant: public | md5: 57d897764216b1c7cb2e3ba8fd2d6da0
2026-09-30 17:20:18,324|opType: publish | rt: 3ms | status: success | requestIp: null | dataId: LICENSE.txt | group: skill_enc.7765622d6172746966616374732d6275696c646572__enc.302e302e31 | tenant: public | md5: 175792518e4ac015ab6696d16c4f607e
2026-09-30 17:20:18,325|opType: publish | rt: 3ms | status: success | requestIp: null | dataId: enc.736372697074732f73686164636e2d636f6d706f6e656e74732e7461722e677a | group: skill_enc.7765622d6172746966616374732d6275696c646572__enc.302e302e31 | tenant: public | md5: 63251b9b168c47c7b83bc30133e45462
2026-09-30 17:20:18,325|opType: publish | rt: 1ms | status: success | requestIp: null | dataId: enc.736372697074732f62756e646c652d61727469666163742e7368 | group: skill_enc.7765622d6172746966616374732d6275696c646572__enc.302e302e31 | tenant: public | md5: 22f56bef1c502e4ab4ae913ac27d622c
2026-09-30 17:20:18,331|opType: publish | rt: 1ms | status: success | requestIp: null | dataId: SKILL.md | group: skill_enc.7765626170702d74657374696e67__enc.302e302e31 | tenant: public | md5: abc12fae434683796ea613bd74c2aea6
2026-09-30 17:20:18,332|opType: publish | rt: 2ms | status: success | requestIp: null | dataId: resource_config_AGENTS__md.json | group: agentspec__enc.656e67696e656572696e672d746563686e6963616c2d777269746572__enc.302e302e31 | tenant: public | md5: 4b2334aed1f115b30bf44c111f88fcfc
2026-09-30 17:20:18,336|opType: publish | rt: 1ms | status: success | requestIp: null | dataId: resource_config_SOUL__md.json | group: agentspec__enc.656e67696e656572696e672d746563686e6963616c2d777269746572__enc.302e302e31 | tenant: public | md5: 729ffdfb4fd30be3839226c8babe9b5f
2026-09-30 17:20:18,337|opType: publish | rt: 0ms | status: success | requestIp: null | dataId: enc.6578616d706c65732f636f6e736f6c655f6c6f6767696e672e7079 | group: skill_enc.7765626170702d74657374696e67__enc.302e302e31 | tenant: public | md5: eeccdae76b3d57954c562d6116bf0dea
2026-09-30 17:20:18,342|opType: publish | rt: 2ms | status: success | requestIp: null | dataId: resource_config_MEMORY__md.json | group: agentspec__enc.656e67696e656572696e672d746563686e6963616c2d777269746572__enc.302e302e31 | tenant: public | md5: 85de1b6d102f936e6acb10b76fe4a173
2026-09-30 17:20:18,343|opType: publish | rt: 2ms | status: success | requestIp: null | dataId: manifest.json | group: agentspec__enc.656e67696e656572696e672d7468726561742d646574656374696f6e2d656e67696e656572__enc.302e302e31 | tenant: public | md5: e787a8fa0481f0787e0e67bb6ebd616d
2026-09-30 17:20:18,343|opType: publish | rt: 1ms | status: success | requestIp: null | dataId: resource_crons_jobs__json.json | group: agentspec__enc.656e67696e656572696e672d7468726561742d646574656374696f6e2d656e67696e656572__enc.302e302e31 | tenant: public | md5: 85098aeeeb058a9183aa84842331c9bb
2026-09-30 17:20:18,344|opType: publish | rt: 2ms | status: success | requestIp: null | dataId: resource_config_IDENTITY__md.json | group: agentspec__enc.656e67696e656572696e672d7468726561742d646574656374696f6e2d656e67696e656572__enc.302e302e31 | tenant: public | md5: de94fd8345ef935f72f5dd3d70e6423f
2026-09-30 17:20:18,345|opType: publish | rt: 1ms | status: success | requestIp: null | dataId: LICENSE.txt | group: skill_enc.7765626170702d74657374696e67__enc.302e302e31 | tenant: public | md5: 175792518e4ac015ab6696d16c4f607e
2026-09-30 17:20:18,421|opType: publish | rt: 2ms | status: success | requestIp: null | dataId: resource_tool-analysis_tool-analysis__json.json | group: agentspec__enc.656e67696e656572696e672d7468726561742d646574656374696f6e2d656e67696e656572__enc.302e302e31 | tenant: public | md5: 811b9f5002ecefb5f4eccb966c0f8d4d
2026-09-30 17:20:18,523|opType: publish | rt: 2ms | status: success | requestIp: null | dataId: resource_config_SOUL__md.json | group: agentspec__enc.656e67696e656572696e672d7468726561742d646574656374696f6e2d656e67696e656572__enc.302e302e31 | tenant: public | md5: cc289ac35b9b0082fe1cf6b46b3d9dfd
2026-09-30 17:20:18,525|opType: publish | rt: 3ms | status: success | requestIp: null | dataId: enc.6578616d706c65732f7374617469635f68746d6c5f6175746f6d6174696f6e2e7079 | group: skill_enc.7765626170702d74657374696e67__enc.302e302e31 | tenant: public | md5: b631a23dc044d41fae4614be9353527d
2026-09-30 17:20:18,525|opType: publish | rt: 4ms | status: success | requestIp: null | dataId: resource_config_AGENTS__md.json | group: agentspec__enc.656e67696e656572696e672d7468726561742d646574656374696f6e2d656e67696e656572__enc.302e302e31 | tenant: public | md5: b4241c482af1fc4a11e5f9dbcb23d653
2026-09-30 17:20:18,525|opType: publish | rt: 2ms | status: success | requestIp: null | dataId: enc.6578616d706c65732f656c656d656e745f646973636f766572792e7079 | group: skill_enc.7765626170702d74657374696e67__enc.302e302e31 | tenant: public | md5: ab18cb3570c77564a08cc73269d7b97d
2026-09-30 17:20:18,525|opType: publish | rt: 1ms | status: success | requestIp: null | dataId: enc.736372697074732f776974685f7365727665722e7079 | group: skill_enc.7765626170702d74657374696e67__enc.302e302e31 | tenant: public | md5: 5182121f66c1b4279a5b3013378e6ea9
2026-09-30 17:20:18,527|opType: publish | rt: 1ms | status: success | requestIp: null | dataId: resource_config_MEMORY__md.json | group: agentspec__enc.656e67696e656572696e672d7468726561742d646574656374696f6e2d656e67696e656572__enc.302e302e31 | tenant: public | md5: f7eb364bc2ec45f70f867ed2f309d7d4
2026-09-30 17:20:18,527|opType: publish | rt: 2ms | status: success | requestIp: null | dataId: SKILL.md | group: skill_enc.786c7378__enc.302e302e31 | tenant: public | md5: 82ebf009b1c6007b2a8c4e2dbdc10f1b
2026-09-30 17:20:18,528|opType: publish | rt: 2ms | status: success | requestIp: null | dataId: enc.736372697074732f6f66666963652f736368656d61732f65636d612f666f7574682d65646974696f6e2f6f70632d6469675369672e787364 | group: skill_enc.786c7378__enc.302e302e31 | tenant: public | md5: 9d845fe13cbd7ee8526c4ad2cc6eaff4
2026-09-30 17:20:18,528|opType: publish | rt: 1ms | status: success | requestIp: null | dataId: skill_index.json | group: skill_theme-factory | tenant: public | md5: e0c1cbdda2ac0138e96fd27efe7da923
2026-09-30 17:20:18,529|opType: publish | rt: 1ms | status: success | requestIp: null | dataId: LICENSE.txt | group: skill_enc.786c7378__enc.302e302e31 | tenant: public | md5: f8515c3694eb11622110ca76c7c15d1b
2026-09-30 17:20:18,530|opType: publish | rt: 1ms | status: success | requestIp: null | dataId: enc.736372697074732f6f66666963652f76616c696461746f72732f5f5f696e69745f5f2e7079 | group: skill_enc.786c7378__enc.302e302e31 | tenant: public | md5: 9577920dc811fff9762a96d4095d95e5
2026-09-30 17:20:18,531|opType: publish | rt: 1ms | status: success | requestIp: null | dataId: skill_index.json | group: skill_web-artifacts-builder | tenant: public | md5: b62e9c05d4309904336002d77b78579d
2026-09-30 17:20:18,535|opType: publish | rt: 1ms | status: success | requestIp: null | dataId: manifest.json | group: agentspec__enc.656e67696e656572696e672d7765636861742d6d696e692d70726f6772616d2d646576656c6f706572__enc.302e302e31 | tenant: public | md5: 7b0767af9b2de5ab6fa0354b63374cd0
2026-09-30 17:20:18,535|opType: publish | rt: 1ms | status: success | requestIp: null | dataId: enc.736372697074732f6f66666963652f736368656d61732f6d6963726f736f66742f776d6c2d6365782d323031382e787364 | group: skill_enc.786c7378__enc.302e302e31 | tenant: public | md5: 0a234e24eaab261b4faf591b9d7905fb
2026-09-30 17:20:18,538|opType: publish | rt: 1ms | status: success | requestIp: null | dataId: resource_crons_jobs__json.json | group: agentspec__enc.656e67696e656572696e672d7765636861742d6d696e692d70726f6772616d2d646576656c6f706572__enc.302e302e31 | tenant: public | md5: 3f6c3f844eb57dd7707bb4bb3b62d6e2
2026-09-30 17:20:18,547|opType: publish | rt: 1ms | status: success | requestIp: null | dataId: resource_config_AGENTS__md.json | group: agentspec__enc.656e67696e656572696e672d7765636861742d6d696e692d70726f6772616d2d646576656c6f706572__enc.302e302e31 | tenant: public | md5: b989642b454f47df33ab6864e9064c2f
2026-09-30 17:20:18,548|opType: publish | rt: 2ms | status: success | requestIp: null | dataId: resource_config_SOUL__md.json | group: agentspec__enc.656e67696e656572696e672d7765636861742d6d696e692d70726f6772616d2d646576656c6f706572__enc.302e302e31 | tenant: public | md5: 50de314b5c5f6d5ba0e2b2077093217b
2026-09-30 17:20:18,548|opType: publish | rt: 4ms | status: success | requestIp: null | dataId: resource_config_IDENTITY__md.json | group: agentspec__enc.656e67696e656572696e672d7765636861742d6d696e692d70726f6772616d2d646576656c6f706572__enc.302e302e31 | tenant: public | md5: 653880baf97edb07d6bc1f3a39026c8f
2026-09-30 17:20:18,548|opType: publish | rt: 3ms | status: success | requestIp: null | dataId: resource_tool-analysis_tool-analysis__json.json | group: agentspec__enc.656e67696e656572696e672d7765636861742d6d696e692d70726f6772616d2d646576656c6f706572__enc.302e302e31 | tenant: public | md5: ffecb58243b69f00e52dfebcca0b3a7d
2026-09-30 17:20:18,557|opType: publish | rt: 10ms | status: success | requestIp: null | dataId: enc.736372697074732f6f66666963652f736368656d61732f49534f2d49454332393530302d345f323031362f7368617265642d6d6174682e787364 | group: skill_enc.786c7378__enc.302e302e31 | tenant: public | md5: 94871ac4677c12091c74e5dd28ae7bbd
2026-09-30 17:20:18,564|opType: publish | rt: 22ms | status: success | requestIp: null | dataId: enc.736372697074732f6f66666963652f736368656d61732f49534f2d49454332393530302d345f323031362f646d6c2d6d61696e2e787364 | group: skill_enc.786c7378__enc.302e302e31 | tenant: public | md5: 3f7ce9be7913e9b2f671973348d53c7a
2026-09-30 17:20:18,626|opType: publish | rt: 1ms | status: success | requestIp: null | dataId: resource_config_MEMORY__md.json | group: agentspec__enc.656e67696e656572696e672d7765636861742d6d696e692d70726f6772616d2d646576656c6f706572__enc.302e302e31 | tenant: public | md5: c13f9eded83c9de1f18b8db652a93e56
2026-09-30 17:20:18,735|opType: publish | rt: 8ms | status: success | requestIp: null | dataId: manifest.json | group: agentspec__enc.66696e616e63652d66696e616e6369616c2d666f7265636173746572__enc.302e302e31 | tenant: public | md5: 00ecf0a80d190a6408e9136bb62f5385
2026-09-30 17:20:18,739|opType: publish | rt: 9ms | status: success | requestIp: null | dataId: resource_crons_jobs__json.json | group: agentspec__enc.66696e616e63652d66696e616e6369616c2d666f7265636173746572__enc.302e302e31 | tenant: public | md5: 1cd2d7962954d2dc681a1eac57a0ee5f
2026-09-30 17:20:18,742|opType: publish | rt: 8ms | status: success | requestIp: null | dataId: enc.736372697074732f6f66666963652f76616c696461746f72732f7265646c696e696e672e7079 | group: skill_enc.786c7378__enc.302e302e31 | tenant: public | md5: b2306b0d59975cfbb1325a6c2de3a771
2026-09-30 17:20:18,742|opType: publish | rt: 3ms | status: success | requestIp: null | dataId: enc.736372697074732f6f66666963652f76616c69646174652e7079 | group: skill_enc.786c7378__enc.302e302e31 | tenant: public | md5: 918f544445da78a3a8927aeb4b75c2f5
2026-09-30 17:20:18,744|opType: publish | rt: 3ms | status: success | requestIp: null | dataId: enc.736372697074732f6f66666963652f76616c696461746f72732f646f63782e7079 | group: skill_enc.786c7378__enc.302e302e31 | tenant: public | md5: dae6866b59e1066a69f7695fb106c798
2026-09-30 17:20:18,746|opType: publish | rt: 3ms | status: success | requestIp: null | dataId: enc.736372697074732f6f66666963652f68656c706572732f6d657267655f72756e732e7079 | group: skill_enc.786c7378__enc.302e302e31 | tenant: public | md5: 50d4546be7e221a5fd8620eea68d50d9
2026-09-30 17:20:18,746|opType: publish | rt: 2ms | status: success | requestIp: null | dataId: enc.736372697074732f6f66666963652f736368656d61732f49534f2d49454332393530302d345f323031362f766d6c2d737072656164736865657444726177696e672e787364 | group: skill_enc.786c7378__enc.302e302e31 | tenant: public | md5: f35f25b251fc0c301476cbbbc4919beb
2026-09-30 17:20:18,747|opType: publish | rt: 3ms | status: success | requestIp: null | dataId: skill_index.json | group: skill_webapp-testing | tenant: public | md5: 1fab1add2582cded48e33f7d26c141ca
2026-09-30 17:20:18,747|opType: publish | rt: 1ms | status: success | requestIp: null | dataId: resource_config_IDENTITY__md.json | group: agentspec__enc.66696e616e63652d66696e616e6369616c2d666f7265636173746572__enc.302e302e31 | tenant: public | md5: 0d8e7134a324264131270537815b32e5
2026-09-30 17:20:18,749|opType: publish | rt: 3ms | status: success | requestIp: null | dataId: resource_tool-analysis_tool-analysis__json.json | group: agentspec__enc.66696e616e63652d66696e616e6369616c2d666f7265636173746572__enc.302e302e31 | tenant: public | md5: 3fed53ae5f07f4eaa848e3b1b8550c8b
2026-09-30 17:20:18,749|opType: publish | rt: 2ms | status: success | requestIp: null | dataId: enc.736372697074732f6f66666963652f68656c706572732f73696d706c6966795f7265646c696e65732e7079 | group: skill_enc.786c7378__enc.302e302e31 | tenant: public | md5: 27067501a5bad066bd22891d8b6ee040
2026-09-30 17:20:18,755|opType: publish | rt: 7ms | status: success | requestIp: null | dataId: enc.736372697074732f6f66666963652f736368656d61732f49534f2d49454332393530302d345f323031362f646d6c2d737072656164736865657444726177696e672e787364 | group: skill_enc.786c7378__enc.302e302e31 | tenant: public | md5: bc7e1640a33e0ca1f35cb2016510e916
2026-09-30 17:20:18,756|opType: publish | rt: 7ms | status: success | requestIp: null | dataId: resource_config_AGENTS__md.json | group: agentspec__enc.66696e616e63652d66696e616e6369616c2d666f7265636173746572__enc.302e302e31 | tenant: public | md5: 5da63914a640c32d09c97853938a9aef
2026-09-30 17:20:18,764|opType: publish | rt: 12ms | status: success | requestIp: null | dataId: resource_crons_jobs__json.json | group: agentspec__enc.66696e616e63652d66726175642d6465746563746f72__enc.302e302e31 | tenant: public | md5: b9eaa5f2fc4d02c1d82cd70840c47133
2026-09-30 17:20:18,764|opType: publish | rt: 13ms | status: success | requestIp: null | dataId: resource_config_MEMORY__md.json | group: agentspec__enc.66696e616e63652d66696e616e6369616c2d666f7265636173746572__enc.302e302e31 | tenant: public | md5: 36e460df6d618fd1375474074a76a83f
2026-09-30 17:20:18,764|opType: publish | rt: 13ms | status: success | requestIp: null | dataId: resource_config_SOUL__md.json | group: agentspec__enc.66696e616e63652d66696e616e6369616c2d666f7265636173746572__enc.302e302e31 | tenant: public | md5: ddb063f2be672a5d6297ff5048a2935d
2026-09-30 17:20:18,764|opType: publish | rt: 12ms | status: success | requestIp: null | dataId: manifest.json | group: agentspec__enc.66696e616e63652d66726175642d6465746563746f72__enc.302e302e31 | tenant: public | md5: cc452ea3099f9e09c9747e7262243d42
2026-09-30 17:20:18,769|opType: publish | rt: 8ms | status: success | requestIp: null | dataId: enc.736372697074732f726563616c632e7079 | group: skill_enc.786c7378__enc.302e302e31 | tenant: public | md5: 530f1af38e5857df10c661d2356d179d
2026-09-30 17:20:18,787|opType: publish | rt: 21ms | status: success | requestIp: null | dataId: enc.736372697074732f6f66666963652f736368656d61732f49534f2d49454332393530302d345f323031362f7368617265642d646f63756d656e7450726f7065727469657356617269616e7454797065732e787364 | group: skill_enc.786c7378__enc.302e302e31 | tenant: public | md5: 7ed294c27d928394b5ff651d8823bd4d
2026-09-30 17:20:18,787|opType: publish | rt: 39ms | status: success | requestIp: null | dataId: enc.736372697074732f6f66666963652f736368656d61732f49534f2d49454332393530302d345f323031362f736d6c2e787364 | group: skill_enc.786c7378__enc.302e302e31 | tenant: public | md5: 27515244005c4c4c0ebf3fae286a9b5a
2026-09-30 17:20:18,831|opType: publish | rt: 2ms | status: success | requestIp: null | dataId: resource_config_IDENTITY__md.json | group: agentspec__enc.66696e616e63652d66726175642d6465746563746f72__enc.302e302e31 | tenant: public | md5: ca8ebd68fc58a743189b4f5b49cf7305
2026-09-30 17:20:18,944|opType: publish | rt: 2ms | status: success | requestIp: null | dataId: resource_tool-analysis_tool-analysis__json.json | group: agentspec__enc.66696e616e63652d66726175642d6465746563746f72__enc.302e302e31 | tenant: public | md5: 6e7ce1a65d6cf4925aab4b67488d6298
2026-09-30 17:20:18,945|opType: publish | rt: 2ms | status: success | requestIp: null | dataId: resource_config_AGENTS__md.json | group: agentspec__enc.66696e616e63652d66726175642d6465746563746f72__enc.302e302e31 | tenant: public | md5: 69d3de9eca4931554c78f8d8bddb6bbd
2026-09-30 17:20:18,951|opType: publish | rt: 6ms | status: success | requestIp: null | dataId: enc.736372697074732f6f66666963652f736368656d61732f49534f2d49454332393530302d345f323031362f7368617265642d637573746f6d586d6c4461746150726f706572746965732e787364 | group: skill_enc.786c7378__enc.302e302e31 | tenant: public | md5: 0278c442a2adb1385c420446bdbd3449
2026-09-30 17:20:18,953|opType: publish | rt: 4ms | status: success | requestIp: null | dataId: enc.736372697074732f6f66666963652f736368656d61732f49534f2d49454332393530302d345f323031362f646d6c2d6c6f636b656443616e7661732e787364 | group: skill_enc.786c7378__enc.302e302e31 | tenant: public | md5: d0683e2176f2251b64e5c68e1c375cd1
2026-09-30 17:20:18,956|opType: publish | rt: 6ms | status: success | requestIp: null | dataId: resource_config_SOUL__md.json | group: agentspec__enc.66696e616e63652d66726175642d6465746563746f72__enc.302e302e31 | tenant: public | md5: 0b7a222ef94630a599ad37e09bcd9c29
2026-09-30 17:20:18,956|opType: publish | rt: 10ms | status: success | requestIp: null | dataId: enc.736372697074732f6f66666963652f736368656d61732f49534f2d49454332393530302d345f323031362f766d6c2d6f666669636544726177696e672e787364 | group: skill_enc.786c7378__enc.302e302e31 | tenant: public | md5: 62f39f988b634ef2c0a1e3a5281e1aa0
2026-09-30 17:20:18,956|opType: publish | rt: 11ms | status: success | requestIp: null | dataId: enc.736372697074732f6f66666963652f736368656d61732f49534f2d49454332393530302d345f323031362f646d6c2d6469616772616d2e787364 | group: skill_enc.786c7378__enc.302e302e31 | tenant: public | md5: 3ff59abd71c4b9033f19161311558ab7
2026-09-30 17:20:18,957|opType: publish | rt: 10ms | status: success | requestIp: null | dataId: enc.736372697074732f6f66666963652f736368656d61732f6d6963726f736f66742f776d6c2d323031302e787364 | group: skill_enc.786c7378__enc.302e302e31 | tenant: public | md5: 48d648797b801f851d23d8a5ac1190f2
2026-09-30 17:20:18,957|opType: publish | rt: 4ms | status: success | requestIp: null | dataId: resource_config_MEMORY__md.json | group: agentspec__enc.66696e616e63652d66726175642d6465746563746f72__enc.302e302e31 | tenant: public | md5: 0438587efb08f9633ed82af76f754156
2026-09-30 17:20:18,957|opType: publish | rt: 3ms | status: success | requestIp: null | dataId: enc.736372697074732f6f66666963652f736368656d61732f65636d612f666f7574682d65646974696f6e2f6f70632d636f6e74656e7454797065732e787364 | group: skill_enc.786c7378__enc.302e302e31 | tenant: public | md5: 21ff9fc266194914ad84b29aa19e7018
2026-09-30 17:20:18,959|opType: publish | rt: 1ms | status: success | requestIp: null | dataId: manifest.json | group: agentspec__enc.66696e616e63652d696e766f6963652d6d616e61676572__enc.302e302e31 | tenant: public | md5: 4bff42af938be517e54bb042f4dc7ef4
2026-09-30 17:20:18,969|opType: publish | rt: 3ms | status: success | requestIp: null | dataId: resource_config_IDENTITY__md.json | group: agentspec__enc.66696e616e63652d696e766f6963652d6d616e61676572__enc.302e302e31 | tenant: public | md5: f005852826971283928a564501962140
2026-09-30 17:20:18,972|opType: publish | rt: 5ms | status: success | requestIp: null | dataId: resource_crons_jobs__json.json | group: agentspec__enc.66696e616e63652d696e766f6963652d6d616e61676572__enc.302e302e31 | tenant: public | md5: 8907db9b31a87e200670d45d9286a1a9
2026-09-30 17:20:18,972|opType: publish | rt: 6ms | status: success | requestIp: null | dataId: resource_tool-analysis_tool-analysis__json.json | group: agentspec__enc.66696e616e63652d696e766f6963652d6d616e61676572__enc.302e302e31 | tenant: public | md5: 32ab95134c2a39811958824d1e9ae65e
2026-09-30 17:20:18,972|opType: publish | rt: 5ms | status: success | requestIp: null | dataId: resource_config_AGENTS__md.json | group: agentspec__enc.66696e616e63652d696e766f6963652d6d616e61676572__enc.302e302e31 | tenant: public | md5: efaeb5c5af779d29918c81817d287773
2026-09-30 17:20:18,978|opType: publish | rt: 7ms | status: success | requestIp: null | dataId: enc.736372697074732f6f66666963652f736368656d61732f6d63652f6d632e787364 | group: skill_enc.786c7378__enc.302e302e31 | tenant: public | md5: 52e5cccc1ae03c37874236bb470527d5
2026-09-30 17:20:18,978|opType: publish | rt: 20ms | status: success | requestIp: null | dataId: enc.736372697074732f6f66666963652f736368656d61732f49534f2d49454332393530302d345f323031362f776d6c2e787364 | group: skill_enc.786c7378__enc.302e302e31 | tenant: public | md5: ba74a726d54fae2b2af6cbf3e45a0ac7
2026-09-30 17:20:18,990|opType: publish | rt: 1ms | status: success | requestIp: null | dataId: enc.736372697074732f6f66666963652f736368656d61732f49534f2d49454332393530302d345f323031362f766d6c2d70726573656e746174696f6e44726177696e672e787364 | group: skill_enc.786c7378__enc.302e302e31 | tenant: public | md5: bd5fa09957c72c11b83a84f3892e1497
2026-09-30 17:20:18,990|opType: publish | rt: 1ms | status: success | requestIp: null | dataId: enc.736372697074732f6f66666963652f736368656d61732f49534f2d49454332393530302d345f323031362f7368617265642d646f63756d656e7450726f70657274696573457874656e6465642e787364 | group: skill_enc.786c7378__enc.302e302e31 | tenant: public | md5: bf137503133653b6cac5d82209e65908
2026-09-30 17:20:19,034|opType: publish | rt: 1ms | status: success | requestIp: null | dataId: resource_config_SOUL__md.json | group: agentspec__enc.66696e616e63652d696e766f6963652d6d616e61676572__enc.302e302e31 | tenant: public | md5: 39306d060ef36f0a99b2f5e0937efe73
2026-09-30 17:20:19,151|opType: publish | rt: 1ms | status: success | requestIp: null | dataId: resource_config_MEMORY__md.json | group: agentspec__enc.66696e616e63652d696e766f6963652d6d616e61676572__enc.302e302e31 | tenant: public | md5: 7157b1e25d2b67d33fbf8b87545f9536
2026-09-30 17:20:19,154|opType: publish | rt: 2ms | status: success | requestIp: null | dataId: manifest.json | group: agentspec__enc.67616d652d617564696f2d656e67696e656572__enc.302e302e31 | tenant: public | md5: 60efbdeea619d1b123583980d0d7e34f
2026-09-30 17:20:19,154|opType: publish | rt: 1ms | status: success | requestIp: null | dataId: enc.736372697074732f6f66666963652f736368656d61732f49534f2d49454332393530302d345f323031362f7368617265642d636f6d6d6f6e53696d706c6554797065732e787364 | group: skill_enc.786c7378__enc.302e302e31 | tenant: public | md5: 8467bfda5ef339eb1df6652185d65ec9
2026-09-30 17:20:19,156|opType: publish | rt: 1ms | status: success | requestIp: null | dataId: enc.736372697074732f6f66666963652f736368656d61732f65636d612f666f7574682d65646974696f6e2f6f70632d72656c6174696f6e73686970732e787364 | group: skill_enc.786c7378__enc.302e302e31 | tenant: public | md5: 83c1e2da90194b600688463398a125fd
2026-09-30 17:20:19,168|opType: publish | rt: 10ms | status: success | requestIp: null | dataId: resource_crons_jobs__json.json | group: agentspec__enc.67616d652d617564696f2d656e67696e656572__enc.302e302e31 | tenant: public | md5: 6fe24aa04c10d070627deef07bba58dc
2026-09-30 17:20:19,169|opType: publish | rt: 11ms | status: success | requestIp: null | dataId: enc.736372697074732f6f66666963652f736368656d61732f6d6963726f736f66742f776d6c2d323031382e787364 | group: skill_enc.786c7378__enc.302e302e31 | tenant: public | md5: ba27663e14790ebbc5dd39ce48caf670
2026-09-30 17:20:19,169|opType: publish | rt: 10ms | status: success | requestIp: null | dataId: enc.736372697074732f6f66666963652f736368656d61732f49534f2d49454332393530302d345f323031362f646d6c2d706963747572652e787364 | group: skill_enc.786c7378__enc.302e302e31 | tenant: public | md5: b4dd1b964ecce7e2a425b022068a556d
2026-09-30 17:20:19,170|opType: publish | rt: 10ms | status: success | requestIp: null | dataId: resource_config_IDENTITY__md.json | group: agentspec__enc.67616d652d617564696f2d656e67696e656572__enc.302e302e31 | tenant: public | md5: b2d42b50ba273177443d825e79bff113
2026-09-30 17:20:19,171|opType: publish | rt: 11ms | status: success | requestIp: null | dataId: resource_tool-analysis_tool-analysis__json.json | group: agentspec__enc.67616d652d617564696f2d656e67696e656572__enc.302e302e31 | tenant: public | md5: 1e896e3c6269b38a3ff151d67a2ca9f5
2026-09-30 17:20:19,172|opType: publish | rt: 14ms | status: success | requestIp: null | dataId: enc.736372697074732f6f66666963652f76616c696461746f72732f626173652e7079 | group: skill_enc.786c7378__enc.302e302e31 | tenant: public | md5: fd8b4f0bf6c070363709936542cecc3b
2026-09-30 17:20:19,173|opType: publish | rt: 13ms | status: success | requestIp: null | dataId: enc.736372697074732f6f66666963652f736368656d61732f49534f2d49454332393530302d345f323031362f766d6c2d6d61696e2e787364 | group: skill_enc.786c7378__enc.302e302e31 | tenant: public | md5: 26a8d3552ba20d6ae290eaca673361ce
2026-09-30 17:20:19,174|opType: publish | rt: 2ms | status: success | requestIp: null | dataId: resource_config_AGENTS__md.json | group: agentspec__enc.67616d652d617564696f2d656e67696e656572__enc.302e302e31 | tenant: public | md5: aabdbbabc7eab3508c9cb93ff4679344
2026-09-30 17:20:19,176|opType: publish | rt: 2ms | status: success | requestIp: null | dataId: resource_config_SOUL__md.json | group: agentspec__enc.67616d652d617564696f2d656e67696e656572__enc.302e302e31 | tenant: public | md5: c5636674c75aa4d8b74a6ac453264859
2026-09-30 17:20:19,176|opType: publish | rt: 1ms | status: success | requestIp: null | dataId: resource_config_MEMORY__md.json | group: agentspec__enc.67616d652d617564696f2d656e67696e656572__enc.302e302e31 | tenant: public | md5: cc05281628b7c3842bcab61bb8bb84c8
2026-09-30 17:20:19,176|opType: publish | rt: 1ms | status: success | requestIp: null | dataId: manifest.json | group: agentspec__enc.67616d652d64657369676e6572__enc.302e302e31 | tenant: public | md5: c288313a4d4c53925cee124e65ddd110
2026-09-30 17:20:19,181|opType: publish | rt: 1ms | status: success | requestIp: null | dataId: enc.736372697074732f6f66666963652f736368656d61732f6d6963726f736f66742f776d6c2d323031322e787364 | group: skill_enc.786c7378__enc.302e302e31 | tenant: public | md5: 5510865fe8f0ccbe3c8b58b359973ef1
2026-09-30 17:20:19,182|opType: publish | rt: 1ms | status: success | requestIp: null | dataId: enc.736372697074732f6f66666963652f68656c706572732f5f5f696e69745f5f2e7079 | group: skill_enc.786c7378__enc.302e302e31 | tenant: public | md5: d41d8cd98f00b204e9800998ecf8427e
2026-09-30 17:20:19,194|opType: publish | rt: 1ms | status: success | requestIp: null | dataId: enc.736372697074732f6f66666963652f736368656d61732f6d6963726f736f66742f776d6c2d73796d65782d323031352e787364 | group: skill_enc.786c7378__enc.302e302e31 | tenant: public | md5: 4ea8bf7142ea3eccb435d2acfcc60b65
2026-09-30 17:20:19,194|opType: publish | rt: 1ms | status: success | requestIp: null | dataId: enc.736372697074732f6f66666963652f736368656d61732f49534f2d49454332393530302d345f323031362f766d6c2d776f726470726f63657373696e6744726177696e672e787364 | group: skill_enc.786c7378__enc.302e302e31 | tenant: public | md5: c29beb5dc90ef8c039e836911187520f
2026-09-30 17:20:19,243|opType: publish | rt: 2ms | status: success | requestIp: null | dataId: resource_crons_jobs__json.json | group: agentspec__enc.67616d652d64657369676e6572__enc.302e302e31 | tenant: public | md5: cc5a8676a7002e326090536190a15672
2026-09-30 17:20:19,362|opType: publish | rt: 3ms | status: success | requestIp: null | dataId: resource_config_IDENTITY__md.json | group: agentspec__enc.67616d652d64657369676e6572__enc.302e302e31 | tenant: public | md5: 9c4c6cfff793f8bcc06021b6d206e4ef
2026-09-30 17:20:19,362|opType: publish | rt: 2ms | status: success | requestIp: null | dataId: resource_tool-analysis_tool-analysis__json.json | group: agentspec__enc.67616d652d64657369676e6572__enc.302e302e31 | tenant: public | md5: c0808e3b3b29363d2e6cccd060aa2438
2026-09-30 17:20:19,363|opType: publish | rt: 2ms | status: success | requestIp: null | dataId: enc.736372697074732f6f66666963652f736368656d61732f49534f2d49454332393530302d345f323031362f7368617265642d646f63756d656e7450726f70657274696573437573746f6d2e787364 | group: skill_enc.786c7378__enc.302e302e31 | tenant: public | md5: 2becf9493c5347ace32a2cf0cbf73edc
2026-09-30 17:20:19,363|opType: publish | rt: 2ms | status: success | requestIp: null | dataId: enc.736372697074732f6f66666963652f736368656d61732f6d6963726f736f66742f776d6c2d6369642d323031362e787364 | group: skill_enc.786c7378__enc.302e302e31 | tenant: public | md5: f9316c6180c204756fb142d0bdf2bee5
2026-09-30 17:20:19,373|opType: publish | rt: 2ms | status: success | requestIp: null | dataId: enc.736372697074732f6f66666963652f736368656d61732f49534f2d49454332393530302d345f323031362f7368617265642d72656c6174696f6e736869705265666572656e63652e787364 | group: skill_enc.786c7378__enc.302e302e31 | tenant: public | md5: cfb685beb25d462b1c790c922834b348
2026-09-30 17:20:19,373|opType: publish | rt: 1ms | status: success | requestIp: null | dataId: resource_config_AGENTS__md.json | group: agentspec__enc.67616d652d64657369676e6572__enc.302e302e31 | tenant: public | md5: b89c05aa777221ee0bdc50b8f83d0c53
2026-09-30 17:20:19,374|opType: publish | rt: 2ms | status: success | requestIp: null | dataId: enc.736372697074732f6f66666963652f736368656d61732f49534f2d49454332393530302d345f323031362f646d6c2d636861727444726177696e672e787364 | group: skill_enc.786c7378__enc.302e302e31 | tenant: public | md5: 26413166ffa3dd438e2d46dfa8e9c876
2026-09-30 17:20:19,374|opType: publish | rt: 2ms | status: success | requestIp: null | dataId: resource_config_SOUL__md.json | group: agentspec__enc.67616d652d64657369676e6572__enc.302e302e31 | tenant: public | md5: b71ce54770608585679ed473dd06ca11
2026-09-30 17:20:19,376|opType: publish | rt: 2ms | status: success | requestIp: null | dataId: resource_config_MEMORY__md.json | group: agentspec__enc.67616d652d64657369676e6572__enc.302e302e31 | tenant: public | md5: d2badc99265de247fecdd34938c7af01
2026-09-30 17:20:19,376|opType: publish | rt: 1ms | status: success | requestIp: null | dataId: enc.736372697074732f6f66666963652f756e7061636b2e7079 | group: skill_enc.786c7378__enc.302e302e31 | tenant: public | md5: 345c1b6a0ea7ca37e2019c2491db5fd9
2026-09-30 17:20:19,382|opType: publish | rt: 6ms | status: success | requestIp: null | dataId: manifest.json | group: agentspec__enc.67616f6b616f2d636f6c6c6567652d61647669736f72__enc.302e302e31 | tenant: public | md5: e3776b04de40d1c4b0b5c703d1978299
2026-09-30 17:20:19,384|opType: publish | rt: 7ms | status: success | requestIp: null | dataId: resource_crons_jobs__json.json | group: agentspec__enc.67616f6b616f2d636f6c6c6567652d61647669736f72__enc.302e302e31 | tenant: public | md5: 7d38836d9f6f259197df826fc22d193b
2026-09-30 17:20:19,388|opType: publish | rt: 9ms | status: success | requestIp: null | dataId: resource_config_IDENTITY__md.json | group: agentspec__enc.67616f6b616f2d636f6c6c6567652d61647669736f72__enc.302e302e31 | tenant: public | md5: af9e4644a9789235a9b033c7e42f7383
2026-09-30 17:20:19,388|opType: publish | rt: 13ms | status: success | requestIp: null | dataId: enc.736372697074732f6f66666963652f736368656d61732f49534f2d49454332393530302d345f323031362f646d6c2d63686172742e787364 | group: skill_enc.786c7378__enc.302e302e31 | tenant: public | md5: ed49aff7a09c146a38ab39b0b065089f
2026-09-30 17:20:19,388|opType: publish | rt: 5ms | status: success | requestIp: null | dataId: enc.736372697074732f6f66666963652f736368656d61732f49534f2d49454332393530302d345f323031362f7368617265642d6164646974696f6e616c4368617261637465726973746963732e787364 | group: skill_enc.786c7378__enc.302e302e31 | tenant: public | md5: 6f6dbf54c9d51ce4a0ee7c4cdab14a25
2026-09-30 17:20:19,388|opType: publish | rt: 8ms | status: success | requestIp: null | dataId: resource_tool-analysis_tool-analysis__json.json | group: agentspec__enc.67616f6b616f2d636f6c6c6567652d61647669736f72__enc.302e302e31 | tenant: public | md5: e77d6506a3495e06d9b76f33c7873f3c
2026-09-30 17:20:19,388|opType: publish | rt: 5ms | status: success | requestIp: null | dataId: enc.736372697074732f6f66666963652f736368656d61732f49534f2d49454332393530302d345f323031362f646d6c2d776f726470726f63657373696e6744726177696e672e787364 | group: skill_enc.786c7378__enc.302e302e31 | tenant: public | md5: 88236935634cef10ea1229528daa8645
2026-09-30 17:20:19,397|opType: publish | rt: 1ms | status: success | requestIp: null | dataId: enc.736372697074732f6f66666963652f736368656d61732f49534f2d49454332393530302d345f323031362f7368617265642d637573746f6d586d6c536368656d6150726f706572746965732e787364 | group: skill_enc.786c7378__enc.302e302e31 | tenant: public | md5: 55271a568bfb03eedd9098960f5974cf
2026-09-30 17:20:19,407|opType: publish | rt: 10ms | status: success | requestIp: null | dataId: enc.736372697074732f6f66666963652f736368656d61732f49534f2d49454332393530302d345f323031362f706d6c2e787364 | group: skill_enc.786c7378__enc.302e302e31 | tenant: public | md5: e4e1024cca691dab04a1964a13e34639
2026-09-30 17:20:19,451|opType: publish | rt: 2ms | status: success | requestIp: null | dataId: resource_config_AGENTS__md.json | group: agentspec__enc.67616f6b616f2d636f6c6c6567652d61647669736f72__enc.302e302e31 | tenant: public | md5: 20a12ce0a75c80d3677a78ffba8f3b76
2026-09-30 17:20:19,575|opType: publish | rt: 3ms | status: success | requestIp: null | dataId: resource_config_MEMORY__md.json | group: agentspec__enc.67616f6b616f2d636f6c6c6567652d61647669736f72__enc.302e302e31 | tenant: public | md5: b4433835e704a1816856e114b3c34fb9
2026-09-30 17:20:19,576|opType: publish | rt: 3ms | status: success | requestIp: null | dataId: resource_config_SOUL__md.json | group: agentspec__enc.67616f6b616f2d636f6c6c6567652d61647669736f72__enc.302e302e31 | tenant: public | md5: 9231f9404987afadccc6e10d3ee51a0b
2026-09-30 17:20:19,577|opType: publish | rt: 3ms | status: success | requestIp: null | dataId: enc.736372697074732f6f66666963652f76616c696461746f72732f707074782e7079 | group: skill_enc.786c7378__enc.302e302e31 | tenant: public | md5: 95836f2ecb3e53862b1d166d0a11e255
2026-09-30 17:20:19,577|opType: publish | rt: 2ms | status: success | requestIp: null | dataId: enc.736372697074732f6f66666963652f736368656d61732f65636d612f666f7574682d65646974696f6e2f6f70632d636f726550726f706572746965732e787364 | group: skill_enc.786c7378__enc.302e302e31 | tenant: public | md5: f3c84be92899c191b3c7a4fd2e9b6490
2026-09-30 17:20:19,580|opType: publish | rt: 2ms | status: success | requestIp: null | dataId: manifest.json | group: agentspec__enc.676f646f742d67616d65706c61792d7363726970746572__enc.302e302e31 | tenant: public | md5: 8dca7077be2e5de15dd52fd37dae48b9
2026-09-30 17:20:19,580|opType: publish | rt: 1ms | status: success | requestIp: null | dataId: resource_crons_jobs__json.json | group: agentspec__enc.676f646f742d67616d65706c61792d7363726970746572__enc.302e302e31 | tenant: public | md5: 52712976e7ba70ebb1bce2a729fcf73d
2026-09-30 17:20:19,589|opType: publish | rt: 9ms | status: success | requestIp: null | dataId: enc.736372697074732f6f66666963652f736368656d61732f49534f2d49454332393530302d345f323031362f7368617265642d6269626c696f6772617068792e787364 | group: skill_enc.786c7378__enc.302e302e31 | tenant: public | md5: 1c0ef0ccbbc7b08bf6f8f8263a0b8d64
2026-09-30 17:20:19,589|opType: publish | rt: 9ms | status: success | requestIp: null | dataId: enc.736372697074732f6f66666963652f736f66666963652e7079 | group: skill_enc.786c7378__enc.302e302e31 | tenant: public | md5: 080c37e6f18963f350dda51d922c9f06
2026-09-30 17:20:19,590|opType: publish | rt: 9ms | status: success | requestIp: null | dataId: resource_config_IDENTITY__md.json | group: agentspec__enc.676f646f742d67616d65706c61792d7363726970746572__enc.302e302e31 | tenant: public | md5: 526ce0c4400785998ab1f4f636895fd2
2026-09-30 17:20:19,590|opType: publish | rt: 9ms | status: success | requestIp: null | dataId: enc.736372697074732f6f66666963652f736368656d61732f49534f2d49454332393530302d345f323031362f786d6c2e787364 | group: skill_enc.786c7378__enc.302e302e31 | tenant: public | md5: d535ef9799e2bdadb51d7be270d51053
2026-09-30 17:20:19,593|opType: publish | rt: 2ms | status: success | requestIp: null | dataId: resource_tool-analysis_tool-analysis__json.json | group: agentspec__enc.676f646f742d67616d65706c61792d7363726970746572__enc.302e302e31 | tenant: public | md5: ed547315b7db2b1ccc2a7ec210fcbd3c
2026-09-30 17:20:19,594|opType: publish | rt: 3ms | status: success | requestIp: null | dataId: resource_config_AGENTS__md.json | group: agentspec__enc.676f646f742d67616d65706c61792d7363726970746572__enc.302e302e31 | tenant: public | md5: 6da602797e570ec4ed6d42d6c37322dc
2026-09-30 17:20:19,596|opType: publish | rt: 4ms | status: success | requestIp: null | dataId: resource_config_SOUL__md.json | group: agentspec__enc.676f646f742d67616d65706c61792d7363726970746572__enc.302e302e31 | tenant: public | md5: 5eb629fc43e8035d3dcc9cf01c6264f2
2026-09-30 17:20:19,598|opType: publish | rt: 5ms | status: success | requestIp: null | dataId: enc.736372697074732f6f66666963652f7061636b2e7079 | group: skill_enc.786c7378__enc.302e302e31 | tenant: public | md5: 20d61f93e874fd961122dd0da9de7898
2026-09-30 17:20:19,599|opType: publish | rt: 7ms | status: success | requestIp: null | dataId: SKILL.md | group: skill_enc.62726f777365722d757365__enc.302e302e31 | tenant: public | md5: e5072e70d70f65366699cf438a6892e9
2026-09-30 17:20:19,600|opType: publish | rt: 4ms | status: success | requestIp: null | dataId: resource_config_MEMORY__md.json | group: agentspec__enc.676f646f742d67616d65706c61792d7363726970746572__enc.302e302e31 | tenant: public | md5: c25a7265e4a25a2521e964830ceaf6ed
2026-09-30 17:20:19,602|opType: publish | rt: 3ms | status: success | requestIp: null | dataId: enc.736372697074732f6f66666963652f736368656d61732f6d6963726f736f66742f776d6c2d73647464617461686173682d323032302e787364 | group: skill_enc.786c7378__enc.302e302e31 | tenant: public | md5: f9730efba946ebaf9c2ac771c6135505
2026-09-30 17:20:19,622|opType: publish | rt: 22ms | status: success | requestIp: null | dataId: SKILL.md | group: skill_enc.636c6f7564__enc.302e302e31 | tenant: public | md5: f19b1dca9781891077bd743696e6228f
2026-09-30 17:20:19,624|opType: publish | rt: 1ms | status: success | requestIp: null | dataId: enc.7265666572656e6365732f6775696465732f636861742d75692e6d64 | group: skill_enc.636c6f7564__enc.302e302e31 | tenant: public | md5: 1b7227ad19954f053801b1a972d47a03
2026-09-30 17:20:19,659|opType: publish | rt: 3ms | status: success | requestIp: null | dataId: manifest.json | group: agentspec__enc.676f646f742d6d756c7469706c617965722d656e67696e656572__enc.302e302e31 | tenant: public | md5: e3e32a3d48b05e741b4b39e90b076826
2026-09-30 17:20:19,786|opType: publish | rt: 4ms | status: success | requestIp: null | dataId: enc.7265666572656e6365732f6775696465732f7375626167656e742e6d64 | group: skill_enc.636c6f7564__enc.302e302e31 | tenant: public | md5: 86251ac1664f78821e68d4b9758a1704
2026-09-30 17:20:19,786|opType: publish | rt: 3ms | status: success | requestIp: null | dataId: resource_crons_jobs__json.json | group: agentspec__enc.676f646f742d6d756c7469706c617965722d656e67696e656572__enc.302e302e31 | tenant: public | md5: 95734399251ed9d4b15df25d2dbd8dbf
2026-09-30 17:20:19,787|opType: publish | rt: 2ms | status: success | requestIp: null | dataId: enc.7265666572656e6365732f62726f777365722d6170692e6d64 | group: skill_enc.636c6f7564__enc.302e302e31 | tenant: public | md5: 901b66d1c011a544032b35d096188c8f
2026-09-30 17:20:19,788|opType: publish | rt: 2ms | status: success | requestIp: null | dataId: resource_config_IDENTITY__md.json | group: agentspec__enc.676f646f742d6d756c7469706c617965722d656e67696e656572__enc.302e302e31 | tenant: public | md5: 10779497a4293a226399d7252d361208
2026-09-30 17:20:19,789|opType: publish | rt: 2ms | status: success | requestIp: null | dataId: resource_tool-analysis_tool-analysis__json.json | group: agentspec__enc.676f646f742d6d756c7469706c617965722d656e67696e656572__enc.302e302e31 | tenant: public | md5: b88a530b5f7441a8516d8fd415259362
2026-09-30 17:20:19,789|opType: publish | rt: 1ms | status: success | requestIp: null | dataId: resource_config_AGENTS__md.json | group: agentspec__enc.676f646f742d6d756c7469706c617965722d656e67696e656572__enc.302e302e31 | tenant: public | md5: ffec8ed20364a7fb2518a935de835ad6
2026-09-30 17:20:19,798|opType: publish | rt: 4ms | status: success | requestIp: null | dataId: enc.7265666572656e6365732f66656174757265732e6d64 | group: skill_enc.636c6f7564__enc.302e302e31 | tenant: public | md5: 0def1ddc8304bcef345ffa99aea75de4
2026-09-30 17:20:19,798|opType: publish | rt: 2ms | status: success | requestIp: null | dataId: enc.7265666572656e6365732f7061747465726e732e6d64 | group: skill_enc.636c6f7564__enc.302e302e31 | tenant: public | md5: c18f73b81fda33cb4d216a9de511aba6
2026-09-30 17:20:19,801|opType: publish | rt: 4ms | status: success | requestIp: null | dataId: enc.7265666572656e6365732f717569636b73746172742e6d64 | group: skill_enc.636c6f7564__enc.302e302e31 | tenant: public | md5: 96365e5a6d93499594d3da5c3ce751f1
2026-09-30 17:20:19,801|opType: publish | rt: 4ms | status: success | requestIp: null | dataId: resource_config_MEMORY__md.json | group: agentspec__enc.676f646f742d6d756c7469706c617965722d656e67696e656572__enc.302e302e31 | tenant: public | md5: 3a272e56480f2908607ddfe7c2d6cd16
2026-09-30 17:20:19,804|opType: publish | rt: 5ms | status: success | requestIp: null | dataId: resource_config_SOUL__md.json | group: agentspec__enc.676f646f742d6d756c7469706c617965722d656e67696e656572__enc.302e302e31 | tenant: public | md5: 494f2beddf7a0553c1ef541cf3bbba99
2026-09-30 17:20:19,807|opType: publish | rt: 6ms | status: success | requestIp: null | dataId: manifest.json | group: agentspec__enc.676f646f742d7368616465722d646576656c6f706572__enc.302e302e31 | tenant: public | md5: 3b2b33d9f3077e1bd65f5f86d7425005
2026-09-30 17:20:19,808|opType: publish | rt: 6ms | status: success | requestIp: null | dataId: resource_crons_jobs__json.json | group: agentspec__enc.676f646f742d7368616465722d646576656c6f706572__enc.302e302e31 | tenant: public | md5: 06d250d0237f2b9de364e93991dbc4e8
2026-09-30 17:20:19,810|opType: publish | rt: 5ms | status: success | requestIp: null | dataId: enc.7265666572656e6365732f6170692d76322e6d64 | group: skill_enc.636c6f7564__enc.302e302e31 | tenant: public | md5: b8f322f33fd30ee321885ad4b0957161
2026-09-30 17:20:19,811|opType: publish | rt: 3ms | status: success | requestIp: null | dataId: enc.7265666572656e6365732f73657373696f6e732e6d64 | group: skill_enc.636c6f7564__enc.302e302e31 | tenant: public | md5: 02845c9da7d215f82664daf6d8e03469
2026-09-30 17:20:19,811|opType: publish | rt: 3ms | status: success | requestIp: null | dataId: resource_config_IDENTITY__md.json | group: agentspec__enc.676f646f742d7368616465722d646576656c6f706572__enc.302e302e31 | tenant: public | md5: a6c576e6c13f30099b8732e266bab80f
2026-09-30 17:20:19,814|opType: publish | rt: 3ms | status: success | requestIp: null | dataId: skill_index.json | group: skill_browser-use | tenant: public | md5: a954ba25a6022882637d1312aa486859
2026-09-30 17:20:19,814|opType: publish | rt: 3ms | status: success | requestIp: null | dataId: enc.7265666572656e6365732f6170692d76332e6d64 | group: skill_enc.636c6f7564__enc.302e302e31 | tenant: public | md5: d531ae4f3a63d125f7a90c593feecdfc
2026-09-30 17:20:19,816|opType: publish | rt: 2ms | status: success | requestIp: null | dataId: skill_index.json | group: skill_xlsx | tenant: public | md5: 8c5d296c14a99c102f611f7fbac3b04c
2026-09-30 17:20:19,833|opType: publish | rt: 8ms | status: success | requestIp: null | dataId: enc.7265666572656e6365732f6775696465732f746f6f6c732d696e746567726174696f6e2e6d64 | group: skill_enc.636c6f7564__enc.302e302e31 | tenant: public | md5: 50447e26e509ac3f166c181ae0578504
2026-09-30 17:20:19,836|opType: publish | rt: 3ms | status: success | requestIp: null | dataId: SKILL.md | group: skill_enc.6f70656e2d736f75726365__enc.302e302e31 | tenant: public | md5: 822c23ae8b8d52b4e3f926a747e03ef7
2026-09-30 17:20:19,867|opType: publish | rt: 3ms | status: success | requestIp: null | dataId: resource_tool-analysis_tool-analysis__json.json | group: agentspec__enc.676f646f742d7368616465722d646576656c6f706572__enc.302e302e31 | tenant: public | md5: 7fe68ed7ee9e89508fd6488a7d560d06
2026-09-30 17:20:20,011|opType: publish | rt: 22ms | status: success | requestIp: null | dataId: resource_config_AGENTS__md.json | group: agentspec__enc.676f646f742d7368616465722d646576656c6f706572__enc.302e302e31 | tenant: public | md5: 768b899b532c09738d36407475a15127
2026-09-30 17:20:20,011|opType: publish | rt: 16ms | status: success | requestIp: null | dataId: resource_config_MEMORY__md.json | group: agentspec__enc.676f646f742d7368616465722d646576656c6f706572__enc.302e302e31 | tenant: public | md5: 7e1e32d4a84b89800f4003cf8d05bb9b
2026-09-30 17:20:20,012|opType: publish | rt: 13ms | status: success | requestIp: null | dataId: enc.7265666572656e6365732f6d6f64656c732e6d64 | group: skill_enc.6f70656e2d736f75726365__enc.302e302e31 | tenant: public | md5: 08c4d0159b44ca42804c9847006dbdfb
2026-09-30 17:20:20,012|opType: publish | rt: 9ms | status: success | requestIp: null | dataId: manifest.json | group: agentspec__enc.676f7665726e6d656e742d6469676974616c2d70726573616c65732d636f6e73756c74616e74__enc.302e302e31 | tenant: public | md5: 6507ba87d80e5455e991f6139b6848f2
2026-09-30 17:20:20,012|opType: publish | rt: 4ms | status: success | requestIp: null | dataId: resource_config_SOUL__md.json | group: agentspec__enc.676f646f742d7368616465722d646576656c6f706572__enc.302e302e31 | tenant: public | md5: c1a3f1edd2bc314d68eb730fbfc8f0d8
2026-09-30 17:20:20,020|opType: publish | rt: 8ms | status: success | requestIp: null | dataId: enc.7265666572656e6365732f696e746567726174696f6e732e6d64 | group: skill_enc.6f70656e2d736f75726365__enc.302e302e31 | tenant: public | md5: b53fd3000b79c677930db41f682be38c
2026-09-30 17:20:20,021|opType: publish | rt: 5ms | status: success | requestIp: null | dataId: resource_config_IDENTITY__md.json | group: agentspec__enc.676f7665726e6d656e742d6469676974616c2d70726573616c65732d636f6e73756c74616e74__enc.302e302e31 | tenant: public | md5: ce33bef0a8cfe10e3253d368a7f415e4
2026-09-30 17:20:20,022|opType: publish | rt: 5ms | status: success | requestIp: null | dataId: resource_tool-analysis_tool-analysis__json.json | group: agentspec__enc.676f7665726e6d656e742d6469676974616c2d70726573616c65732d636f6e73756c74616e74__enc.302e302e31 | tenant: public | md5: 44e49d1965f8e41494dad0f0ed8174e0
2026-09-30 17:20:20,023|opType: publish | rt: 8ms | status: success | requestIp: null | dataId: enc.7265666572656e6365732f6163746f722e6d64 | group: skill_enc.6f70656e2d736f75726365__enc.302e302e31 | tenant: public | md5: cae3272fb501303ed1b57425c1f3fb1a
2026-09-30 17:20:20,023|opType: publish | rt: 7ms | status: success | requestIp: null | dataId: resource_crons_jobs__json.json | group: agentspec__enc.676f7665726e6d656e742d6469676974616c2d70726573616c65732d636f6e73756c74616e74__enc.302e302e31 | tenant: public | md5: 61deca819a10b363d17bf6fbcccdecf6
2026-09-30 17:20:20,023|opType: publish | rt: 10ms | status: success | requestIp: null | dataId: enc.7265666572656e6365732f6167656e742e6d64 | group: skill_enc.6f70656e2d736f75726365__enc.302e302e31 | tenant: public | md5: 703c845ba2486af17492c6c99b431735
2026-09-30 17:20:20,024|opType: publish | rt: 10ms | status: success | requestIp: null | dataId: enc.7265666572656e6365732f717569636b73746172742e6d64 | group: skill_enc.6f70656e2d736f75726365__enc.302e302e31 | tenant: public | md5: dcd082b63e21491b99cff07b6590e177
2026-09-30 17:20:20,024|opType: publish | rt: 3ms | status: success | requestIp: null | dataId: resource_config_AGENTS__md.json | group: agentspec__enc.676f7665726e6d656e742d6469676974616c2d70726573616c65732d636f6e73756c74616e74__enc.302e302e31 | tenant: public | md5: fdb9257c097b44e4e6d17010304d0f52
2026-09-30 17:20:20,025|opType: publish | rt: 3ms | status: success | requestIp: null | dataId: resource_config_SOUL__md.json | group: agentspec__enc.676f7665726e6d656e742d6469676974616c2d70726573616c65732d636f6e73756c74616e74__enc.302e302e31 | tenant: public | md5: 944cffc642d279370849651a26dc053a
2026-09-30 17:20:20,025|opType: publish | rt: 4ms | status: success | requestIp: null | dataId: enc.7265666572656e6365732f6578616d706c65732e6d64 | group: skill_enc.6f70656e2d736f75726365__enc.302e302e31 | tenant: public | md5: e6790d0fe62eff99ee571460d2270309
2026-09-30 17:20:20,025|opType: publish | rt: 4ms | status: success | requestIp: null | dataId: enc.7265666572656e6365732f746f6f6c732e6d64 | group: skill_enc.6f70656e2d736f75726365__enc.302e302e31 | tenant: public | md5: a70db80857383ce0723d58364abd7bf9
2026-09-30 17:20:20,026|opType: publish | rt: 2ms | status: success | requestIp: null | dataId: enc.7265666572656e6365732f6d6f6e69746f72696e672e6d64 | group: skill_enc.6f70656e2d736f75726365__enc.302e302e31 | tenant: public | md5: d8357cc320d50715c428471ee4996c07
2026-09-30 17:20:20,045|opType: publish | rt: 6ms | status: success | requestIp: null | dataId: SKILL.md | group: skill_enc.72656d6f74652d62726f77736572__enc.302e302e31 | tenant: public | md5: b295e5c1b958dfe3aa59d26cedfa9129
2026-09-30 17:20:20,045|opType: publish | rt: 6ms | status: success | requestIp: null | dataId: enc.7265666572656e6365732f62726f777365722e6d64 | group: skill_enc.6f70656e2d736f75726365__enc.302e302e31 | tenant: public | md5: aca6669a3d2b0ecb162a2b641d753393
2026-09-30 17:20:20,045|opType: publish | rt: 6ms | status: success | requestIp: null | dataId: skill_index.json | group: skill_cloud | tenant: public | md5: 65b1ce5cdc8de07335276edd5232866e
2026-09-30 17:20:20,075|opType: publish | rt: 2ms | status: success | requestIp: null | dataId: resource_config_MEMORY__md.json | group: agentspec__enc.676f7665726e6d656e742d6469676974616c2d70726573616c65732d636f6e73756c74616e74__enc.302e302e31 | tenant: public | md5: b2c97f68f592bba4eaacb9888b5b59d8
2026-09-30 17:20:20,216|opType: publish | rt: 1ms | status: success | requestIp: null | dataId: manifest.json | group: agentspec__enc.6865616c7468636172652d6d61726b6574696e672d636f6d706c69616e6365__enc.302e302e31 | tenant: public | md5: 9de624d8dcba08b9096eda5c48f521f8
2026-09-30 17:20:20,217|opType: publish | rt: 2ms | status: success | requestIp: null | dataId: resource_crons_jobs__json.json | group: agentspec__enc.6865616c7468636172652d6d61726b6574696e672d636f6d706c69616e6365__enc.302e302e31 | tenant: public | md5: ac3c1147d29e09fef4c77bccbeeb38f3
2026-09-30 17:20:20,217|opType: publish | rt: 1ms | status: success | requestIp: null | dataId: SKILL.md | group: skill_enc.61622d746573742d7365747570__enc.312e312e30 | tenant: public | md5: ac421ef56e22fa8160ebffb64fb3ba12
2026-09-30 17:20:20,218|opType: publish | rt: 2ms | status: success | requestIp: null | dataId: resource_config_IDENTITY__md.json | group: agentspec__enc.6865616c7468636172652d6d61726b6574696e672d636f6d706c69616e6365__enc.302e302e31 | tenant: public | md5: b610c9b2bcc6ed85074b307eaba22652
2026-09-30 17:20:20,219|opType: publish | rt: 2ms | status: success | requestIp: null | dataId: resource_tool-analysis_tool-analysis__json.json | group: agentspec__enc.6865616c7468636172652d6d61726b6574696e672d636f6d706c69616e6365__enc.302e302e31 | tenant: public | md5: 4e392769aaa29641b50b0ba932888fee
2026-09-30 17:20:20,225|opType: publish | rt: 2ms | status: success | requestIp: null | dataId: enc.6576616c732f6576616c732e6a736f6e | group: skill_enc.61622d746573742d7365747570__enc.312e312e30 | tenant: public | md5: 4011649b84da8ab16a78e1875e121995
2026-09-30 17:20:20,228|opType: publish | rt: 2ms | status: success | requestIp: null | dataId: enc.7265666572656e6365732f73616d706c652d73697a652d67756964652e6d64 | group: skill_enc.61622d746573742d7365747570__enc.312e312e30 | tenant: public | md5: 53d92dc350d573e45c67c52b7592bdd0
2026-09-30 17:20:20,228|opType: publish | rt: 1ms | status: success | requestIp: null | dataId: resource_config_MEMORY__md.json | group: agentspec__enc.6865616c7468636172652d6d61726b6574696e672d636f6d706c69616e6365__enc.302e302e31 | tenant: public | md5: 2dd16ddf0f2bfe6f44a15666acedf505
2026-09-30 17:20:20,229|opType: publish | rt: 2ms | status: success | requestIp: null | dataId: resource_config_SOUL__md.json | group: agentspec__enc.6865616c7468636172652d6d61726b6574696e672d636f6d706c69616e6365__enc.302e302e31 | tenant: public | md5: 6d7260d941dbe17174762b942227cebe
2026-09-30 17:20:20,229|opType: publish | rt: 1ms | status: success | requestIp: null | dataId: resource_crons_jobs__json.json | group: agentspec__enc.68722d706572666f726d616e63652d7265766965776572__enc.302e302e31 | tenant: public | md5: 8d4f61f516bb76f9f4f33c853b16cc45
2026-09-30 17:20:20,230|opType: publish | rt: 1ms | status: success | requestIp: null | dataId: manifest.json | group: agentspec__enc.68722d706572666f726d616e63652d7265766965776572__enc.302e302e31 | tenant: public | md5: 7d5f88eb362585573b2b1eee12303d66
2026-09-30 17:20:20,231|opType: publish | rt: 3ms | status: success | requestIp: null | dataId: resource_config_AGENTS__md.json | group: agentspec__enc.6865616c7468636172652d6d61726b6574696e672d636f6d706c69616e6365__enc.302e302e31 | tenant: public | md5: f92af3a4a14882a930102a7a22344e78
2026-09-30 17:20:20,231|opType: publish | rt: 2ms | status: success | requestIp: null | dataId: enc.7265666572656e6365732f746573742d74656d706c617465732e6d64 | group: skill_enc.61622d746573742d7365747570__enc.312e312e30 | tenant: public | md5: 8e46639677b0f7aaccb5e89b40f852fe
2026-09-30 17:20:20,250|opType: publish | rt: 2ms | status: success | requestIp: null | dataId: skill_index.json | group: skill_remote-browser | tenant: public | md5: a954ba25a6022882637d1312aa486859
2026-09-30 17:20:20,253|opType: publish | rt: 2ms | status: success | requestIp: null | dataId: skill_index.json | group: skill_open-source | tenant: public | md5: c7c6bd961c6b7453a8165b9dfecf715c
2026-09-30 17:20:20,254|opType: publish | rt: 2ms | status: success | requestIp: null | dataId: SKILL.md | group: skill_enc.61642d6372656174697665__enc.312e312e30 | tenant: public | md5: 9f79189d2fcb99c6f26914da4ff250f7
2026-09-30 17:20:20,254|opType: publish | rt: 2ms | status: success | requestIp: null | dataId: enc.6576616c732f6576616c732e6a736f6e | group: skill_enc.61642d6372656174697665__enc.312e312e30 | tenant: public | md5: f9689f6425f3e4706433f947461b4a16
2026-09-30 17:20:20,254|opType: publish | rt: 1ms | status: success | requestIp: null | dataId: enc.7265666572656e6365732f706c6174666f726d2d73706563732e6d64 | group: skill_enc.61642d6372656174697665__enc.312e312e30 | tenant: public | md5: 029ff4d6ecf6dd26a3cb86754db8b646
2026-09-30 17:20:20,257|opType: publish | rt: 4ms | status: success | requestIp: null | dataId: enc.7265666572656e6365732f67656e657261746976652d746f6f6c732e6d64 | group: skill_enc.61642d6372656174697665__enc.312e312e30 | tenant: public | md5: 82ccbba1f0deab073af5b6bb5b15c58d
2026-09-30 17:20:20,282|opType: publish | rt: 1ms | status: success | requestIp: null | dataId: resource_config_IDENTITY__md.json | group: agentspec__enc.68722d706572666f726d616e63652d7265766965776572__enc.302e302e31 | tenant: public | md5: 22601d3ca6cb6ddd2a595e63d06031b6
2026-09-30 17:20:20,423|opType: publish | rt: 2ms | status: success | requestIp: null | dataId: resource_tool-analysis_tool-analysis__json.json | group: agentspec__enc.68722d706572666f726d616e63652d7265766965776572__enc.302e302e31 | tenant: public | md5: 0469c0058d29c9acc5c586a24ae03cd8
2026-09-30 17:20:20,424|opType: publish | rt: 2ms | status: success | requestIp: null | dataId: resource_config_SOUL__md.json | group: agentspec__enc.68722d706572666f726d616e63652d7265766965776572__enc.302e302e31 | tenant: public | md5: bae2be8781ce230df61637269d3a82f1
2026-09-30 17:20:20,424|opType: publish | rt: 2ms | status: success | requestIp: null | dataId: resource_config_AGENTS__md.json | group: agentspec__enc.68722d706572666f726d616e63652d7265766965776572__enc.302e302e31 | tenant: public | md5: 363db1b63aa1b93597f3142b8cb07c6f
2026-09-30 17:20:20,424|opType: publish | rt: 1ms | status: success | requestIp: null | dataId: resource_config_MEMORY__md.json | group: agentspec__enc.68722d706572666f726d616e63652d7265766965776572__enc.302e302e31 | tenant: public | md5: adac6597cc6722d3133d1415b4cdf654
2026-09-30 17:20:20,432|opType: publish | rt: 2ms | status: success | requestIp: null | dataId: resource_crons_jobs__json.json | group: agentspec__enc.68722d726563727569746572__enc.302e302e31 | tenant: public | md5: f2048715db39846bb307d35b003aecba
2026-09-30 17:20:20,432|opType: publish | rt: 1ms | status: success | requestIp: null | dataId: manifest.json | group: agentspec__enc.68722d726563727569746572__enc.302e302e31 | tenant: public | md5: d14a83fa13ca2b49559c684097178f99
2026-09-30 17:20:20,436|opType: publish | rt: 3ms | status: success | requestIp: null | dataId: resource_tool-analysis_tool-analysis__json.json | group: agentspec__enc.68722d726563727569746572__enc.302e302e31 | tenant: public | md5: 8fccd2bce0e32b1aa3f5e8c56880aa28
2026-09-30 17:20:20,436|opType: publish | rt: 3ms | status: success | requestIp: null | dataId: resource_config_IDENTITY__md.json | group: agentspec__enc.68722d726563727569746572__enc.302e302e31 | tenant: public | md5: 18b4fb67526f49a7b286f4e0a6b33ea9
2026-09-30 17:20:20,444|opType: publish | rt: 8ms | status: success | requestIp: null | dataId: resource_config_AGENTS__md.json | group: agentspec__enc.68722d726563727569746572__enc.302e302e31 | tenant: public | md5: e04b3043679050cbf16c41a6f7304362
2026-09-30 17:20:20,444|opType: publish | rt: 7ms | status: success | requestIp: null | dataId: skill_index.json | group: skill_ab-test-setup | tenant: public | md5: 2e2c718043fa3966abb5af7f825c60a5
2026-09-30 17:20:20,457|opType: publish | rt: 4ms | status: success | requestIp: null | dataId: enc.6576616c732f6576616c732e6a736f6e | group: skill_enc.61692d73656f__enc.312e312e30 | tenant: public | md5: 90a8bb9bcf6399cd2158ecf01f10caf9
2026-09-30 17:20:20,457|opType: publish | rt: 3ms | status: success | requestIp: null | dataId: SKILL.md | group: skill_enc.61692d73656f__enc.312e312e30 | tenant: public | md5: b51f2f05c62d61e4245f19fa7d9ec3f3
2026-09-30 17:20:20,457|opType: publish | rt: 3ms | status: success | requestIp: null | dataId: enc.7265666572656e6365732f636f6e74656e742d7061747465726e732e6d64 | group: skill_enc.61692d73656f__enc.312e312e30 | tenant: public | md5: 45f5425f963e54e06d52017ff15d07d5
2026-09-30 17:20:20,457|opType: publish | rt: 2ms | status: success | requestIp: null | dataId: enc.7265666572656e6365732f706c6174666f726d2d72616e6b696e672d666163746f72732e6d64 | group: skill_enc.61692d73656f__enc.312e312e30 | tenant: public | md5: fc6091f69af69605cf4512bdf87aaceb
2026-09-30 17:20:20,460|opType: publish | rt: 2ms | status: success | requestIp: null | dataId: SKILL.md | group: skill_enc.616e616c79746963732d747261636b696e67__enc.312e312e30 | tenant: public | md5: a6b01ae7e65d851d0a48f010c502b1ba
2026-09-30 17:20:20,460|opType: publish | rt: 2ms | status: success | requestIp: null | dataId: enc.6576616c732f6576616c732e6a736f6e | group: skill_enc.616e616c79746963732d747261636b696e67__enc.312e312e30 | tenant: public | md5: 9345aeced114a8a04ffc2bd3960850c1
2026-09-30 17:20:20,461|opType: publish | rt: 2ms | status: success | requestIp: null | dataId: enc.7265666572656e6365732f6576656e742d6c6962726172792e6d64 | group: skill_enc.616e616c79746963732d747261636b696e67__enc.312e312e30 | tenant: public | md5: fb9879a7e98e929f3139a0a6e9c27f57
2026-09-30 17:20:20,461|opType: publish | rt: 1ms | status: success | requestIp: null | dataId: enc.7265666572656e6365732f6761342d696d706c656d656e746174696f6e2e6d64 | group: skill_enc.616e616c79746963732d747261636b696e67__enc.312e312e30 | tenant: public | md5: 25a51ecf8e085e8d26fc48c854b3f0b9
2026-09-30 17:20:20,461|opType: publish | rt: 2ms | status: success | requestIp: null | dataId: enc.7265666572656e6365732f67746d2d696d706c656d656e746174696f6e2e6d64 | group: skill_enc.616e616c79746963732d747261636b696e67__enc.312e312e30 | tenant: public | md5: 767c55e30af16d5322aba15e740ca8ad
2026-09-30 17:20:20,461|opType: publish | rt: 1ms | status: success | requestIp: null | dataId: skill_index.json | group: skill_ad-creative | tenant: public | md5: da8c2d5fd7bb1c4fa2b78ca629b1f28f
2026-09-30 17:20:20,487|opType: publish | rt: 1ms | status: success | requestIp: null | dataId: resource_config_SOUL__md.json | group: agentspec__enc.68722d726563727569746572__enc.302e302e31 | tenant: public | md5: aaa7d08dc297f8c2a7ced4b77c1514bd
2026-09-30 17:20:20,628|opType: publish | rt: 2ms | status: success | requestIp: null | dataId: resource_config_MEMORY__md.json | group: agentspec__enc.68722d726563727569746572__enc.302e302e31 | tenant: public | md5: 21a8453060f375807997b542d8873785
2026-09-30 17:20:20,629|opType: publish | rt: 2ms | status: success | requestIp: null | dataId: resource_crons_jobs__json.json | group: agentspec__enc.6964656e746974792d67726170682d6f70657261746f72__enc.302e302e31 | tenant: public | md5: 69bddb7b97e1c807812f83a63fad157e
2026-09-30 17:20:20,629|opType: publish | rt: 1ms | status: success | requestIp: null | dataId: manifest.json | group: agentspec__enc.6964656e746974792d67726170682d6f70657261746f72__enc.302e302e31 | tenant: public | md5: d9713df6a52de14e12830a60b36c7206
2026-09-30 17:20:20,633|opType: publish | rt: 2ms | status: success | requestIp: null | dataId: resource_config_IDENTITY__md.json | group: agentspec__enc.6964656e746974792d67726170682d6f70657261746f72__enc.302e302e31 | tenant: public | md5: 38df42811b1c9d1df87d4f4b46a29cd2
2026-09-30 17:20:20,635|opType: publish | rt: 1ms | status: success | requestIp: null | dataId: resource_tool-analysis_tool-analysis__json.json | group: agentspec__enc.6964656e746974792d67726170682d6f70657261746f72__enc.302e302e31 | tenant: public | md5: 56434bde8681cba5d664e3a968dd5c13
2026-09-30 17:20:20,638|opType: publish | rt: 3ms | status: success | requestIp: null | dataId: resource_config_AGENTS__md.json | group: agentspec__enc.6964656e746974792d67726170682d6f70657261746f72__enc.302e302e31 | tenant: public | md5: 20f78670e9710db2f4d560b32edf7d7f
2026-09-30 17:20:20,640|opType: publish | rt: 1ms | status: success | requestIp: null | dataId: resource_config_SOUL__md.json | group: agentspec__enc.6964656e746974792d67726170682d6f70657261746f72__enc.302e302e31 | tenant: public | md5: 99563c28ce5f802de88592b6a62d45a1
2026-09-30 17:20:20,640|opType: publish | rt: 1ms | status: success | requestIp: null | dataId: resource_config_MEMORY__md.json | group: agentspec__enc.6964656e746974792d67726170682d6f70657261746f72__enc.302e302e31 | tenant: public | md5: da92a126feddc400a52df54e2e412beb
2026-09-30 17:20:20,652|opType: publish | rt: 2ms | status: success | requestIp: null | dataId: manifest.json | group: agentspec__enc.6c6567616c2d636f6e74726163742d7265766965776572__enc.302e302e31 | tenant: public | md5: 50d3c148d5ba487b41e1e28917243149
2026-09-30 17:20:20,654|opType: publish | rt: 3ms | status: success | requestIp: null | dataId: SKILL.md | group: skill_enc.636875726e2d70726576656e74696f6e__enc.312e312e30 | tenant: public | md5: e6996b919f30e33c3798b52dc69e53a4
2026-09-30 17:20:20,665|opType: publish | rt: 3ms | status: success | requestIp: null | dataId: enc.6576616c732f6576616c732e6a736f6e | group: skill_enc.636875726e2d70726576656e74696f6e__enc.312e312e30 | tenant: public | md5: b24421a6fca782816447eb0f5f72d5df
2026-09-30 17:20:20,666|opType: publish | rt: 3ms | status: success | requestIp: null | dataId: enc.7265666572656e6365732f63616e63656c2d666c6f772d7061747465726e732e6d64 | group: skill_enc.636875726e2d70726576656e74696f6e__enc.312e312e30 | tenant: public | md5: ceeae524c5d1161243695b1086d64875
2026-09-30 17:20:20,666|opType: publish | rt: 2ms | status: success | requestIp: null | dataId: enc.7265666572656e6365732f64756e6e696e672d706c6179626f6f6b2e6d64 | group: skill_enc.636875726e2d70726576656e74696f6e__enc.312e312e30 | tenant: public | md5: 559099a3c3d6d3221d8b6559d0f7e5b5
2026-09-30 17:20:20,669|opType: publish | rt: 2ms | status: success | requestIp: null | dataId: SKILL.md | group: skill_enc.636f6c642d656d61696c__enc.312e312e30 | tenant: public | md5: c00f6fdb9fa8c925d263b1b9e53f014f
2026-09-30 17:20:20,669|opType: publish | rt: 2ms | status: success | requestIp: null | dataId: enc.7265666572656e6365732f706572736f6e616c697a6174696f6e2e6d64 | group: skill_enc.636f6c642d656d61696c__enc.312e312e30 | tenant: public | md5: cc061d98e50cfcc6d41e016f110c71fa
2026-09-30 17:20:20,670|opType: publish | rt: 3ms | status: success | requestIp: null | dataId: enc.7265666572656e6365732f6672616d65776f726b732e6d64 | group: skill_enc.636f6c642d656d61696c__enc.312e312e30 | tenant: public | md5: 8a23ca021858a687d75d7fe0c399f3dd
2026-09-30 17:20:20,670|opType: publish | rt: 2ms | status: success | requestIp: null | dataId: enc.7265666572656e6365732f7375626a6563742d6c696e65732e6d64 | group: skill_enc.636f6c642d656d61696c__enc.312e312e30 | tenant: public | md5: 1b1ac097e89041bf61982edc2ebaeb83
2026-09-30 17:20:20,671|opType: publish | rt: 3ms | status: success | requestIp: null | dataId: enc.6576616c732f6576616c732e6a736f6e | group: skill_enc.636f6c642d656d61696c__enc.312e312e30 | tenant: public | md5: de617a089bca108a7ac59fcf7c94e6c9
2026-09-30 17:20:20,671|opType: publish | rt: 2ms | status: success | requestIp: null | dataId: skill_index.json | group: skill_ai-seo | tenant: public | md5: 068e8188061729a90a81774a9c07d369
2026-09-30 17:20:20,672|opType: publish | rt: 2ms | status: success | requestIp: null | dataId: skill_index.json | group: skill_analytics-tracking | tenant: public | md5: 9f9c11a6db95f6860d0ec975935f89fd
2026-09-30 17:20:20,673|opType: publish | rt: 3ms | status: success | requestIp: null | dataId: enc.7265666572656e6365732f62656e63686d61726b732e6d64 | group: skill_enc.636f6c642d656d61696c__enc.312e312e30 | tenant: public | md5: d29eb7d2b9f1617c530c9d5337fa564e
2026-09-30 17:20:20,695|opType: publish | rt: 1ms | status: success | requestIp: null | dataId: resource_crons_jobs__json.json | group: agentspec__enc.6c6567616c2d636f6e74726163742d7265766965776572__enc.302e302e31 | tenant: public | md5: bb45a396d913858d1b9bddf47fe12512
2026-09-30 17:20:20,834|opType: publish | rt: 2ms | status: success | requestIp: null | dataId: resource_config_IDENTITY__md.json | group: agentspec__enc.6c6567616c2d636f6e74726163742d7265766965776572__enc.302e302e31 | tenant: public | md5: 536618c1690c969f1bf720ef6131cf06
2026-09-30 17:20:20,834|opType: publish | rt: 1ms | status: success | requestIp: null | dataId: resource_tool-analysis_tool-analysis__json.json | group: agentspec__enc.6c6567616c2d636f6e74726163742d7265766965776572__enc.302e302e31 | tenant: public | md5: 2526bc6ab4ed7897188d628a6917f867
2026-09-30 17:20:20,836|opType: publish | rt: 2ms | status: success | requestIp: null | dataId: resource_config_AGENTS__md.json | group: agentspec__enc.6c6567616c2d636f6e74726163742d7265766965776572__enc.302e302e31 | tenant: public | md5: 59db3ed0b21cecac23b05dc810002833
2026-09-30 17:20:20,839|opType: publish | rt: 2ms | status: success | requestIp: null | dataId: resource_config_SOUL__md.json | group: agentspec__enc.6c6567616c2d636f6e74726163742d7265766965776572__enc.302e302e31 | tenant: public | md5: b23105292ea903026e3af12213d757a0
2026-09-30 17:20:20,839|opType: publish | rt: 1ms | status: success | requestIp: null | dataId: resource_config_MEMORY__md.json | group: agentspec__enc.6c6567616c2d636f6e74726163742d7265766965776572__enc.302e302e31 | tenant: public | md5: 680eacbb8acd0860e6163d7f590fe29e
2026-09-30 17:20:20,841|opType: publish | rt: 1ms | status: success | requestIp: null | dataId: manifest.json | group: agentspec__enc.6c6567616c2d706f6c6963792d777269746572__enc.302e302e31 | tenant: public | md5: bb1b84bf9d90ec5cb1e8016e5feddffd
2026-09-30 17:20:20,844|opType: publish | rt: 1ms | status: success | requestIp: null | dataId: resource_crons_jobs__json.json | group: agentspec__enc.6c6567616c2d706f6c6963792d777269746572__enc.302e302e31 | tenant: public | md5: eadcfa551e475edbb3f07acd29ac9553
2026-09-30 17:20:20,845|opType: publish | rt: 2ms | status: success | requestIp: null | dataId: resource_config_IDENTITY__md.json | group: agentspec__enc.6c6567616c2d706f6c6963792d777269746572__enc.302e302e31 | tenant: public | md5: 2e1ebef199201d4a0d2efcfd03e66b9b
2026-09-30 17:20:20,856|opType: publish | rt: 1ms | status: success | requestIp: null | dataId: resource_tool-analysis_tool-analysis__json.json | group: agentspec__enc.6c6567616c2d706f6c6963792d777269746572__enc.302e302e31 | tenant: public | md5: 8383784c1f4c6bdb834c6f907d57651f
2026-09-30 17:20:20,859|opType: publish | rt: 1ms | status: success | requestIp: null | dataId: enc.7265666572656e6365732f666f6c6c6f772d75702d73657175656e6365732e6d64 | group: skill_enc.636f6c642d656d61696c__enc.312e312e30 | tenant: public | md5: 094a123fed30df546abc3a80363945b6
2026-09-30 17:20:20,878|opType: publish | rt: 2ms | status: success | requestIp: null | dataId: SKILL.md | group: skill_enc.636f6d70657469746f722d616c7465726e617469766573__enc.312e312e30 | tenant: public | md5: e60aa59f635a20de94f8ddca37339160
2026-09-30 17:20:20,878|opType: publish | rt: 2ms | status: success | requestIp: null | dataId: enc.6576616c732f6576616c732e6a736f6e | group: skill_enc.636f6d70657469746f722d616c7465726e617469766573__enc.312e312e30 | tenant: public | md5: cab9765a09b5a84cd2527a34a0adc209
2026-09-30 17:20:20,879|opType: publish | rt: 2ms | status: success | requestIp: null | dataId: enc.7265666572656e6365732f74656d706c617465732e6d64 | group: skill_enc.636f6d70657469746f722d616c7465726e617469766573__enc.312e312e30 | tenant: public | md5: f92fc8e87781b22fcd7d47bc7a2343d9
2026-09-30 17:20:20,879|opType: publish | rt: 2ms | status: success | requestIp: null | dataId: enc.6576616c732f6576616c732e6a736f6e | group: skill_enc.636f6e74656e742d7374726174656779__enc.312e312e30 | tenant: public | md5: 1ed95767a8cbe57dc3f4cd82a6780fa8
2026-09-30 17:20:20,880|opType: publish | rt: 2ms | status: success | requestIp: null | dataId: enc.7265666572656e6365732f686561646c6573732d636d732e6d64 | group: skill_enc.636f6e74656e742d7374726174656779__enc.312e312e30 | tenant: public | md5: ae9cefeba9aea2c04eeb45a3035d3c20
2026-09-30 17:20:20,880|opType: publish | rt: 2ms | status: success | requestIp: null | dataId: skill_index.json | group: skill_churn-prevention | tenant: public | md5: ea69ca52cb5ca147d856d2d7011f047e
2026-09-30 17:20:20,881|opType: publish | rt: 2ms | status: success | requestIp: null | dataId: enc.7265666572656e6365732f636f6e74656e742d6172636869746563747572652e6d64 | group: skill_enc.636f6d70657469746f722d616c7465726e617469766573__enc.312e312e30 | tenant: public | md5: 7e539e355764aac4b369992c9d9de3d7
2026-09-30 17:20:20,882|opType: publish | rt: 2ms | status: success | requestIp: null | dataId: SKILL.md | group: skill_enc.636f6e74656e742d7374726174656779__enc.312e312e30 | tenant: public | md5: 6ddd5c5b834bd6d61f65b0070ab9e818
2026-09-30 17:20:20,902|opType: publish | rt: 3ms | status: success | requestIp: null | dataId: resource_config_AGENTS__md.json | group: agentspec__enc.6c6567616c2d706f6c6963792d777269746572__enc.302e302e31 | tenant: public | md5: 4bf3dee23e3320dfb12fd9a8f1a0b711
2026-09-30 17:20:21,041|opType: publish | rt: 2ms | status: success | requestIp: null | dataId: resource_config_SOUL__md.json | group: agentspec__enc.6c6567616c2d706f6c6963792d777269746572__enc.302e302e31 | tenant: public | md5: 2d17ed5bb221fd3bb4baf6e1fc031c3c
2026-09-30 17:20:21,041|opType: publish | rt: 2ms | status: success | requestIp: null | dataId: resource_config_MEMORY__md.json | group: agentspec__enc.6c6567616c2d706f6c6963792d777269746572__enc.302e302e31 | tenant: public | md5: 6465ceb1f05e8ef7400cc54bd16cae89
2026-09-30 17:20:21,043|opType: publish | rt: 2ms | status: success | requestIp: null | dataId: manifest.json | group: agentspec__enc.6c6576656c2d64657369676e6572__enc.302e302e31 | tenant: public | md5: fbd9f512198461b9148628a9319289eb
2026-09-30 17:20:21,044|opType: publish | rt: 2ms | status: success | requestIp: null | dataId: resource_crons_jobs__json.json | group: agentspec__enc.6c6576656c2d64657369676e6572__enc.302e302e31 | tenant: public | md5: 2f5552a4e733f863362bd93a4286c3d6
2026-09-30 17:20:21,044|opType: publish | rt: 1ms | status: success | requestIp: null | dataId: resource_config_IDENTITY__md.json | group: agentspec__enc.6c6576656c2d64657369676e6572__enc.302e302e31 | tenant: public | md5: 40ab1e0b466f732dedac2f526a5b21a6
2026-09-30 17:20:21,045|opType: publish | rt: 2ms | status: success | requestIp: null | dataId: resource_tool-analysis_tool-analysis__json.json | group: agentspec__enc.6c6576656c2d64657369676e6572__enc.302e302e31 | tenant: public | md5: 1f586dadad0843495ff0d23797a3e24e
2026-09-30 17:20:21,048|opType: publish | rt: 2ms | status: success | requestIp: null | dataId: resource_config_AGENTS__md.json | group: agentspec__enc.6c6576656c2d64657369676e6572__enc.302e302e31 | tenant: public | md5: 95fdfffb0bc56394ed253ec7c3813469
2026-09-30 17:20:21,048|opType: publish | rt: 1ms | status: success | requestIp: null | dataId: resource_config_SOUL__md.json | group: agentspec__enc.6c6576656c2d64657369676e6572__enc.302e302e31 | tenant: public | md5: 293fd36a87c94c9cb68b314932c4fe0a
2026-09-30 17:20:21,061|opType: publish | rt: 2ms | status: success | requestIp: null | dataId: resource_config_MEMORY__md.json | group: agentspec__enc.6c6576656c2d64657369676e6572__enc.302e302e31 | tenant: public | md5: 900d62d5ca6991b7175253cdfbf8469d
2026-09-30 17:20:21,065|opType: publish | rt: 3ms | status: success | requestIp: null | dataId: skill_index.json | group: skill_cold-email | tenant: public | md5: d79674e56cc0c4c24ff2c990fdca9fe0
2026-09-30 17:20:21,088|opType: publish | rt: 2ms | status: success | requestIp: null | dataId: SKILL.md | group: skill_enc.636f70792d65646974696e67__enc.312e312e30 | tenant: public | md5: 1377537f70d8e2648879f53df771e41b
2026-09-30 17:20:21,089|opType: publish | rt: 3ms | status: success | requestIp: null | dataId: enc.6576616c732f6576616c732e6a736f6e | group: skill_enc.636f70792d65646974696e67__enc.312e312e30 | tenant: public | md5: 91e2cc0ed46249797640c5fb4054b343
2026-09-30 17:20:21,089|opType: publish | rt: 2ms | status: success | requestIp: null | dataId: enc.7265666572656e6365732f706c61696e2d656e676c6973682d616c7465726e6174697665732e6d64 | group: skill_enc.636f70792d65646974696e67__enc.312e312e30 | tenant: public | md5: 845c585322fdda86640587093bcda4c9
2026-09-30 17:20:21,090|opType: publish | rt: 3ms | status: success | requestIp: null | dataId: skill_index.json | group: skill_content-strategy | tenant: public | md5: 0faeebbd29f3b2d16e9833a0f8025146
2026-09-30 17:20:21,090|opType: publish | rt: 2ms | status: success | requestIp: null | dataId: skill_index.json | group: skill_competitor-alternatives | tenant: public | md5: 502efbb9f88e4081a6fe57183ea5e4e6
2026-09-30 17:20:21,106|opType: publish | rt: 1ms | status: success | requestIp: null | dataId: manifest.json | group: agentspec__enc.6c73702d696e6465782d656e67696e656572__enc.302e302e31 | tenant: public | md5: c9b39240dab51fa03cc113e41ed43a4a
2026-09-30 17:20:21,245|opType: publish | rt: 1ms | status: success | requestIp: null | dataId: resource_crons_jobs__json.json | group: agentspec__enc.6c73702d696e6465782d656e67696e656572__enc.302e302e31 | tenant: public | md5: b617649cf5e504e2d61dc5de942e9214
2026-09-30 17:20:21,246|opType: publish | rt: 2ms | status: success | requestIp: null | dataId: resource_config_IDENTITY__md.json | group: agentspec__enc.6c73702d696e6465782d656e67696e656572__enc.302e302e31 | tenant: public | md5: 823c49583bd64d29c3e4615ed99b00ce
2026-09-30 17:20:21,249|opType: publish | rt: 3ms | status: success | requestIp: null | dataId: resource_tool-analysis_tool-analysis__json.json | group: agentspec__enc.6c73702d696e6465782d656e67696e656572__enc.302e302e31 | tenant: public | md5: 267e0c43a427464bd97a3c913cc57787
2026-09-30 17:20:21,250|opType: publish | rt: 3ms | status: success | requestIp: null | dataId: resource_config_AGENTS__md.json | group: agentspec__enc.6c73702d696e6465782d656e67696e656572__enc.302e302e31 | tenant: public | md5: 9dd1172476cd2e6344cb5e5d18677552
2026-09-30 17:20:21,252|opType: publish | rt: 3ms | status: success | requestIp: null | dataId: resource_config_SOUL__md.json | group: agentspec__enc.6c73702d696e6465782d656e67696e656572__enc.302e302e31 | tenant: public | md5: 764c8833564aa47f670dc6f01f796446
2026-09-30 17:20:21,253|opType: publish | rt: 3ms | status: success | requestIp: null | dataId: resource_config_MEMORY__md.json | group: agentspec__enc.6c73702d696e6465782d656e67696e656572__enc.302e302e31 | tenant: public | md5: 3791d61421f70710d9a2e5ffd89f5315
2026-09-30 17:20:21,253|opType: publish | rt: 1ms | status: success | requestIp: null | dataId: manifest.json | group: agentspec__enc.6d61636f732d7370617469616c2d6d6574616c2d656e67696e656572__enc.302e302e31 | tenant: public | md5: aef8fc94250d2151cd1d8422315e2f5c
2026-09-30 17:20:21,256|opType: publish | rt: 3ms | status: success | requestIp: null | dataId: resource_crons_jobs__json.json | group: agentspec__enc.6d61636f732d7370617469616c2d6d6574616c2d656e67696e656572__enc.302e302e31 | tenant: public | md5: 85b649cb4f8d8c96bf4bf8ea872d5002
2026-09-30 17:20:21,268|opType: publish | rt: 3ms | status: success | requestIp: null | dataId: resource_config_IDENTITY__md.json | group: agentspec__enc.6d61636f732d7370617469616c2d6d6574616c2d656e67696e656572__enc.302e302e31 | tenant: public | md5: 880f6d82e172e872137128f5850a520c
2026-09-30 17:20:21,277|opType: publish | rt: 8ms | status: success | requestIp: null | dataId: enc.7265666572656e6365732f636f70792d6672616d65776f726b732e6d64 | group: skill_enc.636f707977726974696e67__enc.312e312e30 | tenant: public | md5: 7cc33f1a99ff1e2ded86ca33af3fbcfd
2026-09-30 17:20:21,278|opType: publish | rt: 9ms | status: success | requestIp: null | dataId: enc.6576616c732f6576616c732e6a736f6e | group: skill_enc.636f707977726974696e67__enc.312e312e30 | tenant: public | md5: bec6a520fbe919cedb8236b49ea253c5
2026-09-30 17:20:21,278|opType: publish | rt: 8ms | status: success | requestIp: null | dataId: enc.7265666572656e6365732f6e61747572616c2d7472616e736974696f6e732e6d64 | group: skill_enc.636f707977726974696e67__enc.312e312e30 | tenant: public | md5: ff3c24b5ccb823e586199e3e8fb4a782
2026-09-30 17:20:21,278|opType: publish | rt: 9ms | status: success | requestIp: null | dataId: SKILL.md | group: skill_enc.636f707977726974696e67__enc.312e312e30 | tenant: public | md5: a254724ae613c2e5bf4043f08af682c4
2026-09-30 17:20:21,298|opType: publish | rt: 2ms | status: success | requestIp: null | dataId: enc.7265666572656e6365732f636f70792d67756964656c696e65732e6d64 | group: skill_enc.656d61696c2d73657175656e6365__enc.312e312e30 | tenant: public | md5: b31ebd236f4088d889454c00d9b1946a
2026-09-30 17:20:21,299|opType: publish | rt: 4ms | status: success | requestIp: null | dataId: SKILL.md | group: skill_enc.656d61696c2d73657175656e6365__enc.312e312e30 | tenant: public | md5: 148ec1da7be8cbd00336f7a3ff0c7d33
2026-09-30 17:20:21,300|opType: publish | rt: 4ms | status: success | requestIp: null | dataId: enc.6576616c732f6576616c732e6a736f6e | group: skill_enc.666f726d2d63726f__enc.312e312e30 | tenant: public | md5: 606e7655a67196b91d1620181d63302c
2026-09-30 17:20:21,301|opType: publish | rt: 4ms | status: success | requestIp: null | dataId: SKILL.md | group: skill_enc.666f726d2d63726f__enc.312e312e30 | tenant: public | md5: 1da0615b67ead6275f78de0f14c3fb4a
2026-09-30 17:20:21,302|opType: publish | rt: 3ms | status: success | requestIp: null | dataId: enc.7265666572656e6365732f656d61696c2d74797065732e6d64 | group: skill_enc.656d61696c2d73657175656e6365__enc.312e312e30 | tenant: public | md5: 655c04c8ae585527cff13b728e25005a
2026-09-30 17:20:21,303|opType: publish | rt: 2ms | status: success | requestIp: null | dataId: skill_index.json | group: skill_copy-editing | tenant: public | md5: 28e7a3baadcb61b35ba27dd5e8491320
2026-09-30 17:20:21,303|opType: publish | rt: 2ms | status: success | requestIp: null | dataId: enc.6576616c732f6576616c732e6a736f6e | group: skill_enc.656d61696c2d73657175656e6365__enc.312e312e30 | tenant: public | md5: b28da9568ba94e7df312b029b75e229f
2026-09-30 17:20:21,311|opType: publish | rt: 2ms | status: success | requestIp: null | dataId: resource_tool-analysis_tool-analysis__json.json | group: agentspec__enc.6d61636f732d7370617469616c2d6d6574616c2d656e67696e656572__enc.302e302e31 | tenant: public | md5: 20046dc95d8f4e73af6c49e72edf5b23
2026-09-30 17:20:21,456|opType: publish | rt: 3ms | status: success | requestIp: null | dataId: resource_config_SOUL__md.json | group: agentspec__enc.6d61636f732d7370617469616c2d6d6574616c2d656e67696e656572__enc.302e302e31 | tenant: public | md5: 43b22360a38b08deeded5dce31434260
2026-09-30 17:20:21,456|opType: publish | rt: 3ms | status: success | requestIp: null | dataId: resource_config_AGENTS__md.json | group: agentspec__enc.6d61636f732d7370617469616c2d6d6574616c2d656e67696e656572__enc.302e302e31 | tenant: public | md5: 1c349294457903be5c21eec2fd52f0bc
2026-09-30 17:20:21,456|opType: publish | rt: 1ms | status: success | requestIp: null | dataId: resource_config_MEMORY__md.json | group: agentspec__enc.6d61636f732d7370617469616c2d6d6574616c2d656e67696e656572__enc.302e302e31 | tenant: public | md5: 45c1616cc65646d2e7a8c92d6a528176
2026-09-30 17:20:21,456|opType: publish | rt: 1ms | status: success | requestIp: null | dataId: manifest.json | group: agentspec__enc.6d61726b6574696e672d61692d6369746174696f6e2d73747261746567697374__enc.302e302e31 | tenant: public | md5: 7c004d792ec59731ea07b414d3db2c0b
2026-09-30 17:20:21,457|opType: publish | rt: 1ms | status: success | requestIp: null | dataId: resource_crons_jobs__json.json | group: agentspec__enc.6d61726b6574696e672d61692d6369746174696f6e2d73747261746567697374__enc.302e302e31 | tenant: public | md5: 62e24d26dd1a0a57f5420848dc3f35f5
2026-09-30 17:20:21,461|opType: publish | rt: 5ms | status: success | requestIp: null | dataId: resource_config_IDENTITY__md.json | group: agentspec__enc.6d61726b6574696e672d61692d6369746174696f6e2d73747261746567697374__enc.302e302e31 | tenant: public | md5: ac209d48a576067caded6a382a3a9218
2026-09-30 17:20:21,461|opType: publish | rt: 4ms | status: success | requestIp: null | dataId: resource_tool-analysis_tool-analysis__json.json | group: agentspec__enc.6d61726b6574696e672d61692d6369746174696f6e2d73747261746567697374__enc.302e302e31 | tenant: public | md5: f148c925df88d66cd14487b446a13d28
2026-09-30 17:20:21,463|opType: publish | rt: 2ms | status: success | requestIp: null | dataId: resource_config_AGENTS__md.json | group: agentspec__enc.6d61726b6574696e672d61692d6369746174696f6e2d73747261746567697374__enc.302e302e31 | tenant: public | md5: af2f8ff618edf036304e103e3c9b7ee9
2026-09-30 17:20:21,473|opType: publish | rt: 2ms | status: success | requestIp: null | dataId: resource_config_SOUL__md.json | group: agentspec__enc.6d61726b6574696e672d61692d6369746174696f6e2d73747261746567697374__enc.302e302e31 | tenant: public | md5: 3446c4f7e3179da1afdda1423ed60760
2026-09-30 17:20:21,481|opType: publish | rt: 2ms | status: success | requestIp: null | dataId: enc.7265666572656e6365732f73657175656e63652d74656d706c617465732e6d64 | group: skill_enc.656d61696c2d73657175656e6365__enc.312e312e30 | tenant: public | md5: c2649d989c2b155c411cb8c299091fc8
2026-09-30 17:20:21,485|opType: publish | rt: 1ms | status: success | requestIp: null | dataId: skill_index.json | group: skill_copywriting | tenant: public | md5: 9d3cb3fd169466ae5b71a968e19166de
2026-09-30 17:20:21,507|opType: publish | rt: 1ms | status: success | requestIp: null | dataId: skill_index.json | group: skill_form-cro | tenant: public | md5: 0c3e72e2215e86f4cee39b9bce336dd7
2026-09-30 17:20:21,512|opType: publish | rt: 3ms | status: success | requestIp: null | dataId: enc.7265666572656e6365732f746f6f6c2d74797065732e6d64 | group: skill_enc.667265652d746f6f6c2d7374726174656779__enc.312e312e30 | tenant: public | md5: 39a15c6f5f8a253acd9ee9740aeebf90
2026-09-30 17:20:21,513|opType: publish | rt: 1ms | status: success | requestIp: null | dataId: SKILL.md | group: skill_enc.667265652d746f6f6c2d7374726174656779__enc.312e312e30 | tenant: public | md5: d5f3daa85c3f5d6654aa5a5ec178059e
2026-09-30 17:20:21,513|opType: publish | rt: 1ms | status: success | requestIp: null | dataId: enc.6576616c732f6576616c732e6a736f6e | group: skill_enc.667265652d746f6f6c2d7374726174656779__enc.312e312e30 | tenant: public | md5: 10d7f8ba9b826c2ad050c01906cf6cba
2026-09-30 17:20:21,514|opType: publish | rt: 1ms | status: success | requestIp: null | dataId: resource_config_MEMORY__md.json | group: agentspec__enc.6d61726b6574696e672d61692d6369746174696f6e2d73747261746567697374__enc.302e302e31 | tenant: public | md5: 3f4064076835c1f16f8a73581f6d3f4f
2026-09-30 17:20:21,660|opType: publish | rt: 1ms | status: success | requestIp: null | dataId: resource_crons_jobs__json.json | group: agentspec__enc.6d61726b6574696e672d6170702d73746f72652d6f7074696d697a6572__enc.302e302e31 | tenant: public | md5: cbf8a97ce1dd14a4cfb45a67bac0a8fc
2026-09-30 17:20:21,661|opType: publish | rt: 2ms | status: success | requestIp: null | dataId: manifest.json | group: agentspec__enc.6d61726b6574696e672d6170702d73746f72652d6f7074696d697a6572__enc.302e302e31 | tenant: public | md5: e08a12fb45485bed0543fdda0bda1af0
2026-09-30 17:20:21,661|opType: publish | rt: 1ms | status: success | requestIp: null | dataId: resource_tool-analysis_tool-analysis__json.json | group: agentspec__enc.6d61726b6574696e672d6170702d73746f72652d6f7074696d697a6572__enc.302e302e31 | tenant: public | md5: e9eb4dee727bf22b7c682562aea3ba88
2026-09-30 17:20:21,662|opType: publish | rt: 2ms | status: success | requestIp: null | dataId: resource_config_IDENTITY__md.json | group: agentspec__enc.6d61726b6574696e672d6170702d73746f72652d6f7074696d697a6572__enc.302e302e31 | tenant: public | md5: a664c7ab702b79df77bb7aff1863974e
2026-09-30 17:20:21,662|opType: publish | rt: 1ms | status: success | requestIp: null | dataId: resource_config_AGENTS__md.json | group: agentspec__enc.6d61726b6574696e672d6170702d73746f72652d6f7074696d697a6572__enc.302e302e31 | tenant: public | md5: 3596fa56f498affc7f37efbe27665dc7
2026-09-30 17:20:21,664|opType: publish | rt: 1ms | status: success | requestIp: null | dataId: resource_config_SOUL__md.json | group: agentspec__enc.6d61726b6574696e672d6170702d73746f72652d6f7074696d697a6572__enc.302e302e31 | tenant: public | md5: 8f535988f60843caad1485421dfa9631
2026-09-30 17:20:21,664|opType: publish | rt: 0ms | status: success | requestIp: null | dataId: resource_config_MEMORY__md.json | group: agentspec__enc.6d61726b6574696e672d6170702d73746f72652d6f7074696d697a6572__enc.302e302e31 | tenant: public | md5: 2e813030eae06230108429e35993abec
2026-09-30 17:20:21,666|opType: publish | rt: 1ms | status: success | requestIp: null | dataId: manifest.json | group: agentspec__enc.6d61726b6574696e672d62616964752d73656f2d7370656369616c697374__enc.302e302e31 | tenant: public | md5: 108e2238092007dab7074c9c6a7b2092
2026-09-30 17:20:21,676|opType: publish | rt: 1ms | status: success | requestIp: null | dataId: resource_crons_jobs__json.json | group: agentspec__enc.6d61726b6574696e672d62616964752d73656f2d7370656369616c697374__enc.302e302e31 | tenant: public | md5: 99c0ea9481dd45f06c166f29ff636931
2026-09-30 17:20:21,687|opType: publish | rt: 1ms | status: success | requestIp: null | dataId: skill_index.json | group: skill_email-sequence | tenant: public | md5: a865b84da49a739059a5e443307e4ad2
2026-09-30 17:20:21,691|opType: publish | rt: 2ms | status: success | requestIp: null | dataId: SKILL.md | group: skill_enc.6c61756e63682d7374726174656779__enc.312e312e30 | tenant: public | md5: bc273a3c4e58c670a04c304a4667bc06
2026-09-30 17:20:21,691|opType: publish | rt: 2ms | status: success | requestIp: null | dataId: enc.6576616c732f6576616c732e6a736f6e | group: skill_enc.6c61756e63682d7374726174656779__enc.312e312e30 | tenant: public | md5: b0544b88d4974e5aeb4bdc9c205639a6
2026-09-30 17:20:21,715|opType: publish | rt: 3ms | status: success | requestIp: null | dataId: SKILL.md | group: skill_enc.6c6561642d6d61676e657473__enc.312e302e30 | tenant: public | md5: 6908c5e09404d902f69edaeb3a0bebf6
2026-09-30 17:20:21,715|opType: publish | rt: 2ms | status: success | requestIp: null | dataId: enc.7265666572656e6365732f666f726d61742d67756964652e6d64 | group: skill_enc.6c6561642d6d61676e657473__enc.312e302e30 | tenant: public | md5: eb71a7fd323c62ce67c00a864e2697e4
2026-09-30 17:20:21,715|opType: publish | rt: 2ms | status: success | requestIp: null | dataId: enc.7265666572656e6365732f62656e63686d61726b732e6d64 | group: skill_enc.6c6561642d6d61676e657473__enc.312e302e30 | tenant: public | md5: 4e1c7eae3b28e49ba50762e8b06d2097
2026-09-30 17:20:21,717|opType: publish | rt: 1ms | status: success | requestIp: null | dataId: resource_config_IDENTITY__md.json | group: agentspec__enc.6d61726b6574696e672d62616964752d73656f2d7370656369616c697374__enc.302e302e31 | tenant: public | md5: adbc9527b399764668b85086e210aa4e
2026-09-30 17:20:21,717|opType: publish | rt: 1ms | status: success | requestIp: null | dataId: skill_index.json | group: skill_free-tool-strategy | tenant: public | md5: 1e989fb828f45f6d02a56d8fe2f70d89
2026-09-30 17:20:21,869|opType: publish | rt: 2ms | status: success | requestIp: null | dataId: resource_tool-analysis_tool-analysis__json.json | group: agentspec__enc.6d61726b6574696e672d62616964752d73656f2d7370656369616c697374__enc.302e302e31 | tenant: public | md5: 3506c2eabf272a430000747d714ff42f
2026-09-30 17:20:21,870|opType: publish | rt: 2ms | status: success | requestIp: null | dataId: resource_config_SOUL__md.json | group: agentspec__enc.6d61726b6574696e672d62616964752d73656f2d7370656369616c697374__enc.302e302e31 | tenant: public | md5: 61f9f4beb368ba5d285788d396a0850a
2026-09-30 17:20:21,871|opType: publish | rt: 2ms | status: success | requestIp: null | dataId: resource_config_AGENTS__md.json | group: agentspec__enc.6d61726b6574696e672d62616964752d73656f2d7370656369616c697374__enc.302e302e31 | tenant: public | md5: 7531e1245623a090ae7e6a1385ca8086
2026-09-30 17:20:21,871|opType: publish | rt: 1ms | status: success | requestIp: null | dataId: manifest.json | group: agentspec__enc.6d61726b6574696e672d62696c6962696c692d636f6e74656e742d73747261746567697374__enc.302e302e31 | tenant: public | md5: c3bc5efc3c9af8d7d20fa91cbe408d47
2026-09-30 17:20:21,872|opType: publish | rt: 2ms | status: success | requestIp: null | dataId: resource_crons_jobs__json.json | group: agentspec__enc.6d61726b6574696e672d62696c6962696c692d636f6e74656e742d73747261746567697374__enc.302e302e31 | tenant: public | md5: 23fd9e17040614797ea1a16741a9319f
2026-09-30 17:20:21,872|opType: publish | rt: 1ms | status: success | requestIp: null | dataId: resource_config_MEMORY__md.json | group: agentspec__enc.6d61726b6574696e672d62616964752d73656f2d7370656369616c697374__enc.302e302e31 | tenant: public | md5: 0636dddacab0ec5b73afce472a10cfda
2026-09-30 17:20:21,873|opType: publish | rt: 2ms | status: success | requestIp: null | dataId: resource_config_IDENTITY__md.json | group: agentspec__enc.6d61726b6574696e672d62696c6962696c692d636f6e74656e742d73747261746567697374__enc.302e302e31 | tenant: public | md5: 4e2dc403fb20c93090d7be1f2a8e8cd9
2026-09-30 17:20:21,873|opType: publish | rt: 1ms | status: success | requestIp: null | dataId: resource_tool-analysis_tool-analysis__json.json | group: agentspec__enc.6d61726b6574696e672d62696c6962696c692d636f6e74656e742d73747261746567697374__enc.302e302e31 | tenant: public | md5: 1a87bdd85605625d709176a9f4bd3b78
2026-09-30 17:20:21,879|opType: publish | rt: 2ms | status: success | requestIp: null | dataId: resource_config_AGENTS__md.json | group: agentspec__enc.6d61726b6574696e672d62696c6962696c692d636f6e74656e742d73747261746567697374__enc.302e302e31 | tenant: public | md5: 86d3c1776e3a50f967614c490f797bcc
2026-09-30 17:20:21,893|opType: publish | rt: 1ms | status: success | requestIp: null | dataId: enc.6576616c732f6576616c732e6a736f6e | group: skill_enc.6d61726b6574696e672d6964656173__enc.312e312e30 | tenant: public | md5: bbe147d54250266c77296e2c94c2f0c4
2026-09-30 17:20:21,894|opType: publish | rt: 2ms | status: success | requestIp: null | dataId: SKILL.md | group: skill_enc.6d61726b6574696e672d6964656173__enc.312e312e30 | tenant: public | md5: 4f364251d0424cbee405adc33ee62b9a
2026-09-30 17:20:21,895|opType: publish | rt: 2ms | status: success | requestIp: null | dataId: enc.7265666572656e6365732f69646561732d62792d63617465676f72792e6d64 | group: skill_enc.6d61726b6574696e672d6964656173__enc.312e312e30 | tenant: public | md5: 037d36ec60475fa42f6c4167bfc85af8
2026-09-30 17:20:21,896|opType: publish | rt: 2ms | status: success | requestIp: null | dataId: skill_index.json | group: skill_launch-strategy | tenant: public | md5: 0c3e72e2215e86f4cee39b9bce336dd7
2026-09-30 17:20:21,922|opType: publish | rt: 2ms | status: success | requestIp: null | dataId: resource_config_SOUL__md.json | group: agentspec__enc.6d61726b6574696e672d62696c6962696c692d636f6e74656e742d73747261746567697374__enc.302e302e31 | tenant: public | md5: 75ce189c29c78298b7b4008e3665e977
2026-09-30 17:20:21,924|opType: publish | rt: 2ms | status: success | requestIp: null | dataId: skill_index.json | group: skill_lead-magnets | tenant: public | md5: 60dbaad9fac4cac81a16364c3d0c730b
2026-09-30 17:20:21,924|opType: publish | rt: 2ms | status: success | requestIp: null | dataId: enc.6576616c732f6576616c732e6a736f6e | group: skill_enc.6d61726b6574696e672d70737963686f6c6f6779__enc.312e312e30 | tenant: public | md5: 39d23f4b315111d0bcf59bb724b31884
2026-09-30 17:20:21,924|opType: publish | rt: 2ms | status: success | requestIp: null | dataId: SKILL.md | group: skill_enc.6d61726b6574696e672d70737963686f6c6f6779__enc.312e312e30 | tenant: public | md5: d04a5e61e000e3637a8a3bc2875ad09c
2026-09-30 17:20:22,078|opType: publish | rt: 3ms | status: success | requestIp: null | dataId: resource_crons_jobs__json.json | group: agentspec__enc.6d61726b6574696e672d62696c6962696c692d73747261746567697374__enc.302e302e31 | tenant: public | md5: e8aa6170b0956254676efbf2610b2dc6
2026-09-30 17:20:22,078|opType: publish | rt: 2ms | status: success | requestIp: null | dataId: manifest.json | group: agentspec__enc.6d61726b6574696e672d62696c6962696c692d73747261746567697374__enc.302e302e31 | tenant: public | md5: 34c826594b173166337e2f89d60a9c6e
2026-09-30 17:20:22,079|opType: publish | rt: 2ms | status: success | requestIp: null | dataId: resource_config_MEMORY__md.json | group: agentspec__enc.6d61726b6574696e672d62696c6962696c692d636f6e74656e742d73747261746567697374__enc.302e302e31 | tenant: public | md5: 135375489339bbcf88901d4c7b35c15b
2026-09-30 17:20:22,081|opType: publish | rt: 3ms | status: success | requestIp: null | dataId: resource_config_IDENTITY__md.json | group: agentspec__enc.6d61726b6574696e672d62696c6962696c692d73747261746567697374__enc.302e302e31 | tenant: public | md5: 0ca9104c366781c966868f554f5c035c
2026-09-30 17:20:22,081|opType: publish | rt: 2ms | status: success | requestIp: null | dataId: resource_tool-analysis_tool-analysis__json.json | group: agentspec__enc.6d61726b6574696e672d62696c6962696c692d73747261746567697374__enc.302e302e31 | tenant: public | md5: 1fa054d89f7c1762d7675f89504b9c10
2026-09-30 17:20:22,082|opType: publish | rt: 2ms | status: success | requestIp: null | dataId: resource_config_AGENTS__md.json | group: agentspec__enc.6d61726b6574696e672d62696c6962696c692d73747261746567697374__enc.302e302e31 | tenant: public | md5: 957a7bde37c33fe315084fd913676f4d
2026-09-30 17:20:22,082|opType: publish | rt: 2ms | status: success | requestIp: null | dataId: resource_config_MEMORY__md.json | group: agentspec__enc.6d61726b6574696e672d62696c6962696c692d73747261746567697374__enc.302e302e31 | tenant: public | md5: 2a255d937c28580267cd90b6cb1e2b2a
2026-09-30 17:20:22,082|opType: publish | rt: 1ms | status: success | requestIp: null | dataId: resource_config_SOUL__md.json | group: agentspec__enc.6d61726b6574696e672d62696c6962696c692d73747261746567697374__enc.302e302e31 | tenant: public | md5: 16cfb92dded1a30cd47d165adafafe08
2026-09-30 17:20:22,083|opType: publish | rt: 2ms | status: success | requestIp: null | dataId: manifest.json | group: agentspec__enc.6d61726b6574696e672d626f6f6b2d636f2d617574686f72__enc.302e302e31 | tenant: public | md5: e807faf8f282a4eb065b759575b99c58
2026-09-30 17:20:22,103|opType: publish | rt: 2ms | status: success | requestIp: null | dataId: skill_index.json | group: skill_marketing-ideas | tenant: public | md5: 6154402369aff404b0b9196d5bf56ce3
2026-09-30 17:20:22,104|opType: publish | rt: 2ms | status: success | requestIp: null | dataId: SKILL.md | group: skill_enc.6f6e626f617264696e672d63726f__enc.312e312e30 | tenant: public | md5: 7f66ce586c8ff1e192b158c848ab1aaf
2026-09-30 17:20:22,104|opType: publish | rt: 1ms | status: success | requestIp: null | dataId: enc.7265666572656e6365732f6578706572696d656e74732e6d64 | group: skill_enc.6f6e626f617264696e672d63726f__enc.312e312e30 | tenant: public | md5: 63e0660f8d13ad9d073f941dc5106cb7
2026-09-30 17:20:22,105|opType: publish | rt: 2ms | status: success | requestIp: null | dataId: enc.6576616c732f6576616c732e6a736f6e | group: skill_enc.6f6e626f617264696e672d63726f__enc.312e312e30 | tenant: public | md5: d166bff44a73ea9c78d982dea49e4322
2026-09-30 17:20:22,126|opType: publish | rt: 1ms | status: success | requestIp: null | dataId: resource_crons_jobs__json.json | group: agentspec__enc.6d61726b6574696e672d626f6f6b2d636f2d617574686f72__enc.302e302e31 | tenant: public | md5: 3d8657838e8aad2f96ab5cc9ac97bfd1
2026-09-30 17:20:22,129|opType: publish | rt: 2ms | status: success | requestIp: null | dataId: SKILL.md | group: skill_enc.706167652d63726f__enc.312e312e30 | tenant: public | md5: c1e2516a329cfcb9ac0595becf3fc0bf
2026-09-30 17:20:22,130|opType: publish | rt: 2ms | status: success | requestIp: null | dataId: enc.6576616c732f6576616c732e6a736f6e | group: skill_enc.706167652d63726f__enc.312e312e30 | tenant: public | md5: 4aff5de65806967b0c29797430b46e24
2026-09-30 17:20:22,130|opType: publish | rt: 2ms | status: success | requestIp: null | dataId: enc.7265666572656e6365732f6578706572696d656e74732e6d64 | group: skill_enc.706167652d63726f__enc.312e312e30 | tenant: public | md5: 813705188038889f41dabf1376db3310
2026-09-30 17:20:22,130|opType: publish | rt: 1ms | status: success | requestIp: null | dataId: skill_index.json | group: skill_marketing-psychology | tenant: public | md5: 0c3e72e2215e86f4cee39b9bce336dd7
2026-09-30 17:20:22,286|opType: publish | rt: 2ms | status: success | requestIp: null | dataId: resource_config_IDENTITY__md.json | group: agentspec__enc.6d61726b6574696e672d626f6f6b2d636f2d617574686f72__enc.302e302e31 | tenant: public | md5: 95832830981d28a0c3bfa504e2e5de18
2026-09-30 17:20:22,287|opType: publish | rt: 2ms | status: success | requestIp: null | dataId: resource_tool-analysis_tool-analysis__json.json | group: agentspec__enc.6d61726b6574696e672d626f6f6b2d636f2d617574686f72__enc.302e302e31 | tenant: public | md5: 0c434b9f8a90bd9f5cb201923012aec9
2026-09-30 17:20:22,288|opType: publish | rt: 2ms | status: success | requestIp: null | dataId: resource_config_AGENTS__md.json | group: agentspec__enc.6d61726b6574696e672d626f6f6b2d636f2d617574686f72__enc.302e302e31 | tenant: public | md5: 19ea8a5e3a5486c037fdc45a7533c7b8
2026-09-30 17:20:22,289|opType: publish | rt: 3ms | status: success | requestIp: null | dataId: resource_config_SOUL__md.json | group: agentspec__enc.6d61726b6574696e672d626f6f6b2d636f2d617574686f72__enc.302e302e31 | tenant: public | md5: 34b817a9d1c14a5a3f2e487242707e6a
2026-09-30 17:20:22,289|opType: publish | rt: 3ms | status: success | requestIp: null | dataId: resource_config_MEMORY__md.json | group: agentspec__enc.6d61726b6574696e672d626f6f6b2d636f2d617574686f72__enc.302e302e31 | tenant: public | md5: 9a8aacf6b3eef67246aa1f8bb236645f
2026-09-30 17:20:22,289|opType: publish | rt: 1ms | status: success | requestIp: null | dataId: resource_crons_jobs__json.json | group: agentspec__enc.6d61726b6574696e672d6361726f7573656c2d67726f7774682d656e67696e65__enc.302e302e31 | tenant: public | md5: 776dad79db05fefa9d3440d8c0a95828
2026-09-30 17:20:22,289|opType: publish | rt: 2ms | status: success | requestIp: null | dataId: manifest.json | group: agentspec__enc.6d61726b6574696e672d6361726f7573656c2d67726f7774682d656e67696e65__enc.302e302e31 | tenant: public | md5: a6a9977fa349c7eefc4dc306d2248b18
2026-09-30 17:20:22,290|opType: publish | rt: 2ms | status: success | requestIp: null | dataId: resource_config_IDENTITY__md.json | group: agentspec__enc.6d61726b6574696e672d6361726f7573656c2d67726f7774682d656e67696e65__enc.302e302e31 | tenant: public | md5: f244e7f3dbcfe7d92c1a45a5cf8c6214
2026-09-30 17:20:22,290|opType: publish | rt: 1ms | status: success | requestIp: null | dataId: resource_tool-analysis_tool-analysis__json.json | group: agentspec__enc.6d61726b6574696e672d6361726f7573656c2d67726f7774682d656e67696e65__enc.302e302e31 | tenant: public | md5: a284d2dcd6051d79bf6d6ec75a08e279
2026-09-30 17:20:22,310|opType: publish | rt: 3ms | status: success | requestIp: null | dataId: SKILL.md | group: skill_enc.706169642d616473__enc.312e312e30 | tenant: public | md5: 34029c604c2757768b56afc6b0bb0c29
2026-09-30 17:20:22,310|opType: publish | rt: 2ms | status: success | requestIp: null | dataId: enc.6576616c732f6576616c732e6a736f6e | group: skill_enc.706169642d616473__enc.312e312e30 | tenant: public | md5: d16863e7ff60b4498ba0dd5f12a765c1
2026-09-30 17:20:22,311|opType: publish | rt: 2ms | status: success | requestIp: null | dataId: enc.7265666572656e6365732f706c6174666f726d2d73657475702d636865636b6c697374732e6d64 | group: skill_enc.706169642d616473__enc.312e312e30 | tenant: public | md5: a2dd6ce65dd56d15db30ab3e32a15940
2026-09-30 17:20:22,311|opType: publish | rt: 2ms | status: success | requestIp: null | dataId: enc.7265666572656e6365732f61756469656e63652d746172676574696e672e6d64 | group: skill_enc.706169642d616473__enc.312e312e30 | tenant: public | md5: 76976fd32b0b96b89729f3fa28fdce76
2026-09-30 17:20:22,311|opType: publish | rt: 1ms | status: success | requestIp: null | dataId: enc.7265666572656e6365732f61642d636f70792d74656d706c617465732e6d64 | group: skill_enc.706169642d616473__enc.312e312e30 | tenant: public | md5: b35a771ee8a25e85e550ff0c5ccc4b73
2026-09-30 17:20:22,312|opType: publish | rt: 1ms | status: success | requestIp: null | dataId: skill_index.json | group: skill_onboarding-cro | tenant: public | md5: d6d3b3ef546461e39dd2abd94b3bebbb
2026-09-30 17:20:22,336|opType: publish | rt: 7ms | status: success | requestIp: null | dataId: resource_config_AGENTS__md.json | group: agentspec__enc.6d61726b6574696e672d6361726f7573656c2d67726f7774682d656e67696e65__enc.302e302e31 | tenant: public | md5: 792961ce91423a36a1ee05b345cb6581
2026-09-30 17:20:22,338|opType: publish | rt: 2ms | status: success | requestIp: null | dataId: enc.6576616c732f6576616c732e6a736f6e | group: skill_enc.70617977616c6c2d757067726164652d63726f__enc.312e312e30 | tenant: public | md5: 27026615fe9eca7d29d9d0ad4e091968
2026-09-30 17:20:22,338|opType: publish | rt: 2ms | status: success | requestIp: null | dataId: SKILL.md | group: skill_enc.70617977616c6c2d757067726164652d63726f__enc.312e312e30 | tenant: public | md5: 6b6bff3205fafa4902bb33c687114ba7
2026-09-30 17:20:22,338|opType: publish | rt: 2ms | status: success | requestIp: null | dataId: enc.7265666572656e6365732f6578706572696d656e74732e6d64 | group: skill_enc.70617977616c6c2d757067726164652d63726f__enc.312e312e30 | tenant: public | md5: c2874867bb8a4476ee6d6ecbabc72ce8
2026-09-30 17:20:22,339|opType: publish | rt: 2ms | status: success | requestIp: null | dataId: skill_index.json | group: skill_page-cro | tenant: public | md5: d6d3b3ef546461e39dd2abd94b3bebbb
2026-09-30 17:20:22,495|opType: publish | rt: 3ms | status: success | requestIp: null | dataId: resource_config_MEMORY__md.json | group: agentspec__enc.6d61726b6574696e672d6361726f7573656c2d67726f7774682d656e67696e65__enc.302e302e31 | tenant: public | md5: 634ff51085d21ea525a0f9ff95b01197
2026-09-30 17:20:22,497|opType: publish | rt: 3ms | status: success | requestIp: null | dataId: resource_config_SOUL__md.json | group: agentspec__enc.6d61726b6574696e672d6361726f7573656c2d67726f7774682d656e67696e65__enc.302e302e31 | tenant: public | md5: 80355030a79a6d17274521304938a837
2026-09-30 17:20:22,497|opType: publish | rt: 3ms | status: success | requestIp: null | dataId: resource_crons_jobs__json.json | group: agentspec__enc.6d61726b6574696e672d6368696e612d65636f6d6d657263652d6f70657261746f72__enc.302e302e31 | tenant: public | md5: 2e0b353c2e0e14c944fcc57315e9b9bd
2026-09-30 17:20:22,498|opType: publish | rt: 4ms | status: success | requestIp: null | dataId: manifest.json | group: agentspec__enc.6d61726b6574696e672d6368696e612d65636f6d6d657263652d6f70657261746f72__enc.302e302e31 | tenant: public | md5: e393d066e48e63909c7d1a7caaedb37c
2026-09-30 17:20:22,498|opType: publish | rt: 3ms | status: success | requestIp: null | dataId: resource_config_IDENTITY__md.json | group: agentspec__enc.6d61726b6574696e672d6368696e612d65636f6d6d657263652d6f70657261746f72__enc.302e302e31 | tenant: public | md5: 772f7c6d820eb05f4d055b972f847f96
2026-09-30 17:20:22,499|opType: publish | rt: 3ms | status: success | requestIp: null | dataId: resource_tool-analysis_tool-analysis__json.json | group: agentspec__enc.6d61726b6574696e672d6368696e612d65636f6d6d657263652d6f70657261746f72__enc.302e302e31 | tenant: public | md5: 5fa5992a00f203a58bb52dd2f6df99bb
2026-09-30 17:20:22,499|opType: publish | rt: 2ms | status: success | requestIp: null | dataId: resource_config_AGENTS__md.json | group: agentspec__enc.6d61726b6574696e672d6368696e612d65636f6d6d657263652d6f70657261746f72__enc.302e302e31 | tenant: public | md5: a031f05f8d75f957b168404bc0bcb4f6
2026-09-30 17:20:22,500|opType: publish | rt: 2ms | status: success | requestIp: null | dataId: resource_config_SOUL__md.json | group: agentspec__enc.6d61726b6574696e672d6368696e612d65636f6d6d657263652d6f70657261746f72__enc.302e302e31 | tenant: public | md5: 5b7e615db944a7ee7885df7fdc30765c
2026-09-30 17:20:22,500|opType: publish | rt: 2ms | status: success | requestIp: null | dataId: resource_config_MEMORY__md.json | group: agentspec__enc.6d61726b6574696e672d6368696e612d65636f6d6d657263652d6f70657261746f72__enc.302e302e31 | tenant: public | md5: 21a7f5e6b0e3cea180c67498fa9c7398
2026-09-30 17:20:22,522|opType: publish | rt: 3ms | status: success | requestIp: null | dataId: SKILL.md | group: skill_enc.706f7075702d63726f__enc.312e312e30 | tenant: public | md5: 88afa69b6f5061b12dae3fcdec43a7b7
2026-09-30 17:20:22,522|opType: publish | rt: 2ms | status: success | requestIp: null | dataId: enc.6576616c732f6576616c732e6a736f6e | group: skill_enc.706f7075702d63726f__enc.312e312e30 | tenant: public | md5: 346304e054f902674e5d6fab3fe470c9
2026-09-30 17:20:22,522|opType: publish | rt: 1ms | status: success | requestIp: null | dataId: skill_index.json | group: skill_paid-ads | tenant: public | md5: bc483117bbae74fbf6f7186b752e90f5
2026-09-30 17:20:22,545|opType: publish | rt: 3ms | status: success | requestIp: null | dataId: manifest.json | group: agentspec__enc.6d61726b6574696e672d636f6e74656e742d63726561746f72__enc.302e302e31 | tenant: public | md5: 1f0b76f34deb73d68f2635077f1e0639
2026-09-30 17:20:22,548|opType: publish | rt: 3ms | status: success | requestIp: null | dataId: SKILL.md | group: skill_enc.70726963696e672d7374726174656779__enc.312e312e30 | tenant: public | md5: 0f8b0a7854cbe1bf4955dcdd614d0627
2026-09-30 17:20:22,548|opType: publish | rt: 2ms | status: success | requestIp: null | dataId: enc.7265666572656e6365732f746965722d7374727563747572652e6d64 | group: skill_enc.70726963696e672d7374726174656779__enc.312e312e30 | tenant: public | md5: 05c84b4eb13a5cd8e3047e64aa0b16f3
2026-09-30 17:20:22,549|opType: publish | rt: 2ms | status: success | requestIp: null | dataId: enc.7265666572656e6365732f72657365617263682d6d6574686f64732e6d64 | group: skill_enc.70726963696e672d7374726174656779__enc.312e312e30 | tenant: public | md5: 913e82543afc5059ee44bf00c74e9724
2026-09-30 17:20:22,550|opType: publish | rt: 3ms | status: success | requestIp: null | dataId: enc.6576616c732f6576616c732e6a736f6e | group: skill_enc.70726963696e672d7374726174656779__enc.312e312e30 | tenant: public | md5: 34f697e39d8c1f874e9b4ddb405d2f32
2026-09-30 17:20:22,550|opType: publish | rt: 2ms | status: success | requestIp: null | dataId: skill_index.json | group: skill_paywall-upgrade-cro | tenant: public | md5: d6d3b3ef546461e39dd2abd94b3bebbb
2026-09-30 17:20:22,712|opType: publish | rt: 3ms | status: success | requestIp: null | dataId: resource_config_IDENTITY__md.json | group: agentspec__enc.6d61726b6574696e672d636f6e74656e742d63726561746f72__enc.302e302e31 | tenant: public | md5: 3fcfda62ff4045b7b1f0d94c8d1899f1
2026-09-30 17:20:22,713|opType: publish | rt: 4ms | status: success | requestIp: null | dataId: resource_config_MEMORY__md.json | group: agentspec__enc.6d61726b6574696e672d636f6e74656e742d63726561746f72__enc.302e302e31 | tenant: public | md5: 367e5ffc0eb4de455e196d7daf3d231c
2026-09-30 17:20:22,713|opType: publish | rt: 3ms | status: success | requestIp: null | dataId: resource_config_AGENTS__md.json | group: agentspec__enc.6d61726b6574696e672d636f6e74656e742d63726561746f72__enc.302e302e31 | tenant: public | md5: 144698235678a34af9222c0e39cd3ec2
2026-09-30 17:20:22,713|opType: publish | rt: 3ms | status: success | requestIp: null | dataId: resource_config_SOUL__md.json | group: agentspec__enc.6d61726b6574696e672d636f6e74656e742d63726561746f72__enc.302e302e31 | tenant: public | md5: ad08ab9721eb29412f9ca25e9f6ddcee
2026-09-30 17:20:22,713|opType: publish | rt: 2ms | status: success | requestIp: null | dataId: resource_tool-analysis_tool-analysis__json.json | group: agentspec__enc.6d61726b6574696e672d636f6e74656e742d63726561746f72__enc.302e302e31 | tenant: public | md5: c08197a819b5cd66e703c6c40e6ed641
2026-09-30 17:20:22,713|opType: publish | rt: 1ms | status: success | requestIp: null | dataId: resource_crons_jobs__json.json | group: agentspec__enc.6d61726b6574696e672d636f6e74656e742d63726561746f72__enc.302e302e31 | tenant: public | md5: 721c47bc5b1d948387209cd3f93bb0a9
2026-09-30 17:20:22,714|opType: publish | rt: 2ms | status: success | requestIp: null | dataId: manifest.json | group: agentspec__enc.6d61726b6574696e672d63726f73732d626f726465722d65636f6d6d65726365__enc.302e302e31 | tenant: public | md5: 240eef3869a40d42c61a28f293df404e
2026-09-30 17:20:22,714|opType: publish | rt: 1ms | status: success | requestIp: null | dataId: resource_crons_jobs__json.json | group: agentspec__enc.6d61726b6574696e672d63726f73732d626f726465722d65636f6d6d65726365__enc.302e302e31 | tenant: public | md5: 09f99196df063858a4b8a08c91f5cdb9
2026-09-30 17:20:22,714|opType: publish | rt: 1ms | status: success | requestIp: null | dataId: resource_config_IDENTITY__md.json | group: agentspec__enc.6d61726b6574696e672d63726f73732d626f726465722d65636f6d6d65726365__enc.302e302e31 | tenant: public | md5: af2da68ade8504217e574ae3a89c44ab
2026-09-30 17:20:22,728|opType: publish | rt: 2ms | status: success | requestIp: null | dataId: enc.6576616c732f6576616c732e6a736f6e | group: skill_enc.70726f647563742d6d61726b6574696e672d636f6e74657874__enc.312e312e30 | tenant: public | md5: 0e0df293cf4236550804623be7871a09
2026-09-30 17:20:22,728|opType: publish | rt: 2ms | status: success | requestIp: null | dataId: SKILL.md | group: skill_enc.70726f647563742d6d61726b6574696e672d636f6e74657874__enc.312e312e30 | tenant: public | md5: dbf5f4ebada8d27fd65cc9ff0231679b
2026-09-30 17:20:22,728|opType: publish | rt: 2ms | status: success | requestIp: null | dataId: skill_index.json | group: skill_popup-cro | tenant: public | md5: 0c3e72e2215e86f4cee39b9bce336dd7
2026-09-30 17:20:22,754|opType: publish | rt: 2ms | status: success | requestIp: null | dataId: resource_tool-analysis_tool-analysis__json.json | group: agentspec__enc.6d61726b6574696e672d63726f73732d626f726465722d65636f6d6d65726365__enc.302e302e31 | tenant: public | md5: 334549c70f8b6e7021a31173db90652c
2026-09-30 17:20:22,757|opType: publish | rt: 2ms | status: success | requestIp: null | dataId: skill_index.json | group: skill_pricing-strategy | tenant: public | md5: 2e393320eb2610f073f349f223d96d0b
2026-09-30 17:20:22,761|opType: publish | rt: 2ms | status: success | requestIp: null | dataId: SKILL.md | group: skill_enc.70726f6772616d6d617469632d73656f__enc.312e312e30 | tenant: public | md5: 939289647b2370744db0ad7011dc1da3
2026-09-30 17:20:22,761|opType: publish | rt: 2ms | status: success | requestIp: null | dataId: enc.6576616c732f6576616c732e6a736f6e | group: skill_enc.70726f6772616d6d617469632d73656f__enc.312e312e30 | tenant: public | md5: 7d72ace3b7bd1dbcad6f0bdafdb75008
2026-09-30 17:20:22,761|opType: publish | rt: 2ms | status: success | requestIp: null | dataId: enc.7265666572656e6365732f706c6179626f6f6b732e6d64 | group: skill_enc.70726f6772616d6d617469632d73656f__enc.312e312e30 | tenant: public | md5: 93ba45d6254ef5dbb10b0fa65cc9ea49
2026-09-30 17:20:22,918|opType: publish | rt: 2ms | status: success | requestIp: null | dataId: manifest.json | group: agentspec__enc.6d61726b6574696e672d646f7579696e2d73747261746567697374__enc.302e302e31 | tenant: public | md5: cd4985d3a9b9e8b52b46b29fe3af5153
2026-09-30 17:20:22,918|opType: publish | rt: 1ms | status: success | requestIp: null | dataId: resource_config_SOUL__md.json | group: agentspec__enc.6d61726b6574696e672d63726f73732d626f726465722d65636f6d6d65726365__enc.302e302e31 | tenant: public | md5: 0362b61ecb0dfe9bbd6d47e25cfd727d
2026-09-30 17:20:22,921|opType: publish | rt: 3ms | status: success | requestIp: null | dataId: resource_config_IDENTITY__md.json | group: agentspec__enc.6d61726b6574696e672d646f7579696e2d73747261746567697374__enc.302e302e31 | tenant: public | md5: 5bffb82f9ad68ac00ca381bf26b67d60
2026-09-30 17:20:22,921|opType: publish | rt: 4ms | status: success | requestIp: null | dataId: resource_config_AGENTS__md.json | group: agentspec__enc.6d61726b6574696e672d63726f73732d626f726465722d65636f6d6d65726365__enc.302e302e31 | tenant: public | md5: 85363059b6b376848d3f2c278ac12eb1
2026-09-30 17:20:22,922|opType: publish | rt: 4ms | status: success | requestIp: null | dataId: resource_crons_jobs__json.json | group: agentspec__enc.6d61726b6574696e672d646f7579696e2d73747261746567697374__enc.302e302e31 | tenant: public | md5: 589a15e00500b7e39b2589925fb105d5
2026-09-30 17:20:22,922|opType: publish | rt: 4ms | status: success | requestIp: null | dataId: resource_config_MEMORY__md.json | group: agentspec__enc.6d61726b6574696e672d63726f73732d626f726465722d65636f6d6d65726365__enc.302e302e31 | tenant: public | md5: 17f83bd9ef9a8a3ab784b250924e693f
2026-09-30 17:20:22,922|opType: publish | rt: 3ms | status: success | requestIp: null | dataId: resource_crons_jobs__json.json | group: agentspec__enc.6d61726b6574696e672d65636f6d6d657263652d6f70657261746f72__enc.302e302e31 | tenant: public | md5: 589a15e00500b7e39b2589925fb105d5
2026-09-30 17:20:22,922|opType: publish | rt: 3ms | status: success | requestIp: null | dataId: resource_tool-analysis_tool-analysis__json.json | group: agentspec__enc.6d61726b6574696e672d646f7579696e2d73747261746567697374__enc.302e302e31 | tenant: public | md5: a6ae7515bff31c22d1338a6e183172a1
2026-09-30 17:20:22,922|opType: publish | rt: 3ms | status: success | requestIp: null | dataId: manifest.json | group: agentspec__enc.6d61726b6574696e672d65636f6d6d657263652d6f70657261746f72__enc.302e302e31 | tenant: public | md5: 7c817d784d4502dec043bbdc76dac405
2026-09-30 17:20:22,932|opType: publish | rt: 1ms | status: success | requestIp: null | dataId: skill_index.json | group: skill_product-marketing-context | tenant: public | md5: 0c3e72e2215e86f4cee39b9bce336dd7
2026-09-30 17:20:22,934|opType: publish | rt: 1ms | status: success | requestIp: null | dataId: SKILL.md | group: skill_enc.726566657272616c2d70726f6772616d__enc.312e312e30 | tenant: public | md5: b0a9efa60ff532791c482c00c6c003e9
2026-09-30 17:20:22,935|opType: publish | rt: 2ms | status: success | requestIp: null | dataId: enc.6576616c732f6576616c732e6a736f6e | group: skill_enc.726566657272616c2d70726f6772616d__enc.312e312e30 | tenant: public | md5: 67ebe58bbdf1485c7dc56a6f7c9bf97f
2026-09-30 17:20:22,935|opType: publish | rt: 1ms | status: success | requestIp: null | dataId: enc.7265666572656e6365732f616666696c696174652d70726f6772616d732e6d64 | group: skill_enc.726566657272616c2d70726f6772616d__enc.312e312e30 | tenant: public | md5: d090f656860d164b25557e82e936aa2a
2026-09-30 17:20:22,935|opType: publish | rt: 1ms | status: success | requestIp: null | dataId: enc.7265666572656e6365732f70726f6772616d2d6578616d706c65732e6d64 | group: skill_enc.726566657272616c2d70726f6772616d__enc.312e312e30 | tenant: public | md5: 50989f2d4e8a3914475865b2cc17fe53
2026-09-30 17:20:22,960|opType: publish | rt: 1ms | status: success | requestIp: null | dataId: resource_config_IDENTITY__md.json | group: agentspec__enc.6d61726b6574696e672d65636f6d6d657263652d6f70657261746f72__enc.302e302e31 | tenant: public | md5: 051ff6cd2edd439358aa2c7a8d8149e5
2026-09-30 17:20:22,967|opType: publish | rt: 2ms | status: success | requestIp: null | dataId: SKILL.md | group: skill_enc.7265766f7073__enc.312e312e30 | tenant: public | md5: 5fee793ca78b9f001b9a93db74ac2c94
2026-09-30 17:20:22,967|opType: publish | rt: 2ms | status: success | requestIp: null | dataId: enc.7265666572656e6365732f726f7574696e672d72756c65732e6d64 | group: skill_enc.7265766f7073__enc.312e312e30 | tenant: public | md5: a999961c8835f8e945319a9f7a4ccb30
2026-09-30 17:20:22,967|opType: publish | rt: 2ms | status: success | requestIp: null | dataId: enc.6576616c732f6576616c732e6a736f6e | group: skill_enc.7265766f7073__enc.312e312e30 | tenant: public | md5: 5e0f21fad28c5edc7df354b962750817
2026-09-30 17:20:22,968|opType: publish | rt: 2ms | status: success | requestIp: null | dataId: enc.7265666572656e6365732f6c6966656379636c652d646566696e6974696f6e732e6d64 | group: skill_enc.7265766f7073__enc.312e312e30 | tenant: public | md5: 9fbace16fffb548c3d241df767c21a32
2026-09-30 17:20:22,968|opType: publish | rt: 1ms | status: success | requestIp: null | dataId: enc.7265666572656e6365732f6175746f6d6174696f6e2d706c6179626f6f6b732e6d64 | group: skill_enc.7265766f7073__enc.312e312e30 | tenant: public | md5: dfdb9f356112d35230a146aafc3fadbf
2026-09-30 17:20:22,969|opType: publish | rt: 2ms | status: success | requestIp: null | dataId: enc.7265666572656e6365732f73636f72696e672d6d6f64656c732e6d64 | group: skill_enc.7265766f7073__enc.312e312e30 | tenant: public | md5: 78ada608ac48a7feb8f7bc20076bb18a
2026-09-30 17:20:22,969|opType: publish | rt: 2ms | status: success | requestIp: null | dataId: skill_index.json | group: skill_programmatic-seo | tenant: public | md5: d3b9881ae8dbf0238fe432d03b4d81ea
2026-09-30 17:20:23,125|opType: publish | rt: 2ms | status: success | requestIp: null | dataId: resource_tool-analysis_tool-analysis__json.json | group: agentspec__enc.6d61726b6574696e672d65636f6d6d657263652d6f70657261746f72__enc.302e302e31 | tenant: public | md5: a6ae7515bff31c22d1338a6e183172a1
2026-09-30 17:20:23,128|opType: publish | rt: 3ms | status: success | requestIp: null | dataId: resource_config_AGENTS__md.json | group: agentspec__enc.6d61726b6574696e672d646f7579696e2d73747261746567697374__enc.302e302e31 | tenant: public | md5: 2d00300243ef9f825125151184698416
2026-09-30 17:20:23,128|opType: publish | rt: 2ms | status: success | requestIp: null | dataId: resource_config_SOUL__md.json | group: agentspec__enc.6d61726b6574696e672d646f7579696e2d73747261746567697374__enc.302e302e31 | tenant: public | md5: f616ac4186167665b59b8e61b04cd0f8
2026-09-30 17:20:23,128|opType: publish | rt: 2ms | status: success | requestIp: null | dataId: resource_config_MEMORY__md.json | group: agentspec__enc.6d61726b6574696e672d646f7579696e2d73747261746567697374__enc.302e302e31 | tenant: public | md5: bfc7fd0298fd967f319b9c510e7062e1
2026-09-30 17:20:23,130|opType: publish | rt: 2ms | status: success | requestIp: null | dataId: resource_crons_jobs__json.json | group: agentspec__enc.6d61726b6574696e672d67726f7774682d6861636b6572__enc.302e302e31 | tenant: public | md5: 18b09bd6065a3336f0d4a943ea1e68c8
2026-09-30 17:20:23,131|opType: publish | rt: 3ms | status: success | requestIp: null | dataId: resource_config_AGENTS__md.json | group: agentspec__enc.6d61726b6574696e672d65636f6d6d657263652d6f70657261746f72__enc.302e302e31 | tenant: public | md5: c0a1add1bb6c5670eaf6f82a05a23c47
2026-09-30 17:20:23,131|opType: publish | rt: 3ms | status: success | requestIp: null | dataId: resource_config_MEMORY__md.json | group: agentspec__enc.6d61726b6574696e672d65636f6d6d657263652d6f70657261746f72__enc.302e302e31 | tenant: public | md5: bfc7fd0298fd967f319b9c510e7062e1
2026-09-30 17:20:23,131|opType: publish | rt: 2ms | status: success | requestIp: null | dataId: manifest.json | group: agentspec__enc.6d61726b6574696e672d67726f7774682d6861636b6572__enc.302e302e31 | tenant: public | md5: c5518e879101a541ce77c233f3bfbe7a
2026-09-30 17:20:23,132|opType: publish | rt: 2ms | status: success | requestIp: null | dataId: resource_config_SOUL__md.json | group: agentspec__enc.6d61726b6574696e672d65636f6d6d657263652d6f70657261746f72__enc.302e302e31 | tenant: public | md5: e6ddc38f07f0387dec3b0a51d3c728f1
2026-09-30 17:20:23,139|opType: publish | rt: 2ms | status: success | requestIp: null | dataId: SKILL.md | group: skill_enc.73616c65732d656e61626c656d656e74__enc.312e312e30 | tenant: public | md5: 891bf6d669f3557d57ee4b8e996b4116
2026-09-30 17:20:23,140|opType: publish | rt: 2ms | status: success | requestIp: null | dataId: enc.6576616c732f6576616c732e6a736f6e | group: skill_enc.73616c65732d656e61626c656d656e74__enc.312e312e30 | tenant: public | md5: 75949c868952a7b945d4da1981f61dfa
2026-09-30 17:20:23,141|opType: publish | rt: 3ms | status: success | requestIp: null | dataId: enc.7265666572656e6365732f64656d6f2d736372697074732e6d64 | group: skill_enc.73616c65732d656e61626c656d656e74__enc.312e312e30 | tenant: public | md5: 3fbc2811dc136bba624290c91f7d6445
2026-09-30 17:20:23,141|opType: publish | rt: 2ms | status: success | requestIp: null | dataId: enc.7265666572656e6365732f6f6e652d70616765722d74656d706c617465732e6d64 | group: skill_enc.73616c65732d656e61626c656d656e74__enc.312e312e30 | tenant: public | md5: 304570a0e2c3e853440a2fcf67af636e
2026-09-30 17:20:23,142|opType: publish | rt: 2ms | status: success | requestIp: null | dataId: skill_index.json | group: skill_referral-program | tenant: public | md5: 4e85f2fe0291496bd67871664cf0afcb
2026-09-30 17:20:23,169|opType: publish | rt: 1ms | status: success | requestIp: null | dataId: resource_config_IDENTITY__md.json | group: agentspec__enc.6d61726b6574696e672d67726f7774682d6861636b6572__enc.302e302e31 | tenant: public | md5: d610f3c375260bfd5997d785869d0581
2026-09-30 17:20:23,170|opType: publish | rt: 2ms | status: success | requestIp: null | dataId: enc.7265666572656e6365732f6f626a656374696f6e2d6c6962726172792e6d64 | group: skill_enc.73616c65732d656e61626c656d656e74__enc.312e312e30 | tenant: public | md5: 28a45496ef58f58d68c056e6bdf5bc51
2026-09-30 17:20:23,173|opType: publish | rt: 2ms | status: success | requestIp: null | dataId: enc.7265666572656e6365732f6465636b2d6672616d65776f726b732e6d64 | group: skill_enc.73616c65732d656e61626c656d656e74__enc.312e312e30 | tenant: public | md5: 034bfb3e4dfa7ee3f2ee6777ecbcb4fd
2026-09-30 17:20:23,173|opType: publish | rt: 1ms | status: success | requestIp: null | dataId: SKILL.md | group: skill_enc.736368656d612d6d61726b7570__enc.312e312e30 | tenant: public | md5: 5f182ef51428c07596759f6dac478244
2026-09-30 17:20:23,174|opType: publish | rt: 2ms | status: success | requestIp: null | dataId: skill_index.json | group: skill_revops | tenant: public | md5: cfb57d623c155639e3ace01087b223f6
2026-09-30 17:20:23,174|opType: publish | rt: 1ms | status: success | requestIp: null | dataId: enc.7265666572656e6365732f736368656d612d6578616d706c65732e6d64 | group: skill_enc.736368656d612d6d61726b7570__enc.312e312e30 | tenant: public | md5: c72a35b6a04234484bbb986553d601e7
2026-09-30 17:20:23,174|opType: publish | rt: 1ms | status: success | requestIp: null | dataId: enc.6576616c732f6576616c732e6a736f6e | group: skill_enc.736368656d612d6d61726b7570__enc.312e312e30 | tenant: public | md5: ce656a928c6992cb91faf8e3623f9f5f
2026-09-30 17:20:23,331|opType: publish | rt: 2ms | status: success | requestIp: null | dataId: resource_tool-analysis_tool-analysis__json.json | group: agentspec__enc.6d61726b6574696e672d67726f7774682d6861636b6572__enc.302e302e31 | tenant: public | md5: 4e8868b962baff0092122fa9ec8f26af
2026-09-30 17:20:23,333|opType: publish | rt: 2ms | status: success | requestIp: null | dataId: resource_config_AGENTS__md.json | group: agentspec__enc.6d61726b6574696e672d67726f7774682d6861636b6572__enc.302e302e31 | tenant: public | md5: f5c560a5e5a8b0128a4c1ae68e4bd039
2026-09-30 17:20:23,333|opType: publish | rt: 1ms | status: success | requestIp: null | dataId: resource_config_SOUL__md.json | group: agentspec__enc.6d61726b6574696e672d67726f7774682d6861636b6572__enc.302e302e31 | tenant: public | md5: 1d5329124b3dcb2ba5ffca6973f6ad11
2026-09-30 17:20:23,335|opType: publish | rt: 1ms | status: success | requestIp: null | dataId: resource_config_MEMORY__md.json | group: agentspec__enc.6d61726b6574696e672d67726f7774682d6861636b6572__enc.302e302e31 | tenant: public | md5: ef6e5a1aa95d801268ac6f6d7df7c5e0
2026-09-30 17:20:23,337|opType: publish | rt: 2ms | status: success | requestIp: null | dataId: manifest.json | group: agentspec__enc.6d61726b6574696e672d696e7374616772616d2d63757261746f72__enc.302e302e31 | tenant: public | md5: fb2914bc5c6993283a88eceaa0ba6f30
2026-09-30 17:20:23,343|opType: publish | rt: 6ms | status: success | requestIp: null | dataId: resource_config_IDENTITY__md.json | group: agentspec__enc.6d61726b6574696e672d696e7374616772616d2d63757261746f72__enc.302e302e31 | tenant: public | md5: 3216a92f71d099e721c99f5ae289fc99
2026-09-30 17:20:23,343|opType: publish | rt: 7ms | status: success | requestIp: null | dataId: resource_config_AGENTS__md.json | group: agentspec__enc.6d61726b6574696e672d696e7374616772616d2d63757261746f72__enc.302e302e31 | tenant: public | md5: 41af32f3eb8985cb560a732384370c4a
2026-09-30 17:20:23,343|opType: publish | rt: 7ms | status: success | requestIp: null | dataId: resource_crons_jobs__json.json | group: agentspec__enc.6d61726b6574696e672d696e7374616772616d2d63757261746f72__enc.302e302e31 | tenant: public | md5: ed8ab66465ef796c5a5e7445edd8aa9c
2026-09-30 17:20:23,343|opType: publish | rt: 6ms | status: success | requestIp: null | dataId: resource_tool-analysis_tool-analysis__json.json | group: agentspec__enc.6d61726b6574696e672d696e7374616772616d2d63757261746f72__enc.302e302e31 | tenant: public | md5: a14a49e1fb48640acba2ae239fe5b775
2026-09-30 17:20:23,350|opType: publish | rt: 2ms | status: success | requestIp: null | dataId: enc.7265666572656e6365732f61692d77726974696e672d646574656374696f6e2e6d64 | group: skill_enc.73656f2d6175646974__enc.312e312e30 | tenant: public | md5: 26787dad8564856ee9c9a4fa64a919de
2026-09-30 17:20:23,351|opType: publish | rt: 2ms | status: success | requestIp: null | dataId: SKILL.md | group: skill_enc.73656f2d6175646974__enc.312e312e30 | tenant: public | md5: 8323e3ac498769d811a3b63918a41186
2026-09-30 17:20:23,351|opType: publish | rt: 2ms | status: success | requestIp: null | dataId: enc.6576616c732f6576616c732e6a736f6e | group: skill_enc.73656f2d6175646974__enc.312e312e30 | tenant: public | md5: 33de97debe012834fc1136c61de936c9
2026-09-30 17:20:23,377|opType: publish | rt: 1ms | status: success | requestIp: null | dataId: resource_config_SOUL__md.json | group: agentspec__enc.6d61726b6574696e672d696e7374616772616d2d63757261746f72__enc.302e302e31 | tenant: public | md5: 7264893cc2b26a36956dd1649c01f53e
2026-09-30 17:20:23,380|opType: publish | rt: 1ms | status: success | requestIp: null | dataId: enc.6576616c732f6576616c732e6a736f6e | group: skill_enc.7369676e75702d666c6f772d63726f__enc.312e312e30 | tenant: public | md5: 747b85d3706e98db43cf617eb452b672
2026-09-30 17:20:23,381|opType: publish | rt: 1ms | status: success | requestIp: null | dataId: SKILL.md | group: skill_enc.7369676e75702d666c6f772d63726f__enc.312e312e30 | tenant: public | md5: 13aafb2fbe6201931789e31aa5a046ed
2026-09-30 17:20:23,381|opType: publish | rt: 2ms | status: success | requestIp: null | dataId: skill_index.json | group: skill_sales-enablement | tenant: public | md5: 4d26a47325cb82e6daadacedf32c9a76
2026-09-30 17:20:23,381|opType: publish | rt: 1ms | status: success | requestIp: null | dataId: skill_index.json | group: skill_schema-markup | tenant: public | md5: 499dce1f852f4948311e890127c0258c
2026-09-30 17:20:23,537|opType: publish | rt: 2ms | status: success | requestIp: null | dataId: resource_config_MEMORY__md.json | group: agentspec__enc.6d61726b6574696e672d696e7374616772616d2d63757261746f72__enc.302e302e31 | tenant: public | md5: 76717ee1e3235899bcc3ca03b174e6e3
2026-09-30 17:20:23,538|opType: publish | rt: 2ms | status: success | requestIp: null | dataId: resource_crons_jobs__json.json | group: agentspec__enc.6d61726b6574696e672d6b6e6f776c656467652d636f6d6d657263652d73747261746567697374__enc.302e302e31 | tenant: public | md5: 3409a1943d3deec6a96c362f8bab1c47
2026-09-30 17:20:23,539|opType: publish | rt: 2ms | status: success | requestIp: null | dataId: manifest.json | group: agentspec__enc.6d61726b6574696e672d6b6e6f776c656467652d636f6d6d657263652d73747261746567697374__enc.302e302e31 | tenant: public | md5: b0c323de64752c8b54cd706f5a69e1d1
2026-09-30 17:20:23,540|opType: publish | rt: 2ms | status: success | requestIp: null | dataId: resource_config_IDENTITY__md.json | group: agentspec__enc.6d61726b6574696e672d6b6e6f776c656467652d636f6d6d657263652d73747261746567697374__enc.302e302e31 | tenant: public | md5: 664785106227b90be181880187466c65
2026-09-30 17:20:23,541|opType: publish | rt: 1ms | status: success | requestIp: null | dataId: resource_tool-analysis_tool-analysis__json.json | group: agentspec__enc.6d61726b6574696e672d6b6e6f776c656467652d636f6d6d657263652d73747261746567697374__enc.302e302e31 | tenant: public | md5: 965f59fc25c8fa9b27e4399c94c95f50
2026-09-30 17:20:23,555|opType: publish | rt: 10ms | status: success | requestIp: null | dataId: resource_config_SOUL__md.json | group: agentspec__enc.6d61726b6574696e672d6b6e6f776c656467652d636f6d6d657263652d73747261746567697374__enc.302e302e31 | tenant: public | md5: 4d32003b39d19fd1e9b45dc2711a774e
2026-09-30 17:20:23,556|opType: publish | rt: 2ms | status: success | requestIp: null | dataId: manifest.json | group: agentspec__enc.6d61726b6574696e672d6b75616973686f752d73747261746567697374__enc.302e302e31 | tenant: public | md5: 1300780376a58fb4284a9c39648068f6
2026-09-30 17:20:23,556|opType: publish | rt: 2ms | status: success | requestIp: null | dataId: resource_config_AGENTS__md.json | group: agentspec__enc.6d61726b6574696e672d6b6e6f776c656467652d636f6d6d657263652d73747261746567697374__enc.302e302e31 | tenant: public | md5: f3314b58a86a27af203ab26a6cb35fb3
2026-09-30 17:20:23,556|opType: publish | rt: 1ms | status: success | requestIp: null | dataId: resource_config_MEMORY__md.json | group: agentspec__enc.6d61726b6574696e672d6b6e6f776c656467652d636f6d6d657263652d73747261746567697374__enc.302e302e31 | tenant: public | md5: c8553a8e27629d4454d2b4e216de2b74
2026-09-30 17:20:23,558|opType: publish | rt: 2ms | status: success | requestIp: null | dataId: skill_index.json | group: skill_seo-audit | tenant: public | md5: a8969d965e2d934508c09d0260249994
2026-09-30 17:20:23,587|opType: publish | rt: 2ms | status: success | requestIp: null | dataId: resource_crons_jobs__json.json | group: agentspec__enc.6d61726b6574696e672d6b75616973686f752d73747261746567697374__enc.302e302e31 | tenant: public | md5: 9d44cbfe8a944c502ec417ab6cb92d3b
2026-09-30 17:20:23,589|opType: publish | rt: 2ms | status: success | requestIp: null | dataId: enc.7265666572656e6365732f6e617669676174696f6e2d7061747465726e732e6d64 | group: skill_enc.736974652d617263686974656374757265__enc.312e312e30 | tenant: public | md5: 0eb4f19b4ba0a5be0990c8698cd435b0
2026-09-30 17:20:23,590|opType: publish | rt: 2ms | status: success | requestIp: null | dataId: enc.7265666572656e6365732f6d65726d6169642d74656d706c617465732e6d64 | group: skill_enc.736974652d617263686974656374757265__enc.312e312e30 | tenant: public | md5: 7fe021149a4803d117467544b26aeedd
2026-09-30 17:20:23,590|opType: publish | rt: 2ms | status: success | requestIp: null | dataId: SKILL.md | group: skill_enc.736974652d617263686974656374757265__enc.312e312e30 | tenant: public | md5: d293478c61b6c21ef7754ec4c0301529
2026-09-30 17:20:23,591|opType: publish | rt: 2ms | status: success | requestIp: null | dataId: enc.6576616c732f6576616c732e6a736f6e | group: skill_enc.736974652d617263686974656374757265__enc.312e312e30 | tenant: public | md5: 2b59bc7ae26cc1c1f019a1ab0b013bd1
2026-09-30 17:20:23,591|opType: publish | rt: 3ms | status: success | requestIp: null | dataId: enc.7265666572656e6365732f736974652d747970652d74656d706c617465732e6d64 | group: skill_enc.736974652d617263686974656374757265__enc.312e312e30 | tenant: public | md5: c972619dbe809eeb3da3f3adc50358b4
2026-09-30 17:20:23,592|opType: publish | rt: 3ms | status: success | requestIp: null | dataId: skill_index.json | group: skill_signup-flow-cro | tenant: public | md5: 0c3e72e2215e86f4cee39b9bce336dd7
2026-09-30 17:20:23,592|opType: publish | rt: 2ms | status: success | requestIp: null | dataId: enc.6576616c732f6576616c732e6a736f6e | group: skill_enc.736f6369616c2d636f6e74656e74__enc.312e312e30 | tenant: public | md5: 3fd33c5dbdae18151ff326ac076491c6
2026-09-30 17:20:23,593|opType: publish | rt: 2ms | status: success | requestIp: null | dataId: SKILL.md | group: skill_enc.736f6369616c2d636f6e74656e74__enc.312e312e30 | tenant: public | md5: e40238f5a96b1a35d7df5875f6b97ca5
2026-09-30 17:20:23,593|opType: publish | rt: 2ms | status: success | requestIp: null | dataId: enc.7265666572656e6365732f726576657273652d656e67696e656572696e672e6d64 | group: skill_enc.736f6369616c2d636f6e74656e74__enc.312e312e30 | tenant: public | md5: bfd05ba02e5c065550e54f73291d4fe7
2026-09-30 17:20:23,593|opType: publish | rt: 1ms | status: success | requestIp: null | dataId: enc.7265666572656e6365732f706c6174666f726d732e6d64 | group: skill_enc.736f6369616c2d636f6e74656e74__enc.312e312e30 | tenant: public | md5: 8a9ca50689468807c2b82876ec7ab04b
2026-09-30 17:20:23,593|opType: publish | rt: 2ms | status: success | requestIp: null | dataId: enc.7265666572656e6365732f706f73742d74656d706c617465732e6d64 | group: skill_enc.736f6369616c2d636f6e74656e74__enc.312e312e30 | tenant: public | md5: a4a6f679084788342027401f1c7d4ad5
2026-09-30 17:20:23,743|opType: publish | rt: 3ms | status: success | requestIp: null | dataId: resource_config_IDENTITY__md.json | group: agentspec__enc.6d61726b6574696e672d6b75616973686f752d73747261746567697374__enc.302e302e31 | tenant: public | md5: e55805677baa44c8f74e17897f568b16
2026-09-30 17:20:23,743|opType: publish | rt: 2ms | status: success | requestIp: null | dataId: resource_tool-analysis_tool-analysis__json.json | group: agentspec__enc.6d61726b6574696e672d6b75616973686f752d73747261746567697374__enc.302e302e31 | tenant: public | md5: 6e7448612bcfa69cceac5eef5dc80bbc
2026-09-30 17:20:23,744|opType: publish | rt: 1ms | status: success | requestIp: null | dataId: resource_config_AGENTS__md.json | group: agentspec__enc.6d61726b6574696e672d6b75616973686f752d73747261746567697374__enc.302e302e31 | tenant: public | md5: c29747601eebb7a7ca3dad0a0fffa3b9
2026-09-30 17:20:23,744|opType: publish | rt: 1ms | status: success | requestIp: null | dataId: resource_config_SOUL__md.json | group: agentspec__enc.6d61726b6574696e672d6b75616973686f752d73747261746567697374__enc.302e302e31 | tenant: public | md5: f9c0931eeac052b9784ce598d67c73d7
2026-09-30 17:20:23,747|opType: publish | rt: 1ms | status: success | requestIp: null | dataId: resource_config_MEMORY__md.json | group: agentspec__enc.6d61726b6574696e672d6b75616973686f752d73747261746567697374__enc.302e302e31 | tenant: public | md5: 5796fcf953bcde8af3b4d2ec8dbcaa0d
2026-09-30 17:20:23,760|opType: publish | rt: 2ms | status: success | requestIp: null | dataId: manifest.json | group: agentspec__enc.6d61726b6574696e672d6c696e6b6564696e2d636f6e74656e742d63726561746f72__enc.302e302e31 | tenant: public | md5: efcc36104b81533cf9f2f64e06766465
2026-09-30 17:20:23,760|opType: publish | rt: 2ms | status: success | requestIp: null | dataId: resource_crons_jobs__json.json | group: agentspec__enc.6d61726b6574696e672d6c696e6b6564696e2d636f6e74656e742d63726561746f72__enc.302e302e31 | tenant: public | md5: 863f4bd918f3998fba6cb98567e5c47d
2026-09-30 17:20:23,761|opType: publish | rt: 1ms | status: success | requestIp: null | dataId: resource_config_IDENTITY__md.json | group: agentspec__enc.6d61726b6574696e672d6c696e6b6564696e2d636f6e74656e742d63726561746f72__enc.302e302e31 | tenant: public | md5: 8d2b52972b8d8e11f9c1c091cd0cd323
2026-09-30 17:20:23,763|opType: publish | rt: 1ms | status: success | requestIp: null | dataId: resource_tool-analysis_tool-analysis__json.json | group: agentspec__enc.6d61726b6574696e672d6c696e6b6564696e2d636f6e74656e742d63726561746f72__enc.302e302e31 | tenant: public | md5: b70492f083bd764eae6bb7a4840f126c
2026-09-30 17:20:23,792|opType: publish | rt: 1ms | status: success | requestIp: null | dataId: resource_config_AGENTS__md.json | group: agentspec__enc.6d61726b6574696e672d6c696e6b6564696e2d636f6e74656e742d63726561746f72__enc.302e302e31 | tenant: public | md5: 18d967c4ad38488ec124351ba8a10ef4
2026-09-30 17:20:23,794|opType: publish | rt: 3ms | status: success | requestIp: null | dataId: SKILL.md | group: skill_enc.6167656e742d62726f77736572__enc.302e302e31 | tenant: public | md5: 8651a813447fdd0554f1ef1b4167a01e
2026-09-30 17:20:23,796|opType: publish | rt: 2ms | status: success | requestIp: null | dataId: enc.7265666572656e6365732f70726f78792d737570706f72742e6d64 | group: skill_enc.6167656e742d62726f77736572__enc.302e302e31 | tenant: public | md5: 7fcef1d396dd90b51d8cd4f9401f2ddf
2026-09-30 17:20:23,797|opType: publish | rt: 2ms | status: success | requestIp: null | dataId: enc.7265666572656e6365732f636f6d6d616e64732e6d64 | group: skill_enc.6167656e742d62726f77736572__enc.302e302e31 | tenant: public | md5: 0de52bea469f321cc6177d250bbadd92
2026-09-30 17:20:23,797|opType: publish | rt: 2ms | status: success | requestIp: null | dataId: enc.7265666572656e6365732f766964656f2d7265636f7264696e672e6d64 | group: skill_enc.6167656e742d62726f77736572__enc.302e302e31 | tenant: public | md5: 450c8caf748dc8b4f73a1a992d838f54
2026-09-30 17:20:23,798|opType: publish | rt: 2ms | status: success | requestIp: null | dataId: enc.7265666572656e6365732f61757468656e7469636174696f6e2e6d64 | group: skill_enc.6167656e742d62726f77736572__enc.302e302e31 | tenant: public | md5: c3a8f1088214fe0f2835034403b28923
2026-09-30 17:20:23,798|opType: publish | rt: 1ms | status: success | requestIp: null | dataId: enc.74656d706c617465732f636170747572652d776f726b666c6f772e7368 | group: skill_enc.6167656e742d62726f77736572__enc.302e302e31 | tenant: public | md5: 1665ab76efae2c43bb821c4fe0862fcd
2026-09-30 17:20:23,799|opType: publish | rt: 2ms | status: success | requestIp: null | dataId: enc.7265666572656e6365732f73657373696f6e2d6d616e6167656d656e742e6d64 | group: skill_enc.6167656e742d62726f77736572__enc.302e302e31 | tenant: public | md5: 9841d9a0b113b0294fe20d0d020a783e
2026-09-30 17:20:23,799|opType: publish | rt: 2ms | status: success | requestIp: null | dataId: enc.74656d706c617465732f666f726d2d6175746f6d6174696f6e2e7368 | group: skill_enc.6167656e742d62726f77736572__enc.302e302e31 | tenant: public | md5: ec934c21c0ba33bf0dddd49d69294576
2026-09-30 17:20:23,799|opType: publish | rt: 1ms | status: success | requestIp: null | dataId: enc.7265666572656e6365732f736e617073686f742d726566732e6d64 | group: skill_enc.6167656e742d62726f77736572__enc.302e302e31 | tenant: public | md5: 0941be7f4d7c30d83efd706d87dd3963
2026-09-30 17:20:23,800|opType: publish | rt: 2ms | status: success | requestIp: null | dataId: enc.74656d706c617465732f61757468656e746963617465642d73657373696f6e2e7368 | group: skill_enc.6167656e742d62726f77736572__enc.302e302e31 | tenant: public | md5: b320b2b53f414ccf028fe68ecaa5f180
2026-09-30 17:20:23,800|opType: publish | rt: 1ms | status: success | requestIp: null | dataId: skill_index.json | group: skill_social-content | tenant: public | md5: 7c98d4aca7e49ec83deaaae3bec2e7d7
2026-09-30 17:20:23,800|opType: publish | rt: 1ms | status: success | requestIp: null | dataId: skill_index.json | group: skill_site-architecture | tenant: public | md5: ecd2f29e8f4c76d7270a34cde5a2b7ad
2026-09-30 17:20:23,957|opType: publish | rt: 3ms | status: success | requestIp: null | dataId: resource_crons_jobs__json.json | group: agentspec__enc.6d61726b6574696e672d6c69766573747265616d2d636f6d6d657263652d636f616368__enc.302e302e31 | tenant: public | md5: 2fc527472876f86f08773345bb056531
2026-09-30 17:20:23,958|opType: publish | rt: 4ms | status: success | requestIp: null | dataId: resource_config_MEMORY__md.json | group: agentspec__enc.6d61726b6574696e672d6c696e6b6564696e2d636f6e74656e742d63726561746f72__enc.302e302e31 | tenant: public | md5: 1f56a08e9752987e54101cea38872805
2026-09-30 17:20:23,958|opType: publish | rt: 2ms | status: success | requestIp: null | dataId: resource_config_SOUL__md.json | group: agentspec__enc.6d61726b6574696e672d6c696e6b6564696e2d636f6e74656e742d63726561746f72__enc.302e302e31 | tenant: public | md5: f3ff0abd5fb2b730fb9c751e2fa8e07d
2026-09-30 17:20:23,959|opType: publish | rt: 2ms | status: success | requestIp: null | dataId: resource_config_IDENTITY__md.json | group: agentspec__enc.6d61726b6574696e672d6c69766573747265616d2d636f6d6d657263652d636f616368__enc.302e302e31 | tenant: public | md5: b80ea109f645521f2bd848f92d3d85e7
2026-09-30 17:20:23,959|opType: publish | rt: 1ms | status: success | requestIp: null | dataId: manifest.json | group: agentspec__enc.6d61726b6574696e672d6c69766573747265616d2d636f6d6d657263652d636f616368__enc.302e302e31 | tenant: public | md5: 3c956ccc9e1ac68ac3365270df4d29bf
2026-09-30 17:20:23,963|opType: publish | rt: 1ms | status: success | requestIp: null | dataId: resource_tool-analysis_tool-analysis__json.json | group: agentspec__enc.6d61726b6574696e672d6c69766573747265616d2d636f6d6d657263652d636f616368__enc.302e302e31 | tenant: public | md5: 4f1f7e08f2689548e81debacf791095f
2026-09-30 17:20:23,964|opType: publish | rt: 2ms | status: success | requestIp: null | dataId: resource_config_AGENTS__md.json | group: agentspec__enc.6d61726b6574696e672d6c69766573747265616d2d636f6d6d657263652d636f616368__enc.302e302e31 | tenant: public | md5: 1bf74bbbfd9df701a528dded0a2f80a0
2026-09-30 17:20:23,965|opType: publish | rt: 2ms | status: success | requestIp: null | dataId: resource_config_SOUL__md.json | group: agentspec__enc.6d61726b6574696e672d6c69766573747265616d2d636f6d6d657263652d636f616368__enc.302e302e31 | tenant: public | md5: 1e9ea5d6f5f634a633c309c60a851a7b
2026-09-30 17:20:23,971|opType: publish | rt: 5ms | status: success | requestIp: null | dataId: resource_config_MEMORY__md.json | group: agentspec__enc.6d61726b6574696e672d6c69766573747265616d2d636f6d6d657263652d636f616368__enc.302e302e31 | tenant: public | md5: c7998d98d1c0964714fd57d49a47f957
2026-09-30 17:20:23,996|opType: publish | rt: 1ms | status: success | requestIp: null | dataId: manifest.json | group: agentspec__enc.6d61726b6574696e672d706f64636173742d73747261746567697374__enc.302e302e31 | tenant: public | md5: 1bb402b44b5247e5edcea2bd3fddb87f
2026-09-30 17:20:23,996|opType: publish | rt: 1ms | status: success | requestIp: null | dataId: SKILL.md | group: skill_enc.6167656e742d746f6f6c73__enc.302e302e31 | tenant: public | md5: 8f61c7e80e2e69dcaded2aeff06f5e94
2026-09-30 17:20:24,000|opType: publish | rt: 1ms | status: success | requestIp: null | dataId: enc.7265666572656e6365732f72756e6e696e672d617070732e6d64 | group: skill_enc.6167656e742d746f6f6c73__enc.302e302e31 | tenant: public | md5: fd689c450695dec66cdf013741d66273
2026-09-30 17:20:24,000|opType: publish | rt: 1ms | status: success | requestIp: null | dataId: enc.7265666572656e6365732f61757468656e7469636174696f6e2e6d64 | group: skill_enc.6167656e742d746f6f6c73__enc.302e302e31 | tenant: public | md5: deb0ec845ad1813c3e54906b4a952b88
2026-09-30 17:20:24,001|opType: publish | rt: 2ms | status: success | requestIp: null | dataId: enc.7265666572656e6365732f6170702d646973636f766572792e6d64 | group: skill_enc.6167656e742d746f6f6c73__enc.302e302e31 | tenant: public | md5: d9f79e2efd476655587f07121b20b8e0
2026-09-30 17:20:24,001|opType: publish | rt: 1ms | status: success | requestIp: null | dataId: enc.7265666572656e6365732f636c692d7265666572656e63652e6d64 | group: skill_enc.6167656e742d746f6f6c73__enc.302e302e31 | tenant: public | md5: b0c112393310a53890afa25fa4a74632
2026-09-30 17:20:24,004|opType: publish | rt: 1ms | status: success | requestIp: null | dataId: SKILL.md | group: skill_enc.6167656e742d7569__enc.302e302e31 | tenant: public | md5: 760f195ebeeb0187f48bc6401178c9d4
2026-09-30 17:20:24,004|opType: publish | rt: 1ms | status: success | requestIp: null | dataId: SKILL.md | group: skill_enc.61692d6175746f6d6174696f6e2d776f726b666c6f7773__enc.302e302e31 | tenant: public | md5: 7e072e6f85a633ea25f9f4628f83ac99
2026-09-30 17:20:24,005|opType: publish | rt: 2ms | status: success | requestIp: null | dataId: skill_index.json | group: skill_agent-browser | tenant: public | md5: d8d3658b02fea5a61b7ab4fc60491446
2026-09-30 17:20:24,164|opType: publish | rt: 2ms | status: success | requestIp: null | dataId: resource_tool-analysis_tool-analysis__json.json | group: agentspec__enc.6d61726b6574696e672d706f64636173742d73747261746567697374__enc.302e302e31 | tenant: public | md5: b9880d4f272852cd2ba8790867dda6e9
2026-09-30 17:20:24,164|opType: publish | rt: 3ms | status: success | requestIp: null | dataId: resource_crons_jobs__json.json | group: agentspec__enc.6d61726b6574696e672d706f64636173742d73747261746567697374__enc.302e302e31 | tenant: public | md5: accb936d56df40b0212c176760119241
2026-09-30 17:20:24,165|opType: publish | rt: 2ms | status: success | requestIp: null | dataId: resource_config_IDENTITY__md.json | group: agentspec__enc.6d61726b6574696e672d706f64636173742d73747261746567697374__enc.302e302e31 | tenant: public | md5: 02da2518045cef734ae69a95638e9d31
2026-09-30 17:20:24,166|opType: publish | rt: 3ms | status: success | requestIp: null | dataId: resource_config_AGENTS__md.json | group: agentspec__enc.6d61726b6574696e672d706f64636173742d73747261746567697374__enc.302e302e31 | tenant: public | md5: 62c4f66b330f42080330a0650b6e8e92
2026-09-30 17:20:24,166|opType: publish | rt: 3ms | status: success | requestIp: null | dataId: resource_config_SOUL__md.json | group: agentspec__enc.6d61726b6574696e672d706f64636173742d73747261746567697374__enc.302e302e31 | tenant: public | md5: eee1d606df880f2889e1af71125a87fd
2026-09-30 17:20:24,166|opType: publish | rt: 1ms | status: success | requestIp: null | dataId: resource_config_MEMORY__md.json | group: agentspec__enc.6d61726b6574696e672d706f64636173742d73747261746567697374__enc.302e302e31 | tenant: public | md5: fca0f5c65ebcc73ceb3fa90e3d2aa396
2026-09-30 17:20:24,168|opType: publish | rt: 2ms | status: success | requestIp: null | dataId: manifest.json | group: agentspec__enc.6d61726b6574696e672d707269766174652d646f6d61696e2d6f70657261746f72__enc.302e302e31 | tenant: public | md5: 36d0bfadb188673bd1f3e8fdf800c9fd
2026-09-30 17:20:24,169|opType: publish | rt: 1ms | status: success | requestIp: null | dataId: resource_crons_jobs__json.json | group: agentspec__enc.6d61726b6574696e672d707269766174652d646f6d61696e2d6f70657261746f72__enc.302e302e31 | tenant: public | md5: fe84a9f65129dfff398791c8a5fafae6
2026-09-30 17:20:24,175|opType: publish | rt: 1ms | status: success | requestIp: null | dataId: resource_config_IDENTITY__md.json | group: agentspec__enc.6d61726b6574696e672d707269766174652d646f6d61696e2d6f70657261746f72__enc.302e302e31 | tenant: public | md5: a19e62ca6bd8f0060c870e980e352c9c
2026-09-30 17:20:24,202|opType: publish | rt: 2ms | status: success | requestIp: null | dataId: resource_tool-analysis_tool-analysis__json.json | group: agentspec__enc.6d61726b6574696e672d707269766174652d646f6d61696e2d6f70657261746f72__enc.302e302e31 | tenant: public | md5: d1f41847c33fd957e0be115485b2d234
2026-09-30 17:20:24,208|opType: publish | rt: 2ms | status: success | requestIp: null | dataId: skill_index.json | group: skill_agent-ui | tenant: public | md5: a954ba25a6022882637d1312aa486859
2026-09-30 17:20:24,210|opType: publish | rt: 2ms | status: success | requestIp: null | dataId: SKILL.md | group: skill_enc.61692d6176617461722d766964656f__enc.302e302e31 | tenant: public | md5: 2e21e1453c8d5f844687d14f55b606b5
2026-09-30 17:20:24,210|opType: publish | rt: 1ms | status: success | requestIp: null | dataId: skill_index.json | group: skill_ai-automation-workflows | tenant: public | md5: a954ba25a6022882637d1312aa486859
2026-09-30 17:20:24,211|opType: publish | rt: 2ms | status: success | requestIp: null | dataId: skill_index.json | group: skill_agent-tools | tenant: public | md5: 165e9bf1b31b15cb0e75e7e5953f2a9a
2026-09-30 17:20:24,373|opType: publish | rt: 7ms | status: success | requestIp: null | dataId: resource_config_AGENTS__md.json | group: agentspec__enc.6d61726b6574696e672d707269766174652d646f6d61696e2d6f70657261746f72__enc.302e302e31 | tenant: public | md5: b231167c472c60f88bd7c7d47aa8ff54
2026-09-30 17:20:24,373|opType: publish | rt: 7ms | status: success | requestIp: null | dataId: resource_config_SOUL__md.json | group: agentspec__enc.6d61726b6574696e672d707269766174652d646f6d61696e2d6f70657261746f72__enc.302e302e31 | tenant: public | md5: 4a99c40d4e0180de6ccc1083e77d06b1
2026-09-30 17:20:24,374|opType: publish | rt: 7ms | status: success | requestIp: null | dataId: resource_config_MEMORY__md.json | group: agentspec__enc.6d61726b6574696e672d707269766174652d646f6d61696e2d6f70657261746f72__enc.302e302e31 | tenant: public | md5: 88cd47bb73ae65fec3646369b13d1c2e
2026-09-30 17:20:24,375|opType: publish | rt: 1ms | status: success | requestIp: null | dataId: manifest.json | group: agentspec__enc.6d61726b6574696e672d7265646469742d636f6d6d756e6974792d6275696c646572__enc.302e302e31 | tenant: public | md5: 1f1872ae6bcd8b9764faf65d950a31cd
2026-09-30 17:20:24,375|opType: publish | rt: 1ms | status: success | requestIp: null | dataId: resource_crons_jobs__json.json | group: agentspec__enc.6d61726b6574696e672d7265646469742d636f6d6d756e6974792d6275696c646572__enc.302e302e31 | tenant: public | md5: a792a51f0a471bbe82b4f25fc30941b5
2026-09-30 17:20:24,375|opType: publish | rt: 1ms | status: success | requestIp: null | dataId: resource_config_IDENTITY__md.json | group: agentspec__enc.6d61726b6574696e672d7265646469742d636f6d6d756e6974792d6275696c646572__enc.302e302e31 | tenant: public | md5: 9b1e9a1c81339aeada763450880ca12f
2026-09-30 17:20:24,376|opType: publish | rt: 1ms | status: success | requestIp: null | dataId: resource_tool-analysis_tool-analysis__json.json | group: agentspec__enc.6d61726b6574696e672d7265646469742d636f6d6d756e6974792d6275696c646572__enc.302e302e31 | tenant: public | md5: 27fcad6c4317013566993add79258448
2026-09-30 17:20:24,376|opType: publish | rt: 1ms | status: success | requestIp: null | dataId: resource_config_AGENTS__md.json | group: agentspec__enc.6d61726b6574696e672d7265646469742d636f6d6d756e6974792d6275696c646572__enc.302e302e31 | tenant: public | md5: 20bd0c600719a708a81ab4d831ed5635
2026-09-30 17:20:24,377|opType: publish | rt: 1ms | status: success | requestIp: null | dataId: resource_config_SOUL__md.json | group: agentspec__enc.6d61726b6574696e672d7265646469742d636f6d6d756e6974792d6275696c646572__enc.302e302e31 | tenant: public | md5: 9dbfc00abc84870ca13c2aa2cdc49ca7
2026-09-30 17:20:24,409|opType: publish | rt: 1ms | status: success | requestIp: null | dataId: resource_config_MEMORY__md.json | group: agentspec__enc.6d61726b6574696e672d7265646469742d636f6d6d756e6974792d6275696c646572__enc.302e302e31 | tenant: public | md5: 896356945e1e878305a3441c09286d29
2026-09-30 17:20:24,414|opType: publish | rt: 1ms | status: success | requestIp: null | dataId: skill_index.json | group: skill_ai-avatar-video | tenant: public | md5: a954ba25a6022882637d1312aa486859
2026-09-30 17:20:24,416|opType: publish | rt: 1ms | status: success | requestIp: null | dataId: SKILL.md | group: skill_enc.61692d636f6e74656e742d706970656c696e65__enc.302e302e31 | tenant: public | md5: 1465d2824bda84a1a1974a72fd1a8dcf
2026-09-30 17:20:24,416|opType: publish | rt: 1ms | status: success | requestIp: null | dataId: SKILL.md | group: skill_enc.61692d696d6167652d67656e65726174696f6e__enc.302e302e31 | tenant: public | md5: 71c8a1c8796a80b828be3997c3d036a4
2026-09-30 17:20:24,417|opType: publish | rt: 1ms | status: success | requestIp: null | dataId: SKILL.md | group: skill_enc.61692d6d61726b6574696e672d766964656f73__enc.302e302e31 | tenant: public | md5: 1d8c4fbf6ca3f8914290dfd02fc10438
2026-09-30 17:20:24,579|opType: publish | rt: 2ms | status: success | requestIp: null | dataId: manifest.json | group: agentspec__enc.6d61726b6574696e672d73656f2d7370656369616c697374__enc.302e302e31 | tenant: public | md5: f1ab7b168fa542ede96f3987d83c2366
2026-09-30 17:20:24,581|opType: publish | rt: 2ms | status: success | requestIp: null | dataId: resource_config_IDENTITY__md.json | group: agentspec__enc.6d61726b6574696e672d73656f2d7370656369616c697374__enc.302e302e31 | tenant: public | md5: 618a5d5939e2fb13f169d06ae53d8ae6
2026-09-30 17:20:24,581|opType: publish | rt: 2ms | status: success | requestIp: null | dataId: resource_crons_jobs__json.json | group: agentspec__enc.6d61726b6574696e672d73656f2d7370656369616c697374__enc.302e302e31 | tenant: public | md5: 46a8bf63e5dd83d586bae52357c384db
2026-09-30 17:20:24,581|opType: publish | rt: 2ms | status: success | requestIp: null | dataId: resource_config_SOUL__md.json | group: agentspec__enc.6d61726b6574696e672d73656f2d7370656369616c697374__enc.302e302e31 | tenant: public | md5: cec62d8b0247b3fb1c90c9fe3c9ad1ae
2026-09-30 17:20:24,582|opType: publish | rt: 3ms | status: success | requestIp: null | dataId: resource_config_AGENTS__md.json | group: agentspec__enc.6d61726b6574696e672d73656f2d7370656369616c697374__enc.302e302e31 | tenant: public | md5: 5233753dc758ca14dcfb028cc1119005
2026-09-30 17:20:24,582|opType: publish | rt: 1ms | status: success | requestIp: null | dataId: resource_config_MEMORY__md.json | group: agentspec__enc.6d61726b6574696e672d73656f2d7370656369616c697374__enc.302e302e31 | tenant: public | md5: 1ff63f486ebaccf64fd950b1baf1fb80
2026-09-30 17:20:24,583|opType: publish | rt: 3ms | status: success | requestIp: null | dataId: resource_tool-analysis_tool-analysis__json.json | group: agentspec__enc.6d61726b6574696e672d73656f2d7370656369616c697374__enc.302e302e31 | tenant: public | md5: 83fbbe1ed496baed9016533d4ae6f87c
2026-09-30 17:20:24,583|opType: publish | rt: 1ms | status: success | requestIp: null | dataId: manifest.json | group: agentspec__enc.6d61726b6574696e672d73686f72742d766964656f2d65646974696e672d636f616368__enc.302e302e31 | tenant: public | md5: 29b1aebbdc44e752e5664fdc3934b072
2026-09-30 17:20:24,583|opType: publish | rt: 3ms | status: success | requestIp: null | dataId: resource_crons_jobs__json.json | group: agentspec__enc.6d61726b6574696e672d73686f72742d766964656f2d65646974696e672d636f616368__enc.302e302e31 | tenant: public | md5: 0d32f933c62dc5b21644a498a2cbeff3
2026-09-30 17:20:24,616|opType: publish | rt: 1ms | status: success | requestIp: null | dataId: resource_config_IDENTITY__md.json | group: agentspec__enc.6d61726b6574696e672d73686f72742d766964656f2d65646974696e672d636f616368__enc.302e302e31 | tenant: public | md5: fc469af8216999c0b13d96b4d30fff92
2026-09-30 17:20:24,623|opType: publish | rt: 1ms | status: success | requestIp: null | dataId: SKILL.md | group: skill_enc.61692d6d757369632d67656e65726174696f6e__enc.302e302e31 | tenant: public | md5: 11fe33fb315c88849cb2375800faf5f7
2026-09-30 17:20:24,628|opType: publish | rt: 1ms | status: success | requestIp: null | dataId: skill_index.json | group: skill_ai-content-pipeline | tenant: public | md5: a954ba25a6022882637d1312aa486859
2026-09-30 17:20:24,628|opType: publish | rt: 1ms | status: success | requestIp: null | dataId: skill_index.json | group: skill_ai-image-generation | tenant: public | md5: a954ba25a6022882637d1312aa486859
2026-09-30 17:20:24,629|opType: publish | rt: 1ms | status: success | requestIp: null | dataId: skill_index.json | group: skill_ai-marketing-videos | tenant: public | md5: a954ba25a6022882637d1312aa486859
2026-09-30 17:20:24,786|opType: publish | rt: 3ms | status: success | requestIp: null | dataId: resource_tool-analysis_tool-analysis__json.json | group: agentspec__enc.6d61726b6574696e672d73686f72742d766964656f2d65646974696e672d636f616368__enc.302e302e31 | tenant: public | md5: 42bb617d2146538bf5839a3a2ee17b07
2026-09-30 17:20:24,790|opType: publish | rt: 5ms | status: success | requestIp: null | dataId: resource_config_AGENTS__md.json | group: agentspec__enc.6d61726b6574696e672d73686f72742d766964656f2d65646974696e672d636f616368__enc.302e302e31 | tenant: public | md5: 402fc0e311cdaa26ba6f58bdc07c89ea
2026-09-30 17:20:24,790|opType: publish | rt: 3ms | status: success | requestIp: null | dataId: resource_config_SOUL__md.json | group: agentspec__enc.6d61726b6574696e672d73686f72742d766964656f2d65646974696e672d636f616368__enc.302e302e31 | tenant: public | md5: eb239ada0203ff69d6cbdf099d21702d
2026-09-30 17:20:24,790|opType: publish | rt: 2ms | status: success | requestIp: null | dataId: resource_config_MEMORY__md.json | group: agentspec__enc.6d61726b6574696e672d73686f72742d766964656f2d65646974696e672d636f616368__enc.302e302e31 | tenant: public | md5: d238018763c1a8dfe47f60dcaf96b825
2026-09-30 17:20:24,791|opType: publish | rt: 2ms | status: success | requestIp: null | dataId: resource_crons_jobs__json.json | group: agentspec__enc.6d61726b6574696e672d736f6369616c2d6d656469612d73747261746567697374__enc.302e302e31 | tenant: public | md5: 32f9dbb18722876539c6e009c8a8d88f
2026-09-30 17:20:24,793|opType: publish | rt: 3ms | status: success | requestIp: null | dataId: manifest.json | group: agentspec__enc.6d61726b6574696e672d736f6369616c2d6d656469612d73747261746567697374__enc.302e302e31 | tenant: public | md5: 0f30c6328a7141c04956d7eedd02c2ac
2026-09-30 17:20:24,793|opType: publish | rt: 3ms | status: success | requestIp: null | dataId: resource_config_IDENTITY__md.json | group: agentspec__enc.6d61726b6574696e672d736f6369616c2d6d656469612d73747261746567697374__enc.302e302e31 | tenant: public | md5: cde1410e5230642bd63391646a2a8201
2026-09-30 17:20:24,794|opType: publish | rt: 3ms | status: success | requestIp: null | dataId: resource_config_AGENTS__md.json | group: agentspec__enc.6d61726b6574696e672d736f6369616c2d6d656469612d73747261746567697374__enc.302e302e31 | tenant: public | md5: a64966a6fb73bb3973494eb66aeb4547
2026-09-30 17:20:24,794|opType: publish | rt: 2ms | status: success | requestIp: null | dataId: resource_tool-analysis_tool-analysis__json.json | group: agentspec__enc.6d61726b6574696e672d736f6369616c2d6d656469612d73747261746567697374__enc.302e302e31 | tenant: public | md5: 0db51fb2aab3bf6a712b13eccb9dab55
2026-09-30 17:20:24,820|opType: publish | rt: 1ms | status: success | requestIp: null | dataId: resource_config_SOUL__md.json | group: agentspec__enc.6d61726b6574696e672d736f6369616c2d6d656469612d73747261746567697374__enc.302e302e31 | tenant: public | md5: 793c72bfd49ed7cd199fa442f3da5b88
2026-09-30 17:20:24,831|opType: publish | rt: 3ms | status: success | requestIp: null | dataId: skill_index.json | group: skill_ai-music-generation | tenant: public | md5: a954ba25a6022882637d1312aa486859
2026-09-30 17:20:24,835|opType: publish | rt: 2ms | status: success | requestIp: null | dataId: SKILL.md | group: skill_enc.61692d70726f647563742d70686f746f677261706879__enc.302e302e31 | tenant: public | md5: caa09215e78142a4f5ccafc4b01737af
2026-09-30 17:20:24,835|opType: publish | rt: 1ms | status: success | requestIp: null | dataId: SKILL.md | group: skill_enc.61692d706f64636173742d6372656174696f6e__enc.302e302e31 | tenant: public | md5: 4d49c4c831f6e7a462433f48a70870e2
2026-09-30 17:20:24,835|opType: publish | rt: 1ms | status: success | requestIp: null | dataId: SKILL.md | group: skill_enc.61692d7261672d706970656c696e65__enc.302e302e31 | tenant: public | md5: 3ca6dded4eb1057933b80ff88baf9f99
2026-09-30 17:20:25,007|opType: publish | rt: 2ms | status: success | requestIp: null | dataId: resource_config_MEMORY__md.json | group: agentspec__enc.6d61726b6574696e672d736f6369616c2d6d656469612d73747261746567697374__enc.302e302e31 | tenant: public | md5: 0235cee495817bc8f64809e06ae6ab7c
2026-09-30 17:20:25,007|opType: publish | rt: 2ms | status: success | requestIp: null | dataId: resource_config_IDENTITY__md.json | group: agentspec__enc.6d61726b6574696e672d74696b746f6b2d73747261746567697374__enc.302e302e31 | tenant: public | md5: 9da537b95db3df3979507976ce81463b
2026-09-30 17:20:25,007|opType: publish | rt: 1ms | status: success | requestIp: null | dataId: resource_tool-analysis_tool-analysis__json.json | group: agentspec__enc.6d61726b6574696e672d74696b746f6b2d73747261746567697374__enc.302e302e31 | tenant: public | md5: 28cf0e6b60948f08af0257e217a1893b
2026-09-30 17:20:25,008|opType: publish | rt: 2ms | status: success | requestIp: null | dataId: manifest.json | group: agentspec__enc.6d61726b6574696e672d74696b746f6b2d73747261746567697374__enc.302e302e31 | tenant: public | md5: e857b6aec6c64240b2a343d08a3f761c
2026-09-30 17:20:25,008|opType: publish | rt: 2ms | status: success | requestIp: null | dataId: resource_crons_jobs__json.json | group: agentspec__enc.6d61726b6574696e672d74696b746f6b2d73747261746567697374__enc.302e302e31 | tenant: public | md5: f31eef135a3590e5b09806a85a1bbb0a
2026-09-30 17:20:25,009|opType: publish | rt: 2ms | status: success | requestIp: null | dataId: resource_config_SOUL__md.json | group: agentspec__enc.6d61726b6574696e672d74696b746f6b2d73747261746567697374__enc.302e302e31 | tenant: public | md5: 013056d670ce439d1af3d86838d65f04
2026-09-30 17:20:25,010|opType: publish | rt: 2ms | status: success | requestIp: null | dataId: resource_config_AGENTS__md.json | group: agentspec__enc.6d61726b6574696e672d74696b746f6b2d73747261746567697374__enc.302e302e31 | tenant: public | md5: bf9ad756c7788cba607773a0725dd877
2026-09-30 17:20:25,010|opType: publish | rt: 2ms | status: success | requestIp: null | dataId: resource_config_MEMORY__md.json | group: agentspec__enc.6d61726b6574696e672d74696b746f6b2d73747261746567697374__enc.302e302e31 | tenant: public | md5: cc6e568037069c9cf683ec1cdaccd909
2026-09-30 17:20:25,010|opType: publish | rt: 2ms | status: success | requestIp: null | dataId: manifest.json | group: agentspec__enc.6d61726b6574696e672d747769747465722d656e6761676572__enc.302e302e31 | tenant: public | md5: 17d20619642d5f42497402f20edd0e51
2026-09-30 17:20:25,024|opType: publish | rt: 1ms | status: success | requestIp: null | dataId: resource_crons_jobs__json.json | group: agentspec__enc.6d61726b6574696e672d747769747465722d656e6761676572__enc.302e302e31 | tenant: public | md5: 11a76a915bd0ddeb43cba4b84fa86aba
2026-09-30 17:20:25,037|opType: publish | rt: 1ms | status: success | requestIp: null | dataId: SKILL.md | group: skill_enc.61692d736f6369616c2d6d656469612d636f6e74656e74__enc.302e302e31 | tenant: public | md5: 7085078e0a9219a102f6f3115cab547c
2026-09-30 17:20:25,041|opType: publish | rt: 1ms | status: success | requestIp: null | dataId: skill_index.json | group: skill_ai-product-photography | tenant: public | md5: a954ba25a6022882637d1312aa486859
2026-09-30 17:20:25,042|opType: publish | rt: 1ms | status: success | requestIp: null | dataId: skill_index.json | group: skill_ai-podcast-creation | tenant: public | md5: a954ba25a6022882637d1312aa486859
2026-09-30 17:20:25,043|opType: publish | rt: 1ms | status: success | requestIp: null | dataId: skill_index.json | group: skill_ai-rag-pipeline | tenant: public | md5: a954ba25a6022882637d1312aa486859
2026-09-30 17:20:25,216|opType: publish | rt: 3ms | status: success | requestIp: null | dataId: resource_tool-analysis_tool-analysis__json.json | group: agentspec__enc.6d61726b6574696e672d747769747465722d656e6761676572__enc.302e302e31 | tenant: public | md5: df59f851e627bd7d861c53faa584a04c
2026-09-30 17:20:25,218|opType: publish | rt: 3ms | status: success | requestIp: null | dataId: manifest.json | group: agentspec__enc.6d61726b6574696e672d7765636861742d6f6666696369616c2d6163636f756e74__enc.302e302e31 | tenant: public | md5: cae987d2ed803b85b4b53bf12c047f19
2026-09-30 17:20:25,218|opType: publish | rt: 3ms | status: success | requestIp: null | dataId: resource_config_IDENTITY__md.json | group: agentspec__enc.6d61726b6574696e672d747769747465722d656e6761676572__enc.302e302e31 | tenant: public | md5: 03adc2d6dcb1c58ae9a95f0f03be32fd
2026-09-30 17:20:25,219|opType: publish | rt: 3ms | status: success | requestIp: null | dataId: resource_config_AGENTS__md.json | group: agentspec__enc.6d61726b6574696e672d747769747465722d656e6761676572__enc.302e302e31 | tenant: public | md5: cf249c7ef0dddfb3fb942207cf5c769e
2026-09-30 17:20:25,220|opType: publish | rt: 3ms | status: success | requestIp: null | dataId: resource_config_MEMORY__md.json | group: agentspec__enc.6d61726b6574696e672d747769747465722d656e6761676572__enc.302e302e31 | tenant: public | md5: c2eaef66fef8fd9c9fe0d305e0f1d94c
2026-09-30 17:20:25,220|opType: publish | rt: 2ms | status: success | requestIp: null | dataId: resource_crons_jobs__json.json | group: agentspec__enc.6d61726b6574696e672d7765636861742d6f6666696369616c2d6163636f756e74__enc.302e302e31 | tenant: public | md5: 3d9d195ae4a5445736d9ee8e5d487ea5
2026-09-30 17:20:25,221|opType: publish | rt: 2ms | status: success | requestIp: null | dataId: resource_config_SOUL__md.json | group: agentspec__enc.6d61726b6574696e672d747769747465722d656e6761676572__enc.302e302e31 | tenant: public | md5: 4e5088c2b9b1b7f21fc5dc7bff039d98
2026-09-30 17:20:25,222|opType: publish | rt: 2ms | status: success | requestIp: null | dataId: resource_config_IDENTITY__md.json | group: agentspec__enc.6d61726b6574696e672d7765636861742d6f6666696369616c2d6163636f756e74__enc.302e302e31 | tenant: public | md5: c37bc116a6b13c4e76c103e13335a567
2026-09-30 17:20:25,222|opType: publish | rt: 2ms | status: success | requestIp: null | dataId: resource_tool-analysis_tool-analysis__json.json | group: agentspec__enc.6d61726b6574696e672d7765636861742d6f6666696369616c2d6163636f756e74__enc.302e302e31 | tenant: public | md5: d603722102e6672000c3dc146bbb1116
2026-09-30 17:20:25,226|opType: publish | rt: 1ms | status: success | requestIp: null | dataId: resource_config_AGENTS__md.json | group: agentspec__enc.6d61726b6574696e672d7765636861742d6f6666696369616c2d6163636f756e74__enc.302e302e31 | tenant: public | md5: 2f3fe634dbe1f533341c711d865476ad
2026-09-30 17:20:25,244|opType: publish | rt: 1ms | status: success | requestIp: null | dataId: skill_index.json | group: skill_ai-social-media-content | tenant: public | md5: a954ba25a6022882637d1312aa486859
2026-09-30 17:20:25,251|opType: publish | rt: 2ms | status: success | requestIp: null | dataId: SKILL.md | group: skill_enc.61692d766964656f2d67656e65726174696f6e__enc.302e302e31 | tenant: public | md5: 130b1f9aec7284d7cb3708eab36793a6
2026-09-30 17:20:25,251|opType: publish | rt: 2ms | status: success | requestIp: null | dataId: SKILL.md | group: skill_enc.61692d766f6963652d636c6f6e696e67__enc.302e302e31 | tenant: public | md5: fca58e4a23e743991f2752841f1e77c5
2026-09-30 17:20:25,252|opType: publish | rt: 1ms | status: success | requestIp: null | dataId: SKILL.md | group: skill_enc.6170702d73746f72652d73637265656e73686f7473__enc.302e302e31 | tenant: public | md5: ae759c1bdb5340a3f07559f01c3437db
2026-09-30 17:20:25,453|opType: publish | rt: 1ms | status: success | requestIp: null | dataId: manifest.json | group: agentspec__enc.6d61726b6574696e672d7765636861742d6f70657261746f72__enc.302e302e31 | tenant: public | md5: 0ff0b71add5422052dfb6c58f4924527
2026-09-30 17:20:25,454|opType: publish | rt: 3ms | status: success | requestIp: null | dataId: resource_config_SOUL__md.json | group: agentspec__enc.6d61726b6574696e672d7765636861742d6f6666696369616c2d6163636f756e74__enc.302e302e31 | tenant: public | md5: fed220fcb2144e93f6955a39ab1949c5
2026-09-30 17:20:25,454|opType: publish | rt: 2ms | status: success | requestIp: null | dataId: resource_config_MEMORY__md.json | group: agentspec__enc.6d61726b6574696e672d7765636861742d6f70657261746f72__enc.302e302e31 | tenant: public | md5: 2c851edc989a6e1d80d2d305a0aa2c7f
2026-09-30 17:20:25,455|opType: publish | rt: 2ms | status: success | requestIp: null | dataId: resource_config_MEMORY__md.json | group: agentspec__enc.6d61726b6574696e672d7765636861742d6f6666696369616c2d6163636f756e74__enc.302e302e31 | tenant: public | md5: f35aa3347d3ab9f7a4df7413a8a366db
2026-09-30 17:20:25,455|opType: publish | rt: 2ms | status: success | requestIp: null | dataId: resource_tool-analysis_tool-analysis__json.json | group: agentspec__enc.6d61726b6574696e672d7765636861742d6f70657261746f72__enc.302e302e31 | tenant: public | md5: 1b569dc80aedd74b1fb2348d00e455da
2026-09-30 17:20:25,456|opType: publish | rt: 2ms | status: success | requestIp: null | dataId: resource_crons_jobs__json.json | group: agentspec__enc.6d61726b6574696e672d7765636861742d6f70657261746f72__enc.302e302e31 | tenant: public | md5: 3fa1d87fe3479f863ac05a12043e8e55
2026-09-30 17:20:25,456|opType: publish | rt: 1ms | status: success | requestIp: null | dataId: resource_config_IDENTITY__md.json | group: agentspec__enc.6d61726b6574696e672d7765636861742d6f70657261746f72__enc.302e302e31 | tenant: public | md5: 27a6fe1c4bdf2119e1f1a6c6fb2c652f
2026-09-30 17:20:25,457|opType: publish | rt: 2ms | status: success | requestIp: null | dataId: resource_config_AGENTS__md.json | group: agentspec__enc.6d61726b6574696e672d7765636861742d6f70657261746f72__enc.302e302e31 | tenant: public | md5: 1959e79d777206aaf846b34961c8b98b
2026-09-30 17:20:25,458|opType: publish | rt: 2ms | status: success | requestIp: null | dataId: resource_config_SOUL__md.json | group: agentspec__enc.6d61726b6574696e672d7765636861742d6f70657261746f72__enc.302e302e31 | tenant: public | md5: 7cc1b56e1b074e29b604e2877c552310
2026-09-30 17:20:25,458|opType: publish | rt: 2ms | status: success | requestIp: null | dataId: manifest.json | group: agentspec__enc.6d61726b6574696e672d776569626f2d73747261746567697374__enc.302e302e31 | tenant: public | md5: 862dcfce4c33eebd9d1bcb78e6c0e7c7
2026-09-30 17:20:25,458|opType: publish | rt: 2ms | status: success | requestIp: null | dataId: SKILL.md | group: skill_enc.6261636b67726f756e642d72656d6f76616c__enc.302e302e31 | tenant: public | md5: cabf829df8ea89bc8b55dd9ec52e0848
2026-09-30 17:20:25,458|opType: publish | rt: 1ms | status: success | requestIp: null | dataId: skill_index.json | group: skill_ai-video-generation | tenant: public | md5: a954ba25a6022882637d1312aa486859
2026-09-30 17:20:25,459|opType: publish | rt: 2ms | status: success | requestIp: null | dataId: skill_index.json | group: skill_ai-voice-cloning | tenant: public | md5: a954ba25a6022882637d1312aa486859
2026-09-30 17:20:25,459|opType: publish | rt: 1ms | status: success | requestIp: null | dataId: skill_index.json | group: skill_app-store-screenshots | tenant: public | md5: a954ba25a6022882637d1312aa486859
2026-09-30 17:20:25,677|opType: publish | rt: 2ms | status: success | requestIp: null | dataId: resource_config_IDENTITY__md.json | group: agentspec__enc.6d61726b6574696e672d776569626f2d73747261746567697374__enc.302e302e31 | tenant: public | md5: 169d68fe10fe551553e26d2f218e78ae
2026-09-30 17:20:25,679|opType: publish | rt: 2ms | status: success | requestIp: null | dataId: resource_tool-analysis_tool-analysis__json.json | group: agentspec__enc.6d61726b6574696e672d776569626f2d73747261746567697374__enc.302e302e31 | tenant: public | md5: 459106812203fc3c15c4f9af2a8698d0
2026-09-30 17:20:25,679|opType: publish | rt: 1ms | status: success | requestIp: null | dataId: resource_config_SOUL__md.json | group: agentspec__enc.6d61726b6574696e672d776569626f2d73747261746567697374__enc.302e302e31 | tenant: public | md5: cabd21aaacaeaae72752b286c5affd39
2026-09-30 17:20:25,681|opType: publish | rt: 2ms | status: success | requestIp: null | dataId: resource_crons_jobs__json.json | group: agentspec__enc.6d61726b6574696e672d776569626f2d73747261746567697374__enc.302e302e31 | tenant: public | md5: f28ffea6229d097448d24290bcc9c936
2026-09-30 17:20:25,681|opType: publish | rt: 2ms | status: success | requestIp: null | dataId: resource_config_MEMORY__md.json | group: agentspec__enc.6d61726b6574696e672d776569626f2d73747261746567697374__enc.302e302e31 | tenant: public | md5: ac7b14d335d2744d09785294020ecbf2
2026-09-30 17:20:25,681|opType: publish | rt: 2ms | status: success | requestIp: null | dataId: resource_config_AGENTS__md.json | group: agentspec__enc.6d61726b6574696e672d776569626f2d73747261746567697374__enc.302e302e31 | tenant: public | md5: fb0cd8a450883176d36b4772cbe97455
2026-09-30 17:20:25,682|opType: publish | rt: 2ms | status: success | requestIp: null | dataId: skill_index.json | group: skill_background-removal | tenant: public | md5: a954ba25a6022882637d1312aa486859
2026-09-30 17:20:25,682|opType: publish | rt: 2ms | status: success | requestIp: null | dataId: resource_crons_jobs__json.json | group: agentspec__enc.6d61726b6574696e672d77656978696e2d6368616e6e656c732d73747261746567697374__enc.302e302e31 | tenant: public | md5: 3865fd0d679f7ebd568b9d9058fc6e07
2026-09-30 17:20:25,683|opType: publish | rt: 3ms | status: success | requestIp: null | dataId: manifest.json | group: agentspec__enc.6d61726b6574696e672d77656978696e2d6368616e6e656c732d73747261746567697374__enc.302e302e31 | tenant: public | md5: fe3d4c5108860a1355f08035f75b24fd
2026-09-30 17:20:25,683|opType: publish | rt: 2ms | status: success | requestIp: null | dataId: resource_tool-analysis_tool-analysis__json.json | group: agentspec__enc.6d61726b6574696e672d77656978696e2d6368616e6e656c732d73747261746567697374__enc.302e302e31 | tenant: public | md5: 9ee196e0cb2bc68fbacde9c9d84c665e
2026-09-30 17:20:25,683|opType: publish | rt: 2ms | status: success | requestIp: null | dataId: resource_config_IDENTITY__md.json | group: agentspec__enc.6d61726b6574696e672d77656978696e2d6368616e6e656c732d73747261746567697374__enc.302e302e31 | tenant: public | md5: 7e53ddbca08c7c37cfc41b12ef049872
2026-09-30 17:20:25,683|opType: publish | rt: 3ms | status: success | requestIp: null | dataId: SKILL.md | group: skill_enc.636173652d73747564792d77726974696e67__enc.302e302e31 | tenant: public | md5: c1c55849383689b1614dc3c7e5017cb9
2026-09-30 17:20:25,689|opType: publish | rt: 7ms | status: success | requestIp: null | dataId: enc.7265666572656e6365732f6e6f64652d747261636b696e672e6d64 | group: skill_enc.6275696c64696e672d696e666572656e636573682d61707073__enc.302e302e31 | tenant: public | md5: bfa162c1a88f7652b6764b9a03de2747
2026-09-30 17:20:25,690|opType: publish | rt: 7ms | status: success | requestIp: null | dataId: SKILL.md | group: skill_enc.626f6f6b2d636f7665722d64657369676e__enc.302e302e31 | tenant: public | md5: dacc863f66cfdd3d853bf62e736a7746
2026-09-30 17:20:25,690|opType: publish | rt: 8ms | status: success | requestIp: null | dataId: SKILL.md | group: skill_enc.6275696c64696e672d696e666572656e636573682d61707073__enc.302e302e31 | tenant: public | md5: 18e9a3ef1df1c57467630b23917b9f8e
2026-09-30 17:20:25,690|opType: publish | rt: 7ms | status: success | requestIp: null | dataId: enc.7265666572656e6365732f636c692e6d64 | group: skill_enc.6275696c64696e672d696e666572656e636573682d61707073__enc.302e302e31 | tenant: public | md5: a2904733fdd07ac89c7eacc627c0b324
2026-09-30 17:20:25,691|opType: publish | rt: 2ms | status: success | requestIp: null | dataId: enc.7265666572656e6365732f707974686f6e2d736563726574732d6f617574682e6d64 | group: skill_enc.6275696c64696e672d696e666572656e636573682d61707073__enc.302e302e31 | tenant: public | md5: 0ceb8db6e5a731fac1f820a6610bfaa5
2026-09-30 17:20:25,691|opType: publish | rt: 2ms | status: success | requestIp: null | dataId: enc.7265666572656e6365732f6e6f64652d6170702d6c6f6769632e6d64 | group: skill_enc.6275696c64696e672d696e666572656e636573682d61707073__enc.302e302e31 | tenant: public | md5: 3abb30dfa78590d4b1c874d22f4ad792
2026-09-30 17:20:25,691|opType: publish | rt: 1ms | status: success | requestIp: null | dataId: enc.7265666572656e6365732f707974686f6e2d6170702d6c6f6769632e6d64 | group: skill_enc.6275696c64696e672d696e666572656e636573682d61707073__enc.302e302e31 | tenant: public | md5: 8af71a4ff2aef7382e453c8433c36781
2026-09-30 17:20:25,692|opType: publish | rt: 1ms | status: success | requestIp: null | dataId: enc.7265666572656e6365732f707974686f6e2d7061747465726e732e6d64 | group: skill_enc.6275696c64696e672d696e666572656e636573682d61707073__enc.302e302e31 | tenant: public | md5: 9466427e48aff023f939ce045e1759ad
2026-09-30 17:20:25,692|opType: publish | rt: 1ms | status: success | requestIp: null | dataId: enc.7265666572656e6365732f707974686f6e2d747261636b696e672e6d64 | group: skill_enc.6275696c64696e672d696e666572656e636573682d61707073__enc.302e302e31 | tenant: public | md5: eac714732daf814f073e305e33df37f6
2026-09-30 17:20:25,901|opType: publish | rt: 3ms | status: success | requestIp: null | dataId: enc.7265666572656e6365732f6e6f64652d7061747465726e732e6d64 | group: skill_enc.6275696c64696e672d696e666572656e636573682d61707073__enc.302e302e31 | tenant: public | md5: 1571e0654eede1bccb1ba7fd23932ce8
2026-09-30 17:20:25,902|opType: publish | rt: 3ms | status: success | requestIp: null | dataId: resource_config_AGENTS__md.json | group: agentspec__enc.6d61726b6574696e672d77656978696e2d6368616e6e656c732d73747261746567697374__enc.302e302e31 | tenant: public | md5: 31a37b286913c1216f8abf889968adfb
2026-09-30 17:20:25,903|opType: publish | rt: 3ms | status: success | requestIp: null | dataId: resource_config_SOUL__md.json | group: agentspec__enc.6d61726b6574696e672d77656978696e2d6368616e6e656c732d73747261746567697374__enc.302e302e31 | tenant: public | md5: 30ebeac2bd9250f09ed13d9aef3b1d1a
2026-09-30 17:20:25,904|opType: publish | rt: 3ms | status: success | requestIp: null | dataId: resource_config_MEMORY__md.json | group: agentspec__enc.6d61726b6574696e672d77656978696e2d6368616e6e656c732d73747261746567697374__enc.302e302e31 | tenant: public | md5: 4f54e9e591eed328b54abf415dd5b1db
2026-09-30 17:20:25,904|opType: publish | rt: 3ms | status: success | requestIp: null | dataId: manifest.json | group: agentspec__enc.6d61726b6574696e672d7869616f686f6e677368752d6f70657261746f72__enc.302e302e31 | tenant: public | md5: 0e866d8a21b556600bb93ecd7620b0ba
2026-09-30 17:20:25,905|opType: publish | rt: 3ms | status: success | requestIp: null | dataId: resource_config_AGENTS__md.json | group: agentspec__enc.6d61726b6574696e672d7869616f686f6e677368752d6f70657261746f72__enc.302e302e31 | tenant: public | md5: bb6f174b5bcac852f0d7cbcaf1fdea93
2026-09-30 17:20:25,906|opType: publish | rt: 4ms | status: success | requestIp: null | dataId: resource_crons_jobs__json.json | group: agentspec__enc.6d61726b6574696e672d7869616f686f6e677368752d6f70657261746f72__enc.302e302e31 | tenant: public | md5: 1f0bfad573155ab99aa8ee0289416afd
2026-09-30 17:20:25,906|opType: publish | rt: 3ms | status: success | requestIp: null | dataId: enc.7265666572656e6365732f6e6f64652d736563726574732d6f617574682e6d64 | group: skill_enc.6275696c64696e672d696e666572656e636573682d61707073__enc.302e302e31 | tenant: public | md5: 1b736e65eca833601cc0fae9ae685cb5
2026-09-30 17:20:25,906|opType: publish | rt: 3ms | status: success | requestIp: null | dataId: resource_config_IDENTITY__md.json | group: agentspec__enc.6d61726b6574696e672d7869616f686f6e677368752d6f70657261746f72__enc.302e302e31 | tenant: public | md5: 6d4e15c4258499b0e21b1b604ee93d01
2026-09-30 17:20:25,907|opType: publish | rt: 3ms | status: success | requestIp: null | dataId: resource_tool-analysis_tool-analysis__json.json | group: agentspec__enc.6d61726b6574696e672d7869616f686f6e677368752d6f70657261746f72__enc.302e302e31 | tenant: public | md5: 2174792f47733d2ec8edd93c781b6275
2026-09-30 17:20:25,907|opType: publish | rt: 2ms | status: success | requestIp: null | dataId: resource_config_SOUL__md.json | group: agentspec__enc.6d61726b6574696e672d7869616f686f6e677368752d6f70657261746f72__enc.302e302e31 | tenant: public | md5: 5ad9243caf2fa0b3cabf79fb96e9e43d
2026-09-30 17:20:25,908|opType: publish | rt: 1ms | status: success | requestIp: null | dataId: resource_config_MEMORY__md.json | group: agentspec__enc.6d61726b6574696e672d7869616f686f6e677368752d6f70657261746f72__enc.302e302e31 | tenant: public | md5: a52b686f8e959d396b8437e83f227793
2026-09-30 17:20:25,908|opType: publish | rt: 2ms | status: success | requestIp: null | dataId: SKILL.md | group: skill_enc.6368617261637465722d64657369676e2d7368656574__enc.302e302e31 | tenant: public | md5: 34271f6819a3907fe6f3124bef236bf7
2026-09-30 17:20:25,909|opType: publish | rt: 2ms | status: success | requestIp: null | dataId: skill_index.json | group: skill_case-study-writing | tenant: public | md5: a954ba25a6022882637d1312aa486859
2026-09-30 17:20:25,909|opType: publish | rt: 1ms | status: success | requestIp: null | dataId: skill_index.json | group: skill_book-cover-design | tenant: public | md5: a954ba25a6022882637d1312aa486859
2026-09-30 17:20:26,116|opType: publish | rt: 4ms | status: success | requestIp: null | dataId: manifest.json | group: agentspec__enc.6d61726b6574696e672d7869616f686f6e677368752d7370656369616c697374__enc.302e302e31 | tenant: public | md5: dccc80ee54b39f5d34caa94a925b12e2
2026-09-30 17:20:26,118|opType: publish | rt: 3ms | status: success | requestIp: null | dataId: resource_crons_jobs__json.json | group: agentspec__enc.6d61726b6574696e672d7869616f686f6e677368752d7370656369616c697374__enc.302e302e31 | tenant: public | md5: 1f0bfad573155ab99aa8ee0289416afd
2026-09-30 17:20:26,118|opType: publish | rt: 3ms | status: success | requestIp: null | dataId: resource_config_IDENTITY__md.json | group: agentspec__enc.6d61726b6574696e672d7869616f686f6e677368752d7370656369616c697374__enc.302e302e31 | tenant: public | md5: 1f76d6d69215f2170ac5d85b5ecd2acd
2026-09-30 17:20:26,119|opType: publish | rt: 3ms | status: success | requestIp: null | dataId: resource_tool-analysis_tool-analysis__json.json | group: agentspec__enc.6d61726b6574696e672d7869616f686f6e677368752d7370656369616c697374__enc.302e302e31 | tenant: public | md5: 2174792f47733d2ec8edd93c781b6275
2026-09-30 17:20:26,119|opType: publish | rt: 3ms | status: success | requestIp: null | dataId: resource_crons_jobs__json.json | group: agentspec__enc.6d61726b6574696e672d7a686968752d73747261746567697374__enc.302e302e31 | tenant: public | md5: 6c33a5420189a2e7d86208d90cf52cdd
2026-09-30 17:20:26,120|opType: publish | rt: 3ms | status: success | requestIp: null | dataId: resource_config_AGENTS__md.json | group: agentspec__enc.6d61726b6574696e672d7869616f686f6e677368752d7370656369616c697374__enc.302e302e31 | tenant: public | md5: 5ca349e82c51aca97ba5e8e8bde653e5
2026-09-30 17:20:26,121|opType: publish | rt: 4ms | status: success | requestIp: null | dataId: resource_config_SOUL__md.json | group: agentspec__enc.6d61726b6574696e672d7869616f686f6e677368752d7370656369616c697374__enc.302e302e31 | tenant: public | md5: f8e4d6bd39a0e5b0afad8679a5be8d36
2026-09-30 17:20:26,122|opType: publish | rt: 4ms | status: success | requestIp: null | dataId: resource_config_MEMORY__md.json | group: agentspec__enc.6d61726b6574696e672d7869616f686f6e677368752d7370656369616c697374__enc.302e302e31 | tenant: public | md5: a52b686f8e959d396b8437e83f227793
2026-09-30 17:20:26,123|opType: publish | rt: 4ms | status: success | requestIp: null | dataId: manifest.json | group: agentspec__enc.6d61726b6574696e672d7a686968752d73747261746567697374__enc.302e302e31 | tenant: public | md5: 5e2028d8ebff881a4b32b71e09bb0cc4
2026-09-30 17:20:26,123|opType: publish | rt: 2ms | status: success | requestIp: null | dataId: resource_config_IDENTITY__md.json | group: agentspec__enc.6d61726b6574696e672d7a686968752d73747261746567697374__enc.302e302e31 | tenant: public | md5: 40bf3118a53aea669baa8ca40f2a0688
2026-09-30 17:20:26,125|opType: publish | rt: 3ms | status: success | requestIp: null | dataId: SKILL.md | group: skill_enc.636f6d70657469746f722d74656172646f776e__enc.302e302e31 | tenant: public | md5: 4d7a889663b5e25ec46fd0a3eed93c65
2026-09-30 17:20:26,126|opType: publish | rt: 3ms | status: success | requestIp: null | dataId: skill_index.json | group: skill_building-inferencesh-apps | tenant: public | md5: 218fad1301a66358423f86653ac9cbfb
2026-09-30 17:20:26,126|opType: publish | rt: 4ms | status: success | requestIp: null | dataId: skill_index.json | group: skill_character-design-sheet | tenant: public | md5: a954ba25a6022882637d1312aa486859
2026-09-30 17:20:26,126|opType: publish | rt: 2ms | status: success | requestIp: null | dataId: SKILL.md | group: skill_enc.636861742d7569__enc.302e302e31 | tenant: public | md5: afd2cae589c3fb183fcb56a43b11d97c
2026-09-30 17:20:26,321|opType: publish | rt: 2ms | status: success | requestIp: null | dataId: resource_tool-analysis_tool-analysis__json.json | group: agentspec__enc.6d61726b6574696e672d7a686968752d73747261746567697374__enc.302e302e31 | tenant: public | md5: 5bf2df0e6af81e213c63a9b15d906fe8
2026-09-30 17:20:26,323|opType: publish | rt: 3ms | status: success | requestIp: null | dataId: resource_config_AGENTS__md.json | group: agentspec__enc.6d61726b6574696e672d7a686968752d73747261746567697374__enc.302e302e31 | tenant: public | md5: 5bc8812fa33e5d688fd90fd8813ad596
2026-09-30 17:20:26,324|opType: publish | rt: 2ms | status: success | requestIp: null | dataId: resource_config_SOUL__md.json | group: agentspec__enc.6d61726b6574696e672d7a686968752d73747261746567697374__enc.302e302e31 | tenant: public | md5: 4122b3b6c65f963fb9631bd24118fae8
2026-09-30 17:20:26,325|opType: publish | rt: 2ms | status: success | requestIp: null | dataId: resource_config_MEMORY__md.json | group: agentspec__enc.6d61726b6574696e672d7a686968752d73747261746567697374__enc.302e302e31 | tenant: public | md5: 1f82f1648069e36d06b64bc4c32238d7
2026-09-30 17:20:26,327|opType: publish | rt: 3ms | status: success | requestIp: null | dataId: manifest.json | group: agentspec__enc.6e61727261746976652d64657369676e6572__enc.302e302e31 | tenant: public | md5: 714581d839043457f2712bc725e9a6c3
2026-09-30 17:20:26,327|opType: publish | rt: 2ms | status: success | requestIp: null | dataId: resource_crons_jobs__json.json | group: agentspec__enc.6e61727261746976652d64657369676e6572__enc.302e302e31 | tenant: public | md5: 655788f0166b894282eaed84b03dd467
2026-09-30 17:20:26,328|opType: publish | rt: 2ms | status: success | requestIp: null | dataId: resource_config_IDENTITY__md.json | group: agentspec__enc.6e61727261746976652d64657369676e6572__enc.302e302e31 | tenant: public | md5: c412447ff81e2532434e109adf6b24a5
2026-09-30 17:20:26,329|opType: publish | rt: 3ms | status: success | requestIp: null | dataId: resource_tool-analysis_tool-analysis__json.json | group: agentspec__enc.6e61727261746976652d64657369676e6572__enc.302e302e31 | tenant: public | md5: e7fc5e026832d6dcbc4d24db1b833083
2026-09-30 17:20:26,330|opType: publish | rt: 1ms | status: success | requestIp: null | dataId: resource_config_SOUL__md.json | group: agentspec__enc.6e61727261746976652d64657369676e6572__enc.302e302e31 | tenant: public | md5: 011172ef3ae99a8382303d6286335078
2026-09-30 17:20:26,331|opType: publish | rt: 3ms | status: success | requestIp: null | dataId: resource_config_AGENTS__md.json | group: agentspec__enc.6e61727261746976652d64657369676e6572__enc.302e302e31 | tenant: public | md5: f02aa0e3f0c1777e721d1b7b85e729c6
2026-09-30 17:20:26,332|opType: publish | rt: 2ms | status: success | requestIp: null | dataId: SKILL.md | group: skill_enc.636f6e74656e742d7265707572706f73696e67__enc.302e302e31 | tenant: public | md5: 1f07df12a477654c21594a69cb329507
2026-09-30 17:20:26,333|opType: publish | rt: 2ms | status: success | requestIp: null | dataId: skill_index.json | group: skill_competitor-teardown | tenant: public | md5: a954ba25a6022882637d1312aa486859
2026-09-30 17:20:26,333|opType: publish | rt: 3ms | status: success | requestIp: null | dataId: SKILL.md | group: skill_enc.637573746f6d65722d706572736f6e61__enc.302e302e31 | tenant: public | md5: e430c090518a293465b5c60f26ababb6
2026-09-30 17:20:26,333|opType: publish | rt: 1ms | status: success | requestIp: null | dataId: skill_index.json | group: skill_chat-ui | tenant: public | md5: a954ba25a6022882637d1312aa486859
2026-09-30 17:20:26,526|opType: publish | rt: 2ms | status: success | requestIp: null | dataId: resource_config_MEMORY__md.json | group: agentspec__enc.6e61727261746976652d64657369676e6572__enc.302e302e31 | tenant: public | md5: a423c596285a2424ff9ee33a4c3d989a
2026-09-30 17:20:26,528|opType: publish | rt: 1ms | status: success | requestIp: null | dataId: resource_crons_jobs__json.json | group: agentspec__enc.706169642d6d656469612d61756469746f72__enc.302e302e31 | tenant: public | md5: 708394473a07c61d9a7578fae7e24cc6
2026-09-30 17:20:26,529|opType: publish | rt: 2ms | status: success | requestIp: null | dataId: resource_config_IDENTITY__md.json | group: agentspec__enc.706169642d6d656469612d61756469746f72__enc.302e302e31 | tenant: public | md5: 2bfa77e38c35e20e8d1098acf1513c20
2026-09-30 17:20:26,529|opType: publish | rt: 1ms | status: success | requestIp: null | dataId: manifest.json | group: agentspec__enc.706169642d6d656469612d61756469746f72__enc.302e302e31 | tenant: public | md5: 7610483dbfe37ff71ac58e21fed71695
2026-09-30 17:20:26,530|opType: publish | rt: 1ms | status: success | requestIp: null | dataId: resource_tool-analysis_tool-analysis__json.json | group: agentspec__enc.706169642d6d656469612d61756469746f72__enc.302e302e31 | tenant: public | md5: e5f89682ef526ce696a1bba0e2183531
2026-09-30 17:20:26,531|opType: publish | rt: 1ms | status: success | requestIp: null | dataId: resource_config_AGENTS__md.json | group: agentspec__enc.706169642d6d656469612d61756469746f72__enc.302e302e31 | tenant: public | md5: e24e54af1c0f5f31e96ef98cda9a18cc
2026-09-30 17:20:26,531|opType: publish | rt: 1ms | status: success | requestIp: null | dataId: resource_config_SOUL__md.json | group: agentspec__enc.706169642d6d656469612d61756469746f72__enc.302e302e31 | tenant: public | md5: 9ba6bbd8249bf17d108dce669722f9dd
2026-09-30 17:20:26,532|opType: publish | rt: 1ms | status: success | requestIp: null | dataId: resource_config_MEMORY__md.json | group: agentspec__enc.706169642d6d656469612d61756469746f72__enc.302e302e31 | tenant: public | md5: add97857da6ec07ced48e2d2a89c7e08
2026-09-30 17:20:26,533|opType: publish | rt: 1ms | status: success | requestIp: null | dataId: manifest.json | group: agentspec__enc.706169642d6d656469612d63726561746976652d73747261746567697374__enc.302e302e31 | tenant: public | md5: 33fcbd45059664991b2207c95a6bca17
2026-09-30 17:20:26,534|opType: publish | rt: 1ms | status: success | requestIp: null | dataId: resource_crons_jobs__json.json | group: agentspec__enc.706169642d6d656469612d63726561746976652d73747261746567697374__enc.302e302e31 | tenant: public | md5: a1e5e884d75ffb95863c7887b61396ed
2026-09-30 17:20:26,537|opType: publish | rt: 2ms | status: success | requestIp: null | dataId: SKILL.md | group: skill_enc.646174612d76697375616c697a6174696f6e__enc.302e302e31 | tenant: public | md5: 792c7e89052cd3e02551d3a81a42ed43
2026-09-30 17:20:26,539|opType: publish | rt: 2ms | status: success | requestIp: null | dataId: skill_index.json | group: skill_content-repurposing | tenant: public | md5: a954ba25a6022882637d1312aa486859
2026-09-30 17:20:26,539|opType: publish | rt: 1ms | status: success | requestIp: null | dataId: skill_index.json | group: skill_customer-persona | tenant: public | md5: a954ba25a6022882637d1312aa486859
2026-09-30 17:20:26,539|opType: publish | rt: 1ms | status: success | requestIp: null | dataId: SKILL.md | group: skill_enc.6469616c6f6775652d617564696f__enc.302e302e31 | tenant: public | md5: 78c3eb5b93dc9638aa5f23cab2e7b335
2026-09-30 17:20:26,732|opType: publish | rt: 2ms | status: success | requestIp: null | dataId: resource_config_IDENTITY__md.json | group: agentspec__enc.706169642d6d656469612d63726561746976652d73747261746567697374__enc.302e302e31 | tenant: public | md5: 35a9f2b0bd263d6490cc063620122e42
2026-09-30 17:20:26,734|opType: publish | rt: 3ms | status: success | requestIp: null | dataId: resource_tool-analysis_tool-analysis__json.json | group: agentspec__enc.706169642d6d656469612d63726561746976652d73747261746567697374__enc.302e302e31 | tenant: public | md5: 1259a6474b27de4d930b088fbf2e21cb
2026-09-30 17:20:26,737|opType: publish | rt: 3ms | status: success | requestIp: null | dataId: resource_config_AGENTS__md.json | group: agentspec__enc.706169642d6d656469612d63726561746976652d73747261746567697374__enc.302e302e31 | tenant: public | md5: 51856accc25715830f85945d9a824cb5
2026-09-30 17:20:26,737|opType: publish | rt: 2ms | status: success | requestIp: null | dataId: resource_config_SOUL__md.json | group: agentspec__enc.706169642d6d656469612d63726561746976652d73747261746567697374__enc.302e302e31 | tenant: public | md5: 47a7f5a5b64f5a0d2c3ef91b3ee74df2
2026-09-30 17:20:26,738|opType: publish | rt: 3ms | status: success | requestIp: null | dataId: resource_crons_jobs__json.json | group: agentspec__enc.706169642d6d656469612d706169642d736f6369616c2d73747261746567697374__enc.302e302e31 | tenant: public | md5: d416aed1f0b5986e0e3947022a9696fd
2026-09-30 17:20:26,739|opType: publish | rt: 3ms | status: success | requestIp: null | dataId: resource_config_MEMORY__md.json | group: agentspec__enc.706169642d6d656469612d63726561746976652d73747261746567697374__enc.302e302e31 | tenant: public | md5: ef6bf590ecf24dedfc0ce81fc2b7bc15
2026-09-30 17:20:26,739|opType: publish | rt: 2ms | status: success | requestIp: null | dataId: manifest.json | group: agentspec__enc.706169642d6d656469612d706169642d736f6369616c2d73747261746567697374__enc.302e302e31 | tenant: public | md5: 3d7be3cfa7dabc3a0f2bfb87567bd5de
2026-09-30 17:20:26,741|opType: publish | rt: 3ms | status: success | requestIp: null | dataId: resource_config_AGENTS__md.json | group: agentspec__enc.706169642d6d656469612d706169642d736f6369616c2d73747261746567697374__enc.302e302e31 | tenant: public | md5: 3ddfcab0dc588bd76375d1d607dcb2e4
2026-09-30 17:20:26,743|opType: publish | rt: 4ms | status: success | requestIp: null | dataId: resource_config_IDENTITY__md.json | group: agentspec__enc.706169642d6d656469612d706169642d736f6369616c2d73747261746567697374__enc.302e302e31 | tenant: public | md5: 79ef9ef9c22761d2796436b97202bd73
2026-09-30 17:20:26,743|opType: publish | rt: 3ms | status: success | requestIp: null | dataId: resource_tool-analysis_tool-analysis__json.json | group: agentspec__enc.706169642d6d656469612d706169642d736f6369616c2d73747261746567697374__enc.302e302e31 | tenant: public | md5: b9e036353ba1720410d126da5813fc5a
2026-09-30 17:20:26,745|opType: publish | rt: 2ms | status: success | requestIp: null | dataId: skill_index.json | group: skill_data-visualization | tenant: public | md5: a954ba25a6022882637d1312aa486859
2026-09-30 17:20:26,746|opType: publish | rt: 2ms | status: success | requestIp: null | dataId: SKILL.md | group: skill_enc.656c6576656e6c6162732d6469616c6f677565__enc.302e302e31 | tenant: public | md5: 6d0070290670d889492e3e7d91df26c7
2026-09-30 17:20:26,747|opType: publish | rt: 2ms | status: success | requestIp: null | dataId: SKILL.md | group: skill_enc.656c6576656e6c6162732d64756262696e67__enc.302e302e31 | tenant: public | md5: 2a3f899042bf2da8d2861dc3ad0cfbce
2026-09-30 17:20:26,747|opType: publish | rt: 2ms | status: success | requestIp: null | dataId: skill_index.json | group: skill_dialogue-audio | tenant: public | md5: a954ba25a6022882637d1312aa486859
2026-09-30 17:20:26,942|opType: publish | rt: 3ms | status: success | requestIp: null | dataId: resource_config_SOUL__md.json | group: agentspec__enc.706169642d6d656469612d706169642d736f6369616c2d73747261746567697374__enc.302e302e31 | tenant: public | md5: 0441e0a22482ef81e33f6748ffee6ca0
2026-09-30 17:20:26,943|opType: publish | rt: 3ms | status: success | requestIp: null | dataId: resource_config_MEMORY__md.json | group: agentspec__enc.706169642d6d656469612d706169642d736f6369616c2d73747261746567697374__enc.302e302e31 | tenant: public | md5: 83df80441803836455cb137cc351a8f7
2026-09-30 17:20:26,944|opType: publish | rt: 2ms | status: success | requestIp: null | dataId: manifest.json | group: agentspec__enc.706169642d6d656469612d7070632d73747261746567697374__enc.302e302e31 | tenant: public | md5: bf536280cc231b3fd4ff024f1dbc4603
2026-09-30 17:20:26,944|opType: publish | rt: 2ms | status: success | requestIp: null | dataId: resource_crons_jobs__json.json | group: agentspec__enc.706169642d6d656469612d7070632d73747261746567697374__enc.302e302e31 | tenant: public | md5: e18be1f10fa8274c0189abb11dca1b7e
2026-09-30 17:20:26,945|opType: publish | rt: 2ms | status: success | requestIp: null | dataId: resource_config_IDENTITY__md.json | group: agentspec__enc.706169642d6d656469612d7070632d73747261746567697374__enc.302e302e31 | tenant: public | md5: 9ef3d7474d0c3ba06b6ac09ddfd993e0
2026-09-30 17:20:26,946|opType: publish | rt: 2ms | status: success | requestIp: null | dataId: resource_tool-analysis_tool-analysis__json.json | group: agentspec__enc.706169642d6d656469612d7070632d73747261746567697374__enc.302e302e31 | tenant: public | md5: 9116bf5152a9b03551942b774ef66cf6
2026-09-30 17:20:26,948|opType: publish | rt: 3ms | status: success | requestIp: null | dataId: resource_config_AGENTS__md.json | group: agentspec__enc.706169642d6d656469612d7070632d73747261746567697374__enc.302e302e31 | tenant: public | md5: 4d2fce68ded834291745b989d7e8dcd2
2026-09-30 17:20:26,949|opType: publish | rt: 3ms | status: success | requestIp: null | dataId: resource_config_MEMORY__md.json | group: agentspec__enc.706169642d6d656469612d7070632d73747261746567697374__enc.302e302e31 | tenant: public | md5: c6848e83635db1b30b10761b61f0da17
2026-09-30 17:20:26,949|opType: publish | rt: 3ms | status: success | requestIp: null | dataId: resource_config_SOUL__md.json | group: agentspec__enc.706169642d6d656469612d7070632d73747261746567697374__enc.302e302e31 | tenant: public | md5: 430468f4afef116a2c6b86727902ebf1
2026-09-30 17:20:26,950|opType: publish | rt: 3ms | status: success | requestIp: null | dataId: manifest.json | group: agentspec__enc.706169642d6d656469612d70726f6772616d6d617469632d6275796572__enc.302e302e31 | tenant: public | md5: 5da452a8cbac4bc41732e077479a9c7b
2026-09-30 17:20:26,952|opType: publish | rt: 2ms | status: success | requestIp: null | dataId: SKILL.md | group: skill_enc.656c6576656e6c6162732d6d75736963__enc.302e302e31 | tenant: public | md5: 7fd5cf45519fbec1eee7fd30f43d4111
2026-09-30 17:20:26,952|opType: publish | rt: 1ms | status: success | requestIp: null | dataId: skill_index.json | group: skill_elevenlabs-dubbing | tenant: public | md5: a954ba25a6022882637d1312aa486859
2026-09-30 17:20:26,953|opType: publish | rt: 2ms | status: success | requestIp: null | dataId: skill_index.json | group: skill_elevenlabs-dialogue | tenant: public | md5: a954ba25a6022882637d1312aa486859
2026-09-30 17:20:26,953|opType: publish | rt: 1ms | status: success | requestIp: null | dataId: SKILL.md | group: skill_enc.656c6576656e6c6162732d736f756e642d65666665637473__enc.302e302e31 | tenant: public | md5: 9f9bc6261f6c234eb107a5af4f19ad68
2026-09-30 17:20:27,189|opType: publish | rt: 2ms | status: success | requestIp: null | dataId: resource_crons_jobs__json.json | group: agentspec__enc.706169642d6d656469612d70726f6772616d6d617469632d6275796572__enc.302e302e31 | tenant: public | md5: 12336e80eb2c15b687ace214bb2a50a8
2026-09-30 17:20:27,189|opType: publish | rt: 2ms | status: success | requestIp: null | dataId: resource_config_AGENTS__md.json | group: agentspec__enc.706169642d6d656469612d70726f6772616d6d617469632d6275796572__enc.302e302e31 | tenant: public | md5: adfef3234878b1c4dc9004ae97c43564
2026-09-30 17:20:27,190|opType: publish | rt: 2ms | status: success | requestIp: null | dataId: resource_tool-analysis_tool-analysis__json.json | group: agentspec__enc.706169642d6d656469612d70726f6772616d6d617469632d6275796572__enc.302e302e31 | tenant: public | md5: 31db3b90dc0b9d3700b4a9bc78a42dbb
2026-09-30 17:20:27,190|opType: publish | rt: 2ms | status: success | requestIp: null | dataId: resource_config_MEMORY__md.json | group: agentspec__enc.706169642d6d656469612d70726f6772616d6d617469632d6275796572__enc.302e302e31 | tenant: public | md5: 2919b188d6548ef5930196e34e211f84
2026-09-30 17:20:27,190|opType: publish | rt: 2ms | status: success | requestIp: null | dataId: resource_config_IDENTITY__md.json | group: agentspec__enc.706169642d6d656469612d70726f6772616d6d617469632d6275796572__enc.302e302e31 | tenant: public | md5: 20c6b0839e52ecebbf48786981d87118
2026-09-30 17:20:27,190|opType: publish | rt: 1ms | status: success | requestIp: null | dataId: resource_config_SOUL__md.json | group: agentspec__enc.706169642d6d656469612d70726f6772616d6d617469632d6275796572__enc.302e302e31 | tenant: public | md5: 817cdd2bb4880847c437348392f729df
2026-09-30 17:20:27,190|opType: publish | rt: 1ms | status: success | requestIp: null | dataId: manifest.json | group: agentspec__enc.706169642d6d656469612d7365617263682d71756572792d616e616c797374__enc.302e302e31 | tenant: public | md5: d62c7133c366477dab049ebe0dc9f31c
2026-09-30 17:20:27,191|opType: publish | rt: 1ms | status: success | requestIp: null | dataId: resource_crons_jobs__json.json | group: agentspec__enc.706169642d6d656469612d7365617263682d71756572792d616e616c797374__enc.302e302e31 | tenant: public | md5: c3d338f349215810b5b64d6e43866494
2026-09-30 17:20:27,191|opType: publish | rt: 1ms | status: success | requestIp: null | dataId: resource_config_IDENTITY__md.json | group: agentspec__enc.706169642d6d656469612d7365617263682d71756572792d616e616c797374__enc.302e302e31 | tenant: public | md5: 91ea4729748dde41b80e33a7a4aceb7f
2026-09-30 17:20:27,192|opType: publish | rt: 1ms | status: success | requestIp: null | dataId: resource_tool-analysis_tool-analysis__json.json | group: agentspec__enc.706169642d6d656469612d7365617263682d71756572792d616e616c797374__enc.302e302e31 | tenant: public | md5: e1a683b77201ed09b28848c3002c8470
2026-09-30 17:20:27,193|opType: publish | rt: 2ms | status: success | requestIp: null | dataId: SKILL.md | group: skill_enc.656c6576656e6c6162732d737474__enc.302e302e31 | tenant: public | md5: 711a05b8980a095122f1d8c213ea8c28
2026-09-30 17:20:27,193|opType: publish | rt: 2ms | status: success | requestIp: null | dataId: skill_index.json | group: skill_elevenlabs-music | tenant: public | md5: a954ba25a6022882637d1312aa486859
2026-09-30 17:20:27,193|opType: publish | rt: 1ms | status: success | requestIp: null | dataId: skill_index.json | group: skill_elevenlabs-sound-effects | tenant: public | md5: a954ba25a6022882637d1312aa486859
2026-09-30 17:20:27,193|opType: publish | rt: 1ms | status: success | requestIp: null | dataId: SKILL.md | group: skill_enc.656c6576656e6c6162732d747473__enc.302e302e31 | tenant: public | md5: 1b8d3c45343923d2570a3ecbd38f25c2
2026-09-30 17:20:27,408|opType: publish | rt: 4ms | status: success | requestIp: null | dataId: resource_config_AGENTS__md.json | group: agentspec__enc.706169642d6d656469612d7365617263682d71756572792d616e616c797374__enc.302e302e31 | tenant: public | md5: bb67a6c58e509f25ecadcad4f8906323
2026-09-30 17:20:27,409|opType: publish | rt: 3ms | status: success | requestIp: null | dataId: resource_config_SOUL__md.json | group: agentspec__enc.706169642d6d656469612d7365617263682d71756572792d616e616c797374__enc.302e302e31 | tenant: public | md5: 38a4df917be0ff92b01b8bb8ab65f05c
2026-09-30 17:20:27,409|opType: publish | rt: 3ms | status: success | requestIp: null | dataId: manifest.json | group: agentspec__enc.706169642d6d656469612d747261636b696e672d7370656369616c697374__enc.302e302e31 | tenant: public | md5: 3bf513f38258c96a333e3788c05a96f9
2026-09-30 17:20:27,410|opType: publish | rt: 5ms | status: success | requestIp: null | dataId: resource_config_AGENTS__md.json | group: agentspec__enc.706169642d6d656469612d747261636b696e672d7370656369616c697374__enc.302e302e31 | tenant: public | md5: 2754da02de434b4e3a5e34cfe32878f5
2026-09-30 17:20:27,410|opType: publish | rt: 3ms | status: success | requestIp: null | dataId: resource_config_MEMORY__md.json | group: agentspec__enc.706169642d6d656469612d7365617263682d71756572792d616e616c797374__enc.302e302e31 | tenant: public | md5: 7d054e2869aee30b853cfe14db2cdc0a
2026-09-30 17:20:27,411|opType: publish | rt: 3ms | status: success | requestIp: null | dataId: resource_crons_jobs__json.json | group: agentspec__enc.706169642d6d656469612d747261636b696e672d7370656369616c697374__enc.302e302e31 | tenant: public | md5: 6b3f7409024acd0d4e12b17f800ad6b5
2026-09-30 17:20:27,411|opType: publish | rt: 2ms | status: success | requestIp: null | dataId: resource_config_IDENTITY__md.json | group: agentspec__enc.706169642d6d656469612d747261636b696e672d7370656369616c697374__enc.302e302e31 | tenant: public | md5: bff641d9bb7a2a9e4cf620e90057f217
2026-09-30 17:20:27,412|opType: publish | rt: 2ms | status: success | requestIp: null | dataId: resource_tool-analysis_tool-analysis__json.json | group: agentspec__enc.706169642d6d656469612d747261636b696e672d7370656369616c697374__enc.302e302e31 | tenant: public | md5: 652087cc9af6e2213b94153c3d468aa8
2026-09-30 17:20:27,413|opType: publish | rt: 2ms | status: success | requestIp: null | dataId: resource_config_SOUL__md.json | group: agentspec__enc.706169642d6d656469612d747261636b696e672d7370656369616c697374__enc.302e302e31 | tenant: public | md5: d933da89f47350c47a035821a0f2660b
2026-09-30 17:20:27,413|opType: publish | rt: 2ms | status: success | requestIp: null | dataId: SKILL.md | group: skill_enc.656c6576656e6c6162732d766f6963652d6368616e676572__enc.302e302e31 | tenant: public | md5: 1bf141e942ad86e2c42e37b71eec891c
2026-09-30 17:20:27,414|opType: publish | rt: 2ms | status: success | requestIp: null | dataId: resource_config_MEMORY__md.json | group: agentspec__enc.706169642d6d656469612d747261636b696e672d7370656369616c697374__enc.302e302e31 | tenant: public | md5: d182ce9735e8365683379fa588cb334a
2026-09-30 17:20:27,420|opType: publish | rt: 7ms | status: success | requestIp: null | dataId: skill_index.json | group: skill_elevenlabs-stt | tenant: public | md5: a954ba25a6022882637d1312aa486859
2026-09-30 17:20:27,421|opType: publish | rt: 8ms | status: success | requestIp: null | dataId: skill_index.json | group: skill_elevenlabs-tts | tenant: public | md5: a954ba25a6022882637d1312aa486859
2026-09-30 17:20:27,421|opType: publish | rt: 7ms | status: success | requestIp: null | dataId: SKILL.md | group: skill_enc.656c6576656e6c6162732d766f6963652d69736f6c61746f72__enc.302e302e31 | tenant: public | md5: 60ffacba8f8a050c572412632b9b70fe
2026-09-30 17:20:27,623|opType: publish | rt: 5ms | status: success | requestIp: null | dataId: manifest.json | group: agentspec__enc.70726f647563742d6265686176696f72616c2d6e756467652d656e67696e65__enc.302e302e31 | tenant: public | md5: 0542d6f28a854e6d53070a6aae8dcc3f
2026-09-30 17:20:27,626|opType: publish | rt: 5ms | status: success | requestIp: null | dataId: resource_crons_jobs__json.json | group: agentspec__enc.70726f647563742d6265686176696f72616c2d6e756467652d656e67696e65__enc.302e302e31 | tenant: public | md5: 6b3f7409024acd0d4e12b17f800ad6b5
2026-09-30 17:20:27,627|opType: publish | rt: 3ms | status: success | requestIp: null | dataId: resource_config_MEMORY__md.json | group: agentspec__enc.70726f647563742d6265686176696f72616c2d6e756467652d656e67696e65__enc.302e302e31 | tenant: public | md5: d182ce9735e8365683379fa588cb334a
2026-09-30 17:20:27,627|opType: publish | rt: 3ms | status: success | requestIp: null | dataId: resource_config_IDENTITY__md.json | group: agentspec__enc.70726f647563742d6265686176696f72616c2d6e756467652d656e67696e65__enc.302e302e31 | tenant: public | md5: 769c4e0c124fef2c8d031560323051ea
2026-09-30 17:20:27,628|opType: publish | rt: 2ms | status: success | requestIp: null | dataId: resource_config_IDENTITY__md.json | group: agentspec__enc.70726f647563742d666565646261636b2d73796e74686573697a6572__enc.302e302e31 | tenant: public | md5: 9df2ec7c3c4490b270ca62dcb8517522
2026-09-30 17:20:27,630|opType: publish | rt: 3ms | status: success | requestIp: null | dataId: resource_tool-analysis_tool-analysis__json.json | group: agentspec__enc.70726f647563742d6265686176696f72616c2d6e756467652d656e67696e65__enc.302e302e31 | tenant: public | md5: 652087cc9af6e2213b94153c3d468aa8
2026-09-30 17:20:27,630|opType: publish | rt: 4ms | status: success | requestIp: null | dataId: resource_config_AGENTS__md.json | group: agentspec__enc.70726f647563742d6265686176696f72616c2d6e756467652d656e67696e65__enc.302e302e31 | tenant: public | md5: dfddab21959a0dc2243e3d7d07667705
2026-09-30 17:20:27,630|opType: publish | rt: 2ms | status: success | requestIp: null | dataId: resource_config_SOUL__md.json | group: agentspec__enc.70726f647563742d6265686176696f72616c2d6e756467652d656e67696e65__enc.302e302e31 | tenant: public | md5: b969c424686695eded1b1b6f2d639f28
2026-09-30 17:20:27,631|opType: publish | rt: 2ms | status: success | requestIp: null | dataId: resource_crons_jobs__json.json | group: agentspec__enc.70726f647563742d666565646261636b2d73796e74686573697a6572__enc.302e302e31 | tenant: public | md5: 557b6cae43c56bf0ce2791d3bdb4cb9b
2026-09-30 17:20:27,632|opType: publish | rt: 2ms | status: success | requestIp: null | dataId: manifest.json | group: agentspec__enc.70726f647563742d666565646261636b2d73796e74686573697a6572__enc.302e302e31 | tenant: public | md5: fce8d01d9f96c8e4b3205ef513679c5a
2026-09-30 17:20:27,632|opType: publish | rt: 2ms | status: success | requestIp: null | dataId: skill_index.json | group: skill_elevenlabs-voice-changer | tenant: public | md5: a954ba25a6022882637d1312aa486859
2026-09-30 17:20:27,633|opType: publish | rt: 2ms | status: success | requestIp: null | dataId: SKILL.md | group: skill_enc.656d61696c2d64657369676e__enc.302e302e31 | tenant: public | md5: 42b57239c0e628babf130a379e344f11
2026-09-30 17:20:27,633|opType: publish | rt: 2ms | status: success | requestIp: null | dataId: SKILL.md | group: skill_enc.6578706c61696e65722d766964656f2d6775696465__enc.302e302e31 | tenant: public | md5: 82412baffff80c651d55c54afe4af58a
2026-09-30 17:20:27,634|opType: publish | rt: 2ms | status: success | requestIp: null | dataId: skill_index.json | group: skill_elevenlabs-voice-isolator | tenant: public | md5: a954ba25a6022882637d1312aa486859
2026-09-30 17:20:27,831|opType: publish | rt: 2ms | status: success | requestIp: null | dataId: resource_tool-analysis_tool-analysis__json.json | group: agentspec__enc.70726f647563742d666565646261636b2d73796e74686573697a6572__enc.302e302e31 | tenant: public | md5: b4281b3f7e7044e6451dffe85a8b33c6
2026-09-30 17:20:27,833|opType: publish | rt: 3ms | status: success | requestIp: null | dataId: resource_config_AGENTS__md.json | group: agentspec__enc.70726f647563742d666565646261636b2d73796e74686573697a6572__enc.302e302e31 | tenant: public | md5: 4bc942aa76313d514b32fb537958ae90
2026-09-30 17:20:27,834|opType: publish | rt: 3ms | status: success | requestIp: null | dataId: resource_config_SOUL__md.json | group: agentspec__enc.70726f647563742d666565646261636b2d73796e74686573697a6572__enc.302e302e31 | tenant: public | md5: 56ac93f000aafa0eed2b71c9d3177d8d
2026-09-30 17:20:27,834|opType: publish | rt: 2ms | status: success | requestIp: null | dataId: resource_config_MEMORY__md.json | group: agentspec__enc.70726f647563742d666565646261636b2d73796e74686573697a6572__enc.302e302e31 | tenant: public | md5: 84be03a1e36a21b31a93a3af00455656
2026-09-30 17:20:27,836|opType: publish | rt: 3ms | status: success | requestIp: null | dataId: manifest.json | group: agentspec__enc.70726f647563742d737072696e742d7072696f726974697a6572__enc.302e302e31 | tenant: public | md5: 309556841952502aec14a1ddce7af634
2026-09-30 17:20:27,836|opType: publish | rt: 2ms | status: success | requestIp: null | dataId: manifest.json | group: agentspec__enc.70726f647563742d6d616e61676572__enc.302e302e31 | tenant: public | md5: 01e84f2256f80823cc6f8118a50080d9
2026-09-30 17:20:27,836|opType: publish | rt: 2ms | status: success | requestIp: null | dataId: resource_crons_jobs__json.json | group: agentspec__enc.70726f647563742d6d616e61676572__enc.302e302e31 | tenant: public | md5: 60464a7d25ea627d25f601d08c96a90c
2026-09-30 17:20:27,837|opType: publish | rt: 2ms | status: success | requestIp: null | dataId: resource_crons_jobs__json.json | group: agentspec__enc.70726f647563742d737072696e742d7072696f726974697a6572__enc.302e302e31 | tenant: public | md5: 60464a7d25ea627d25f601d08c96a90c
2026-09-30 17:20:27,837|opType: publish | rt: 1ms | status: success | requestIp: null | dataId: resource_config_IDENTITY__md.json | group: agentspec__enc.70726f647563742d737072696e742d7072696f726974697a6572__enc.302e302e31 | tenant: public | md5: 33c96ddabee79d24d7d866b3dc39a554
2026-09-30 17:20:27,838|opType: publish | rt: 2ms | status: success | requestIp: null | dataId: resource_config_IDENTITY__md.json | group: agentspec__enc.70726f647563742d6d616e61676572__enc.302e302e31 | tenant: public | md5: 97f3c1505c3af5b01363d78e1498d0ab
2026-09-30 17:20:27,841|opType: publish | rt: 4ms | status: success | requestIp: null | dataId: SKILL.md | group: skill_enc.666c75782d696d616765__enc.302e302e31 | tenant: public | md5: 0d2492590536af71f78ffe99421cc56e
2026-09-30 17:20:27,841|opType: publish | rt: 4ms | status: success | requestIp: null | dataId: SKILL.md | group: skill_enc.676f6f676c652d76656f__enc.302e302e31 | tenant: public | md5: 17253de034e7e1bf3b2a1eda3ed2be55
2026-09-30 17:20:27,842|opType: publish | rt: 4ms | status: success | requestIp: null | dataId: skill_index.json | group: skill_explainer-video-guide | tenant: public | md5: a954ba25a6022882637d1312aa486859
2026-09-30 17:20:27,842|opType: publish | rt: 4ms | status: success | requestIp: null | dataId: skill_index.json | group: skill_email-design | tenant: public | md5: a954ba25a6022882637d1312aa486859
2026-09-30 17:20:28,051|opType: publish | rt: 2ms | status: success | requestIp: null | dataId: resource_tool-analysis_tool-analysis__json.json | group: agentspec__enc.70726f647563742d737072696e742d7072696f726974697a6572__enc.302e302e31 | tenant: public | md5: 77365ce4c35f979121307af40c858a79
2026-09-30 17:20:28,052|opType: publish | rt: 3ms | status: success | requestIp: null | dataId: resource_config_MEMORY__md.json | group: agentspec__enc.70726f647563742d6d616e61676572__enc.302e302e31 | tenant: public | md5: 113d0abd29cd6cd827d21a45c38c094d
2026-09-30 17:20:28,052|opType: publish | rt: 3ms | status: success | requestIp: null | dataId: resource_config_AGENTS__md.json | group: agentspec__enc.70726f647563742d737072696e742d7072696f726974697a6572__enc.302e302e31 | tenant: public | md5: fd885735ee405651d0b94e891be31ef9
2026-09-30 17:20:28,052|opType: publish | rt: 2ms | status: success | requestIp: null | dataId: resource_config_SOUL__md.json | group: agentspec__enc.70726f647563742d737072696e742d7072696f726974697a6572__enc.302e302e31 | tenant: public | md5: 153feda00b41929eedb4ba41c9d14c8b
2026-09-30 17:20:28,053|opType: publish | rt: 2ms | status: success | requestIp: null | dataId: resource_tool-analysis_tool-analysis__json.json | group: agentspec__enc.70726f647563742d6d616e61676572__enc.302e302e31 | tenant: public | md5: 77365ce4c35f979121307af40c858a79
2026-09-30 17:20:28,053|opType: publish | rt: 1ms | status: success | requestIp: null | dataId: resource_config_MEMORY__md.json | group: agentspec__enc.70726f647563742d737072696e742d7072696f726974697a6572__enc.302e302e31 | tenant: public | md5: 113d0abd29cd6cd827d21a45c38c094d
2026-09-30 17:20:28,054|opType: publish | rt: 1ms | status: success | requestIp: null | dataId: manifest.json | group: agentspec__enc.70726f647563742d7472656e642d72657365617263686572__enc.302e302e31 | tenant: public | md5: a1a162f16b9c1b9986573de92abf015b
2026-09-30 17:20:28,054|opType: publish | rt: 2ms | status: success | requestIp: null | dataId: resource_config_AGENTS__md.json | group: agentspec__enc.70726f647563742d6d616e61676572__enc.302e302e31 | tenant: public | md5: 741c2fb5423562457acc9f2fcb9034a2
2026-09-30 17:20:28,055|opType: publish | rt: 3ms | status: success | requestIp: null | dataId: resource_config_SOUL__md.json | group: agentspec__enc.70726f647563742d6d616e61676572__enc.302e302e31 | tenant: public | md5: 41db2212753cdce313d2b5b7e943f4da
2026-09-30 17:20:28,055|opType: publish | rt: 2ms | status: success | requestIp: null | dataId: resource_crons_jobs__json.json | group: agentspec__enc.70726f647563742d7472656e642d72657365617263686572__enc.302e302e31 | tenant: public | md5: 46f666ddafb17d2759680c8d561d1acc
2026-09-30 17:20:28,055|opType: publish | rt: 2ms | status: success | requestIp: null | dataId: SKILL.md | group: skill_enc.696d6167652d746f2d766964656f__enc.302e302e31 | tenant: public | md5: 719157b4fb208a9ba1de075b85fd8026
2026-09-30 17:20:28,056|opType: publish | rt: 2ms | status: success | requestIp: null | dataId: SKILL.md | group: skill_enc.696d6167652d75707363616c696e67__enc.302e302e31 | tenant: public | md5: 8d1e4d67e510f88e55540079580bf2fc
2026-09-30 17:20:28,056|opType: publish | rt: 2ms | status: success | requestIp: null | dataId: skill_index.json | group: skill_flux-image | tenant: public | md5: a954ba25a6022882637d1312aa486859
2026-09-30 17:20:28,056|opType: publish | rt: 1ms | status: success | requestIp: null | dataId: skill_index.json | group: skill_google-veo | tenant: public | md5: a954ba25a6022882637d1312aa486859
2026-09-30 17:20:28,262|opType: publish | rt: 2ms | status: success | requestIp: null | dataId: resource_config_SOUL__md.json | group: agentspec__enc.70726f647563742d7472656e642d72657365617263686572__enc.302e302e31 | tenant: public | md5: 25e38aabada3b74b8f9e7c46693d857d
2026-09-30 17:20:28,264|opType: publish | rt: 1ms | status: success | requestIp: null | dataId: resource_config_MEMORY__md.json | group: agentspec__enc.70726f647563742d7472656e642d72657365617263686572__enc.302e302e31 | tenant: public | md5: a9f58acf226d594f7303595fd72906cb
2026-09-30 17:20:28,266|opType: publish | rt: 2ms | status: success | requestIp: null | dataId: resource_config_AGENTS__md.json | group: agentspec__enc.70726f647563742d7472656e642d72657365617263686572__enc.302e302e31 | tenant: public | md5: 2ac7ed720b69612a376f13d41aedab3c
2026-09-30 17:20:28,266|opType: publish | rt: 2ms | status: success | requestIp: null | dataId: resource_tool-analysis_tool-analysis__json.json | group: agentspec__enc.70726f647563742d7472656e642d72657365617263686572__enc.302e302e31 | tenant: public | md5: 1278b5f0b2cb8beb79253396ada2d9ae
2026-09-30 17:20:28,266|opType: publish | rt: 2ms | status: success | requestIp: null | dataId: resource_config_IDENTITY__md.json | group: agentspec__enc.70726f647563742d7472656e642d72657365617263686572__enc.302e302e31 | tenant: public | md5: 95312751971b5605bb1bb059927f58cd
2026-09-30 17:20:28,266|opType: publish | rt: 2ms | status: success | requestIp: null | dataId: manifest.json | group: agentspec__enc.70726f6a6563742d6d616e6167656d656e742d6578706572696d656e742d747261636b6572__enc.302e302e31 | tenant: public | md5: 2324a00fc77c1a4e0dc7ba6e93724640
2026-09-30 17:20:28,267|opType: publish | rt: 2ms | status: success | requestIp: null | dataId: resource_crons_jobs__json.json | group: agentspec__enc.70726f6a6563742d6d616e6167656d656e742d6578706572696d656e742d747261636b6572__enc.302e302e31 | tenant: public | md5: 40589725549dfde2d45a9d8b0ebe74b3
2026-09-30 17:20:28,271|opType: publish | rt: 5ms | status: success | requestIp: null | dataId: enc.7265666572656e6365732f61757468656e7469636174696f6e2e6d64 | group: skill_enc.696e6673682d636c69__enc.302e302e31 | tenant: public | md5: deb0ec845ad1813c3e54906b4a952b88
2026-09-30 17:20:28,271|opType: publish | rt: 4ms | status: success | requestIp: null | dataId: skill_index.json | group: skill_image-upscaling | tenant: public | md5: a954ba25a6022882637d1312aa486859
2026-09-30 17:20:28,271|opType: publish | rt: 5ms | status: success | requestIp: null | dataId: resource_config_AGENTS__md.json | group: agentspec__enc.70726f6a6563742d6d616e6167656d656e742d6578706572696d656e742d747261636b6572__enc.302e302e31 | tenant: public | md5: 67e4742dd06f77cf71ff66f0804e9b38
2026-09-30 17:20:28,272|opType: publish | rt: 6ms | status: success | requestIp: null | dataId: resource_config_IDENTITY__md.json | group: agentspec__enc.70726f6a6563742d6d616e6167656d656e742d6578706572696d656e742d747261636b6572__enc.302e302e31 | tenant: public | md5: a0093ad893f0f7be154aeaae930673c6
2026-09-30 17:20:28,272|opType: publish | rt: 4ms | status: success | requestIp: null | dataId: SKILL.md | group: skill_enc.696e6673682d636c69__enc.302e302e31 | tenant: public | md5: a562dbcf1e9e2340ae155767089cd360
2026-09-30 17:20:28,272|opType: publish | rt: 3ms | status: success | requestIp: null | dataId: SKILL.md | group: skill_enc.6a6176617363726970742d73646b__enc.302e302e31 | tenant: public | md5: 2ce5746f4d257babd73cf343011bc489
2026-09-30 17:20:28,272|opType: publish | rt: 3ms | status: success | requestIp: null | dataId: enc.7265666572656e6365732f72756e6e696e672d617070732e6d64 | group: skill_enc.696e6673682d636c69__enc.302e302e31 | tenant: public | md5: fd689c450695dec66cdf013741d66273
2026-09-30 17:20:28,272|opType: publish | rt: 3ms | status: success | requestIp: null | dataId: enc.7265666572656e6365732f7365727665722d70726f78792e6d64 | group: skill_enc.6a6176617363726970742d73646b__enc.302e302e31 | tenant: public | md5: cd49f0c23694c8cb6fd0f772bde701f3
2026-09-30 17:20:28,273|opType: publish | rt: 6ms | status: success | requestIp: null | dataId: resource_tool-analysis_tool-analysis__json.json | group: agentspec__enc.70726f6a6563742d6d616e6167656d656e742d6578706572696d656e742d747261636b6572__enc.302e302e31 | tenant: public | md5: 4fd3e9c690ceb132cbecbeafc6f82c00
2026-09-30 17:20:28,273|opType: publish | rt: 6ms | status: success | requestIp: null | dataId: enc.7265666572656e6365732f636c692d7265666572656e63652e6d64 | group: skill_enc.696e6673682d636c69__enc.302e302e31 | tenant: public | md5: b0c112393310a53890afa25fa4a74632
2026-09-30 17:20:28,273|opType: publish | rt: 6ms | status: success | requestIp: null | dataId: skill_index.json | group: skill_image-to-video | tenant: public | md5: a954ba25a6022882637d1312aa486859
2026-09-30 17:20:28,273|opType: publish | rt: 3ms | status: success | requestIp: null | dataId: enc.7265666572656e6365732f6170702d646973636f766572792e6d64 | group: skill_enc.696e6673682d636c69__enc.302e302e31 | tenant: public | md5: d9f79e2efd476655587f07121b20b8e0
2026-09-30 17:20:28,273|opType: publish | rt: 2ms | status: success | requestIp: null | dataId: enc.7265666572656e6365732f746f6f6c2d6275696c6465722e6d64 | group: skill_enc.6a6176617363726970742d73646b__enc.302e302e31 | tenant: public | md5: 9431f7995b4f437b57fff83a5aac3bad
2026-09-30 17:20:28,274|opType: publish | rt: 2ms | status: success | requestIp: null | dataId: enc.7265666572656e6365732f6167656e742d7061747465726e732e6d64 | group: skill_enc.6a6176617363726970742d73646b__enc.302e302e31 | tenant: public | md5: 9571831c0eac806c720437d0c51a062c
2026-09-30 17:20:28,274|opType: publish | rt: 1ms | status: success | requestIp: null | dataId: enc.7265666572656e6365732f747970657363726970742e6d64 | group: skill_enc.6a6176617363726970742d73646b__enc.302e302e31 | tenant: public | md5: 2623683992c3702e418126693eb70916
2026-09-30 17:20:28,474|opType: publish | rt: 3ms | status: success | requestIp: null | dataId: resource_config_SOUL__md.json | group: agentspec__enc.70726f6a6563742d6d616e6167656d656e742d6578706572696d656e742d747261636b6572__enc.302e302e31 | tenant: public | md5: 929fbe4089501ca2fc542ab226153dd2
2026-09-30 17:20:28,474|opType: publish | rt: 2ms | status: success | requestIp: null | dataId: resource_config_MEMORY__md.json | group: agentspec__enc.70726f6a6563742d6d616e6167656d656e742d6578706572696d656e742d747261636b6572__enc.302e302e31 | tenant: public | md5: 7287b83befa38332ce4f322a158a3550
2026-09-30 17:20:28,474|opType: publish | rt: 2ms | status: success | requestIp: null | dataId: resource_config_IDENTITY__md.json | group: agentspec__enc.70726f6a6563742d6d616e6167656d656e742d6a6972612d776f726b666c6f772d73746577617264__enc.302e302e31 | tenant: public | md5: 6ebdab6e7467aef85909bd0d1e0418d3
2026-09-30 17:20:28,478|opType: publish | rt: 5ms | status: success | requestIp: null | dataId: manifest.json | group: agentspec__enc.70726f6a6563742d6d616e6167656d656e742d6a6972612d776f726b666c6f772d73746577617264__enc.302e302e31 | tenant: public | md5: e0e52c717a75aa2c56f67cdee44739ff
2026-09-30 17:20:28,481|opType: publish | rt: 2ms | status: success | requestIp: null | dataId: resource_crons_jobs__json.json | group: agentspec__enc.70726f6a6563742d6d616e6167656d656e742d6a6972612d776f726b666c6f772d73746577617264__enc.302e302e31 | tenant: public | md5: 25d72138d580287f0a7310d78b023637
2026-09-30 17:20:28,481|opType: publish | rt: 2ms | status: success | requestIp: null | dataId: resource_tool-analysis_tool-analysis__json.json | group: agentspec__enc.70726f6a6563742d6d616e6167656d656e742d6a6972612d776f726b666c6f772d73746577617264__enc.302e302e31 | tenant: public | md5: 3f548df84031928cb80bf5cfc8023324
2026-09-30 17:20:28,482|opType: publish | rt: 3ms | status: success | requestIp: null | dataId: resource_config_MEMORY__md.json | group: agentspec__enc.70726f6a6563742d6d616e6167656d656e742d6a6972612d776f726b666c6f772d73746577617264__enc.302e302e31 | tenant: public | md5: b834ac38c2eda7f7d88cbb601ed940d1
2026-09-30 17:20:28,482|opType: publish | rt: 3ms | status: success | requestIp: null | dataId: resource_config_AGENTS__md.json | group: agentspec__enc.70726f6a6563742d6d616e6167656d656e742d6a6972612d776f726b666c6f772d73746577617264__enc.302e302e31 | tenant: public | md5: afccc58b95fd242ea7453d9d77629d17
2026-09-30 17:20:28,483|opType: publish | rt: 4ms | status: success | requestIp: null | dataId: resource_config_SOUL__md.json | group: agentspec__enc.70726f6a6563742d6d616e6167656d656e742d6a6972612d776f726b666c6f772d73746577617264__enc.302e302e31 | tenant: public | md5: 32b7c66424b1a43ed7fee13d8809e129
2026-09-30 17:20:28,483|opType: publish | rt: 3ms | status: success | requestIp: null | dataId: enc.7265666572656e6365732f73657373696f6e732e6d64 | group: skill_enc.6a6176617363726970742d73646b__enc.302e302e31 | tenant: public | md5: 4154f96ff10bb26d062ce743adb3b770
2026-09-30 17:20:28,484|opType: publish | rt: 4ms | status: success | requestIp: null | dataId: enc.7265666572656e6365732f72656163742d696e746567726174696f6e2e6d64 | group: skill_enc.6a6176617363726970742d73646b__enc.302e302e31 | tenant: public | md5: ce7de67327c8cf4a399a9f8139fc5c13
2026-09-30 17:20:28,484|opType: publish | rt: 3ms | status: success | requestIp: null | dataId: enc.7265666572656e6365732f66696c65732e6d64 | group: skill_enc.6a6176617363726970742d73646b__enc.302e302e31 | tenant: public | md5: 71ed26b265b0dbc4ad0a30091c38b20f
2026-09-30 17:20:28,484|opType: publish | rt: 3ms | status: success | requestIp: null | dataId: enc.7265666572656e6365732f73747265616d696e672e6d64 | group: skill_enc.6a6176617363726970742d73646b__enc.302e302e31 | tenant: public | md5: f3e8151078261bc6ea5cf6251314a4bd
2026-09-30 17:20:28,484|opType: publish | rt: 2ms | status: success | requestIp: null | dataId: manifest.json | group: agentspec__enc.70726f6a6563742d6d616e6167656d656e742d70726f6a6563742d7368657068657264__enc.302e302e31 | tenant: public | md5: 439d193b57423281f5922fc7bdbec136
2026-09-30 17:20:28,485|opType: publish | rt: 2ms | status: success | requestIp: null | dataId: SKILL.md | group: skill_enc.6c616e64696e672d706167652d64657369676e__enc.302e302e31 | tenant: public | md5: dad943aec23913ea93e0ec96da8efdba
2026-09-30 17:20:28,485|opType: publish | rt: 2ms | status: success | requestIp: null | dataId: skill_index.json | group: skill_infsh-cli | tenant: public | md5: 165e9bf1b31b15cb0e75e7e5953f2a9a
2026-09-30 17:20:28,486|opType: publish | rt: 2ms | status: success | requestIp: null | dataId: SKILL.md | group: skill_enc.6c696e6b6564696e2d636f6e74656e74__enc.302e302e31 | tenant: public | md5: 3c9947eaf7d63a9aa41f402eb1f614db
2026-09-30 17:20:28,680|opType: publish | rt: 2ms | status: success | requestIp: null | dataId: resource_crons_jobs__json.json | group: agentspec__enc.70726f6a6563742d6d616e6167656d656e742d70726f6a6563742d7368657068657264__enc.302e302e31 | tenant: public | md5: 2afe9ddff0d4d90d7398899dbb09955f
2026-09-30 17:20:28,680|opType: publish | rt: 2ms | status: success | requestIp: null | dataId: resource_config_IDENTITY__md.json | group: agentspec__enc.70726f6a6563742d6d616e6167656d656e742d70726f6a6563742d7368657068657264__enc.302e302e31 | tenant: public | md5: 98033961a35c95146e7d5e3130d82a6e
2026-09-30 17:20:28,683|opType: publish | rt: 2ms | status: success | requestIp: null | dataId: resource_tool-analysis_tool-analysis__json.json | group: agentspec__enc.70726f6a6563742d6d616e6167656d656e742d70726f6a6563742d7368657068657264__enc.302e302e31 | tenant: public | md5: b25b6c8e042c90a10a45f81045319ae3
2026-09-30 17:20:28,683|opType: publish | rt: 1ms | status: success | requestIp: null | dataId: resource_config_AGENTS__md.json | group: agentspec__enc.70726f6a6563742d6d616e6167656d656e742d70726f6a6563742d7368657068657264__enc.302e302e31 | tenant: public | md5: a44f8081d011200c7cec16e24c4fd69d
2026-09-30 17:20:28,684|opType: publish | rt: 2ms | status: success | requestIp: null | dataId: resource_config_SOUL__md.json | group: agentspec__enc.70726f6a6563742d6d616e6167656d656e742d70726f6a6563742d7368657068657264__enc.302e302e31 | tenant: public | md5: 3bf5eec019f4c2911f9745276d7526f2
2026-09-30 17:20:28,686|opType: publish | rt: 2ms | status: success | requestIp: null | dataId: resource_config_MEMORY__md.json | group: agentspec__enc.70726f6a6563742d6d616e6167656d656e742d70726f6a6563742d7368657068657264__enc.302e302e31 | tenant: public | md5: c39a1a4f6145e3593b74e131cdd62b8a
2026-09-30 17:20:28,689|opType: publish | rt: 2ms | status: success | requestIp: null | dataId: manifest.json | group: agentspec__enc.70726f6a6563742d6d616e6167656d656e742d73747564696f2d6f7065726174696f6e73__enc.302e302e31 | tenant: public | md5: 8e5afe94a59b86ed1b33d12588e4aba8
2026-09-30 17:20:28,690|opType: publish | rt: 2ms | status: success | requestIp: null | dataId: resource_crons_jobs__json.json | group: agentspec__enc.70726f6a6563742d6d616e6167656d656e742d73747564696f2d6f7065726174696f6e73__enc.302e302e31 | tenant: public | md5: 87728247118b389037547838fedfe81d
2026-09-30 17:20:28,690|opType: publish | rt: 2ms | status: success | requestIp: null | dataId: resource_config_IDENTITY__md.json | group: agentspec__enc.70726f6a6563742d6d616e6167656d656e742d73747564696f2d6f7065726174696f6e73__enc.302e302e31 | tenant: public | md5: 810edc93e5c59f53bacd8b818f371090
2026-09-30 17:20:28,691|opType: publish | rt: 2ms | status: success | requestIp: null | dataId: resource_tool-analysis_tool-analysis__json.json | group: agentspec__enc.70726f6a6563742d6d616e6167656d656e742d73747564696f2d6f7065726174696f6e73__enc.302e302e31 | tenant: public | md5: ce0cd41ca52a54beb7ca30075da0ceef
2026-09-30 17:20:28,691|opType: publish | rt: 2ms | status: success | requestIp: null | dataId: skill_index.json | group: skill_landing-page-design | tenant: public | md5: a954ba25a6022882637d1312aa486859
2026-09-30 17:20:28,691|opType: publish | rt: 2ms | status: success | requestIp: null | dataId: SKILL.md | group: skill_enc.6c6c6d2d6d6f64656c73__enc.302e302e31 | tenant: public | md5: 00959d9f17eadfa31c9ba63be0008fb8
2026-09-30 17:20:28,691|opType: publish | rt: 1ms | status: success | requestIp: null | dataId: skill_index.json | group: skill_javascript-sdk | tenant: public | md5: b6ecbf76e5f2b8d5365ec7680c51ed53
2026-09-30 17:20:28,692|opType: publish | rt: 2ms | status: success | requestIp: null | dataId: skill_index.json | group: skill_linkedin-content | tenant: public | md5: a954ba25a6022882637d1312aa486859
2026-09-30 17:20:28,895|opType: publish | rt: 8ms | status: success | requestIp: null | dataId: resource_config_AGENTS__md.json | group: agentspec__enc.70726f6a6563742d6d616e6167656d656e742d73747564696f2d6f7065726174696f6e73__enc.302e302e31 | tenant: public | md5: 6fb9cb5b6bfc73125b8ea851693cc45e
2026-09-30 17:20:28,895|opType: publish | rt: 7ms | status: success | requestIp: null | dataId: resource_config_MEMORY__md.json | group: agentspec__enc.70726f6a6563742d6d616e6167656d656e742d73747564696f2d6f7065726174696f6e73__enc.302e302e31 | tenant: public | md5: 00b4d5c329cb15b6668fce805550f919
2026-09-30 17:20:28,896|opType: publish | rt: 8ms | status: success | requestIp: null | dataId: resource_config_SOUL__md.json | group: agentspec__enc.70726f6a6563742d6d616e6167656d656e742d73747564696f2d6f7065726174696f6e73__enc.302e302e31 | tenant: public | md5: b1bcc2ec1981057a2f194968ac584f9c
2026-09-30 17:20:28,897|opType: publish | rt: 3ms | status: success | requestIp: null | dataId: resource_crons_jobs__json.json | group: agentspec__enc.70726f6a6563742d6d616e6167656d656e742d73747564696f2d70726f6475636572__enc.302e302e31 | tenant: public | md5: e67ca8f322e1b4a73cd2a39aecfcc1c4
2026-09-30 17:20:28,897|opType: publish | rt: 2ms | status: success | requestIp: null | dataId: manifest.json | group: agentspec__enc.70726f6a6563742d6d616e6167656d656e742d73747564696f2d70726f6475636572__enc.302e302e31 | tenant: public | md5: 65618bb60b22111cf5b119bacf5871f5
2026-09-30 17:20:28,898|opType: publish | rt: 1ms | status: success | requestIp: null | dataId: resource_config_IDENTITY__md.json | group: agentspec__enc.70726f6a6563742d6d616e6167656d656e742d73747564696f2d70726f6475636572__enc.302e302e31 | tenant: public | md5: 019f43ae17518b7148e8effcbb80fa77
2026-09-30 17:20:28,899|opType: publish | rt: 2ms | status: success | requestIp: null | dataId: resource_tool-analysis_tool-analysis__json.json | group: agentspec__enc.70726f6a6563742d6d616e6167656d656e742d73747564696f2d70726f6475636572__enc.302e302e31 | tenant: public | md5: 8fdc379a5dd93a8f696ebce50bce2ab2
2026-09-30 17:20:28,900|opType: publish | rt: 2ms | status: success | requestIp: null | dataId: resource_config_SOUL__md.json | group: agentspec__enc.70726f6a6563742d6d616e6167656d656e742d73747564696f2d70726f6475636572__enc.302e302e31 | tenant: public | md5: e316db9910f8f75f7f962784f17d2410
2026-09-30 17:20:28,900|opType: publish | rt: 2ms | status: success | requestIp: null | dataId: resource_config_AGENTS__md.json | group: agentspec__enc.70726f6a6563742d6d616e6167656d656e742d73747564696f2d70726f6475636572__enc.302e302e31 | tenant: public | md5: 4b1949f7e0b7f66bb84d0b72c8ed8701
2026-09-30 17:20:28,901|opType: publish | rt: 2ms | status: success | requestIp: null | dataId: SKILL.md | group: skill_enc.6e616e6f2d62616e616e612d32__enc.302e302e31 | tenant: public | md5: 1e130716f6ce28023fd3f4bdd6b085be
2026-09-30 17:20:28,901|opType: publish | rt: 2ms | status: success | requestIp: null | dataId: SKILL.md | group: skill_enc.6c6f676f2d64657369676e2d6775696465__enc.302e302e31 | tenant: public | md5: f8a33e8cc7136c7709f4fd0a8057f499
2026-09-30 17:20:28,901|opType: publish | rt: 1ms | status: success | requestIp: null | dataId: resource_config_MEMORY__md.json | group: agentspec__enc.70726f6a6563742d6d616e6167656d656e742d73747564696f2d70726f6475636572__enc.302e302e31 | tenant: public | md5: 79e4b305cf131c5920cf476b0d57f14f
2026-09-30 17:20:28,902|opType: publish | rt: 1ms | status: success | requestIp: null | dataId: SKILL.md | group: skill_enc.6e616e6f2d62616e616e61__enc.302e302e31 | tenant: public | md5: 3eae5844d16d201f21a64ac001a55608
2026-09-30 17:20:28,902|opType: publish | rt: 1ms | status: success | requestIp: null | dataId: skill_index.json | group: skill_llm-models | tenant: public | md5: a954ba25a6022882637d1312aa486859
2026-09-30 17:20:29,104|opType: publish | rt: 4ms | status: success | requestIp: null | dataId: resource_tool-analysis_tool-analysis__json.json | group: agentspec__enc.70726f6a6563742d6d616e616765722d73656e696f72__enc.302e302e31 | tenant: public | md5: 6674eacd82f6a61b2b7cd584ab04c6d6
2026-09-30 17:20:29,104|opType: publish | rt: 2ms | status: success | requestIp: null | dataId: resource_crons_jobs__json.json | group: agentspec__enc.70726f6a6563742d6d616e616765722d73656e696f72__enc.302e302e31 | tenant: public | md5: 402017ce5a3aad8b0a76e3380b185c7e
2026-09-30 17:20:29,105|opType: publish | rt: 3ms | status: success | requestIp: null | dataId: manifest.json | group: agentspec__enc.70726f6a6563742d6d616e616765722d73656e696f72__enc.302e302e31 | tenant: public | md5: 265ddacd9d56176db0ccccf8f606b859
2026-09-30 17:20:29,105|opType: publish | rt: 2ms | status: success | requestIp: null | dataId: resource_config_AGENTS__md.json | group: agentspec__enc.70726f6a6563742d6d616e616765722d73656e696f72__enc.302e302e31 | tenant: public | md5: bf66d72558ec64fb8e2fe4c46727abd0
2026-09-30 17:20:29,106|opType: publish | rt: 2ms | status: success | requestIp: null | dataId: resource_config_IDENTITY__md.json | group: agentspec__enc.70726f6a6563742d6d616e616765722d73656e696f72__enc.302e302e31 | tenant: public | md5: cc04d46d7d7e99350d16100a566f709b
2026-09-30 17:20:29,107|opType: publish | rt: 2ms | status: success | requestIp: null | dataId: resource_config_SOUL__md.json | group: agentspec__enc.70726f6a6563742d6d616e616765722d73656e696f72__enc.302e302e31 | tenant: public | md5: 4c3a6b6f964ca01c4d1a9c4cb494f5dc
2026-09-30 17:20:29,108|opType: publish | rt: 2ms | status: success | requestIp: null | dataId: resource_config_IDENTITY__md.json | group: agentspec__enc.70726f6d70742d656e67696e656572__enc.302e302e31 | tenant: public | md5: 7fdc820906815154efc1679542035cd6
2026-09-30 17:20:29,108|opType: publish | rt: 2ms | status: success | requestIp: null | dataId: manifest.json | group: agentspec__enc.70726f6d70742d656e67696e656572__enc.302e302e31 | tenant: public | md5: 3f0dabeef118364ff6e61235781ed3fd
2026-09-30 17:20:29,108|opType: publish | rt: 1ms | status: success | requestIp: null | dataId: resource_crons_jobs__json.json | group: agentspec__enc.70726f6d70742d656e67696e656572__enc.302e302e31 | tenant: public | md5: d6b01ff90a8988e61ae9486051aa0892
2026-09-30 17:20:29,109|opType: publish | rt: 2ms | status: success | requestIp: null | dataId: skill_index.json | group: skill_logo-design-guide | tenant: public | md5: a954ba25a6022882637d1312aa486859
2026-09-30 17:20:29,109|opType: publish | rt: 1ms | status: success | requestIp: null | dataId: resource_config_MEMORY__md.json | group: agentspec__enc.70726f6a6563742d6d616e616765722d73656e696f72__enc.302e302e31 | tenant: public | md5: 1a18394abb6b49a272f00950bf2e8a53
2026-09-30 17:20:29,110|opType: publish | rt: 2ms | status: success | requestIp: null | dataId: skill_index.json | group: skill_nano-banana-2 | tenant: public | md5: a954ba25a6022882637d1312aa486859
2026-09-30 17:20:29,111|opType: publish | rt: 2ms | status: success | requestIp: null | dataId: skill_index.json | group: skill_nano-banana | tenant: public | md5: a954ba25a6022882637d1312aa486859
2026-09-30 17:20:29,111|opType: publish | rt: 2ms | status: success | requestIp: null | dataId: SKILL.md | group: skill_enc.6e6577736c65747465722d6375726174696f6e__enc.302e302e31 | tenant: public | md5: b05a53dce522d261dd5420af6d4f64ca
2026-09-30 17:20:29,312|opType: publish | rt: 3ms | status: success | requestIp: null | dataId: resource_tool-analysis_tool-analysis__json.json | group: agentspec__enc.70726f6d70742d656e67696e656572__enc.302e302e31 | tenant: public | md5: 4286770de386adec0b1a347d02ad9687
2026-09-30 17:20:29,313|opType: publish | rt: 4ms | status: success | requestIp: null | dataId: resource_config_AGENTS__md.json | group: agentspec__enc.70726f6d70742d656e67696e656572__enc.302e302e31 | tenant: public | md5: 611f1ed7802f0b3cff6a977ee3734303
2026-09-30 17:20:29,313|opType: publish | rt: 2ms | status: success | requestIp: null | dataId: resource_config_SOUL__md.json | group: agentspec__enc.70726f6d70742d656e67696e656572__enc.302e302e31 | tenant: public | md5: 545c8e513c45532dbe0b00895c6665c6
2026-09-30 17:20:29,316|opType: publish | rt: 3ms | status: success | requestIp: null | dataId: manifest.json | group: agentspec__enc.726563727569746d656e742d7370656369616c697374__enc.302e302e31 | tenant: public | md5: d3ef44f0fde99b55ce0ca406062d4fa6
2026-09-30 17:20:29,316|opType: publish | rt: 2ms | status: success | requestIp: null | dataId: resource_config_MEMORY__md.json | group: agentspec__enc.70726f6d70742d656e67696e656572__enc.302e302e31 | tenant: public | md5: b408c058701665cde9493c5715923764
2026-09-30 17:20:29,317|opType: publish | rt: 3ms | status: success | requestIp: null | dataId: resource_config_IDENTITY__md.json | group: agentspec__enc.726563727569746d656e742d7370656369616c697374__enc.302e302e31 | tenant: public | md5: e75acc619326c9ca1bfe865bfad89144
2026-09-30 17:20:29,318|opType: publish | rt: 3ms | status: success | requestIp: null | dataId: resource_tool-analysis_tool-analysis__json.json | group: agentspec__enc.726563727569746d656e742d7370656369616c697374__enc.302e302e31 | tenant: public | md5: ee2013cef7bbeecfccadb1bdc49d163c
2026-09-30 17:20:29,318|opType: publish | rt: 3ms | status: success | requestIp: null | dataId: resource_crons_jobs__json.json | group: agentspec__enc.726563727569746d656e742d7370656369616c697374__enc.302e302e31 | tenant: public | md5: 41e65ff9419122a13f85c7293a2813a5
2026-09-30 17:20:29,320|opType: publish | rt: 4ms | status: success | requestIp: null | dataId: resource_config_AGENTS__md.json | group: agentspec__enc.726563727569746d656e742d7370656369616c697374__enc.302e302e31 | tenant: public | md5: 6f158242476508967ac66d8a23088e17
2026-09-30 17:20:29,320|opType: publish | rt: 3ms | status: success | requestIp: null | dataId: resource_config_SOUL__md.json | group: agentspec__enc.726563727569746d656e742d7370656369616c697374__enc.302e302e31 | tenant: public | md5: 80073e42a39d96620113b7d618fbfc28
2026-09-30 17:20:29,320|opType: publish | rt: 2ms | status: success | requestIp: null | dataId: SKILL.md | group: skill_enc.702d696d616765__enc.302e302e31 | tenant: public | md5: 143ed6de611dc1b674595d4c7ecc867b
2026-09-30 17:20:29,320|opType: publish | rt: 3ms | status: success | requestIp: null | dataId: SKILL.md | group: skill_enc.6f672d696d6167652d64657369676e__enc.302e302e31 | tenant: public | md5: 13d4f39b39646a73ab0595c0a8b9e906
2026-09-30 17:20:29,321|opType: publish | rt: 2ms | status: success | requestIp: null | dataId: SKILL.md | group: skill_enc.702d766964656f__enc.302e302e31 | tenant: public | md5: 8e48416f1f3c703106b7f96bee1cf21f
2026-09-30 17:20:29,321|opType: publish | rt: 3ms | status: success | requestIp: null | dataId: skill_index.json | group: skill_newsletter-curation | tenant: public | md5: a954ba25a6022882637d1312aa486859
2026-09-30 17:20:29,519|opType: publish | rt: 2ms | status: success | requestIp: null | dataId: resource_config_MEMORY__md.json | group: agentspec__enc.726563727569746d656e742d7370656369616c697374__enc.302e302e31 | tenant: public | md5: e4fae313f1ecfddcb01716b4b34480e0
2026-09-30 17:20:29,519|opType: publish | rt: 2ms | status: success | requestIp: null | dataId: manifest.json | group: agentspec__enc.7265706f72742d646973747269627574696f6e2d6167656e74__enc.302e302e31 | tenant: public | md5: 9cf6477dd45968db9ac3506b85b21fbd
2026-09-30 17:20:29,519|opType: publish | rt: 1ms | status: success | requestIp: null | dataId: resource_crons_jobs__json.json | group: agentspec__enc.7265706f72742d646973747269627574696f6e2d6167656e74__enc.302e302e31 | tenant: public | md5: b6d5113a613cee6a5f998ac4cc5d164a
2026-09-30 17:20:29,520|opType: publish | rt: 2ms | status: success | requestIp: null | dataId: resource_config_IDENTITY__md.json | group: agentspec__enc.7265706f72742d646973747269627574696f6e2d6167656e74__enc.302e302e31 | tenant: public | md5: 81b14b7ae97d67ba4e6eb291a3508482
2026-09-30 17:20:29,521|opType: publish | rt: 2ms | status: success | requestIp: null | dataId: resource_tool-analysis_tool-analysis__json.json | group: agentspec__enc.7265706f72742d646973747269627574696f6e2d6167656e74__enc.302e302e31 | tenant: public | md5: 0ca2c59268ae9d34a3fea9c590f3964c
2026-09-30 17:20:29,524|opType: publish | rt: 3ms | status: success | requestIp: null | dataId: resource_config_AGENTS__md.json | group: agentspec__enc.7265706f72742d646973747269627574696f6e2d6167656e74__enc.302e302e31 | tenant: public | md5: db441849861dde62e1bacd7f0ffe6f5b
2026-09-30 17:20:29,525|opType: publish | rt: 2ms | status: success | requestIp: null | dataId: resource_config_SOUL__md.json | group: agentspec__enc.7265706f72742d646973747269627574696f6e2d6167656e74__enc.302e302e31 | tenant: public | md5: cbd64b47ef8daadc804db00cdd49e369
2026-09-30 17:20:29,525|opType: publish | rt: 3ms | status: success | requestIp: null | dataId: resource_config_MEMORY__md.json | group: agentspec__enc.7265706f72742d646973747269627574696f6e2d6167656e74__enc.302e302e31 | tenant: public | md5: 51f7eaa384f3b65a1e9cd22c418d811d
2026-09-30 17:20:29,525|opType: publish | rt: 1ms | status: success | requestIp: null | dataId: manifest.json | group: agentspec__enc.726f626c6f782d6176617461722d63726561746f72__enc.302e302e31 | tenant: public | md5: c670f1363e629d2cb26f868c8dc18d85
2026-09-30 17:20:29,527|opType: publish | rt: 2ms | status: success | requestIp: null | dataId: resource_crons_jobs__json.json | group: agentspec__enc.726f626c6f782d6176617461722d63726561746f72__enc.302e302e31 | tenant: public | md5: b42c25b6288213e9246f45db8edfc1f6
2026-09-30 17:20:29,528|opType: publish | rt: 2ms | status: success | requestIp: null | dataId: skill_index.json | group: skill_p-video | tenant: public | md5: a954ba25a6022882637d1312aa486859
2026-09-30 17:20:29,528|opType: publish | rt: 2ms | status: success | requestIp: null | dataId: SKILL.md | group: skill_enc.70697463682d6465636b2d76697375616c73__enc.302e302e31 | tenant: public | md5: 93d538292b645783a283a89ede43ff23
2026-09-30 17:20:29,528|opType: publish | rt: 1ms | status: success | requestIp: null | dataId: skill_index.json | group: skill_og-image-design | tenant: public | md5: a954ba25a6022882637d1312aa486859
2026-09-30 17:20:29,529|opType: publish | rt: 2ms | status: success | requestIp: null | dataId: skill_index.json | group: skill_p-image | tenant: public | md5: a954ba25a6022882637d1312aa486859
2026-09-30 17:20:29,732|opType: publish | rt: 4ms | status: success | requestIp: null | dataId: resource_tool-analysis_tool-analysis__json.json | group: agentspec__enc.726f626c6f782d6176617461722d63726561746f72__enc.302e302e31 | tenant: public | md5: 4f6f4d8a486ddd840cba91fe21b4005a
2026-09-30 17:20:29,732|opType: publish | rt: 3ms | status: success | requestIp: null | dataId: resource_config_SOUL__md.json | group: agentspec__enc.726f626c6f782d6176617461722d63726561746f72__enc.302e302e31 | tenant: public | md5: 6f7b76eb1dbc56c5aa8291afd90fcf15
2026-09-30 17:20:29,738|opType: publish | rt: 6ms | status: success | requestIp: null | dataId: resource_config_IDENTITY__md.json | group: agentspec__enc.726f626c6f782d6176617461722d63726561746f72__enc.302e302e31 | tenant: public | md5: 1a1ff1296f1799679dc7861d39dfe8f1
2026-09-30 17:20:29,738|opType: publish | rt: 4ms | status: success | requestIp: null | dataId: resource_config_MEMORY__md.json | group: agentspec__enc.726f626c6f782d6176617461722d63726561746f72__enc.302e302e31 | tenant: public | md5: 316b49ac80c8f806baf8dbeb338a3a9a
2026-09-30 17:20:29,740|opType: publish | rt: 8ms | status: success | requestIp: null | dataId: resource_config_AGENTS__md.json | group: agentspec__enc.726f626c6f782d6176617461722d63726561746f72__enc.302e302e31 | tenant: public | md5: af73d085f352515490c8e9918b273295
2026-09-30 17:20:29,740|opType: publish | rt: 4ms | status: success | requestIp: null | dataId: manifest.json | group: agentspec__enc.726f626c6f782d657870657269656e63652d64657369676e6572__enc.302e302e31 | tenant: public | md5: 7c51fc09b1aa2d95476b4c474bdce920
2026-09-30 17:20:29,740|opType: publish | rt: 3ms | status: success | requestIp: null | dataId: resource_tool-analysis_tool-analysis__json.json | group: agentspec__enc.726f626c6f782d657870657269656e63652d64657369676e6572__enc.302e302e31 | tenant: public | md5: 6625bfe1b1234f5e33177730dc4b5612
2026-09-30 17:20:29,742|opType: publish | rt: 2ms | status: success | requestIp: null | dataId: resource_crons_jobs__json.json | group: agentspec__enc.726f626c6f782d657870657269656e63652d64657369676e6572__enc.302e302e31 | tenant: public | md5: a978580803746979d2a2d6e871ebdeba
2026-09-30 17:20:29,742|opType: publish | rt: 2ms | status: success | requestIp: null | dataId: resource_config_IDENTITY__md.json | group: agentspec__enc.726f626c6f782d657870657269656e63652d64657369676e6572__enc.302e302e31 | tenant: public | md5: c37ede7976a9bd1bdf15d22c2d52a705
2026-09-30 17:20:29,743|opType: publish | rt: 2ms | status: success | requestIp: null | dataId: resource_config_AGENTS__md.json | group: agentspec__enc.726f626c6f782d657870657269656e63652d64657369676e6572__enc.302e302e31 | tenant: public | md5: afde65a795a17f498d7b60c5c9bf5291
2026-09-30 17:20:29,744|opType: publish | rt: 3ms | status: success | requestIp: null | dataId: skill_index.json | group: skill_pitch-deck-visuals | tenant: public | md5: a954ba25a6022882637d1312aa486859
2026-09-30 17:20:29,745|opType: publish | rt: 3ms | status: success | requestIp: null | dataId: SKILL.md | group: skill_enc.70726f647563742d6368616e67656c6f67__enc.302e302e31 | tenant: public | md5: 932ebff5ace958015fa12f9de5f78307
2026-09-30 17:20:29,746|opType: publish | rt: 3ms | status: success | requestIp: null | dataId: SKILL.md | group: skill_enc.70726573732d72656c656173652d77726974696e67__enc.302e302e31 | tenant: public | md5: 3ecd6eab5610f77c8c16d8f63445e04c
2026-09-30 17:20:29,746|opType: publish | rt: 3ms | status: success | requestIp: null | dataId: SKILL.md | group: skill_enc.70726f647563742d68756e742d6c61756e6368__enc.302e302e31 | tenant: public | md5: 908edb6cb1f041007c49d151154090fb
2026-09-30 17:20:29,947|opType: publish | rt: 4ms | status: success | requestIp: null | dataId: resource_config_SOUL__md.json | group: agentspec__enc.726f626c6f782d657870657269656e63652d64657369676e6572__enc.302e302e31 | tenant: public | md5: 19ba8ac011dd06d332d36b4f82f94162
2026-09-30 17:20:29,948|opType: publish | rt: 3ms | status: success | requestIp: null | dataId: resource_config_MEMORY__md.json | group: agentspec__enc.726f626c6f782d657870657269656e63652d64657369676e6572__enc.302e302e31 | tenant: public | md5: 515c4481968b4671137fa107fffc282c
2026-09-30 17:20:29,949|opType: publish | rt: 3ms | status: success | requestIp: null | dataId: resource_crons_jobs__json.json | group: agentspec__enc.73616c65732d6163636f756e742d73747261746567697374__enc.302e302e31 | tenant: public | md5: a1839316ee1e46efcfd0ec16ec4575f1
2026-09-30 17:20:29,951|opType: publish | rt: 4ms | status: success | requestIp: null | dataId: manifest.json | group: agentspec__enc.73616c65732d6163636f756e742d73747261746567697374__enc.302e302e31 | tenant: public | md5: 298eb40ac7f6aee9fe169a1e2f3170f1
2026-09-30 17:20:29,951|opType: publish | rt: 3ms | status: success | requestIp: null | dataId: resource_tool-analysis_tool-analysis__json.json | group: agentspec__enc.73616c65732d6163636f756e742d73747261746567697374__enc.302e302e31 | tenant: public | md5: a5b4ddc1b91d69fed4f501cedc3467e6
2026-09-30 17:20:29,952|opType: publish | rt: 3ms | status: success | requestIp: null | dataId: resource_config_IDENTITY__md.json | group: agentspec__enc.73616c65732d6163636f756e742d73747261746567697374__enc.302e302e31 | tenant: public | md5: ca09f25276be440139e2faf371e90ff3
2026-09-30 17:20:29,953|opType: publish | rt: 3ms | status: success | requestIp: null | dataId: resource_config_AGENTS__md.json | group: agentspec__enc.73616c65732d6163636f756e742d73747261746567697374__enc.302e302e31 | tenant: public | md5: 8a55e826f680f77156e3e4ee2a140b17
2026-09-30 17:20:29,955|opType: publish | rt: 3ms | status: success | requestIp: null | dataId: resource_config_MEMORY__md.json | group: agentspec__enc.73616c65732d6163636f756e742d73747261746567697374__enc.302e302e31 | tenant: public | md5: 0cf98959d28302debff8c26950671bb8
2026-09-30 17:20:29,955|opType: publish | rt: 3ms | status: success | requestIp: null | dataId: resource_config_SOUL__md.json | group: agentspec__enc.73616c65732d6163636f756e742d73747261746567697374__enc.302e302e31 | tenant: public | md5: b6debeddda6ef78340217c43631cc91f
2026-09-30 17:20:29,955|opType: publish | rt: 4ms | status: success | requestIp: null | dataId: SKILL.md | group: skill_enc.70726f647563742d70686f746f677261706879__enc.302e302e31 | tenant: public | md5: f162dec04391dea867e922e6976666a9
2026-09-30 17:20:29,956|opType: publish | rt: 3ms | status: success | requestIp: null | dataId: manifest.json | group: agentspec__enc.726f626c6f782d73797374656d732d7363726970746572__enc.302e302e31 | tenant: public | md5: dd0356f99841903583c4fafbf8f3212c
2026-09-30 17:20:29,957|opType: publish | rt: 3ms | status: success | requestIp: null | dataId: skill_index.json | group: skill_press-release-writing | tenant: public | md5: a954ba25a6022882637d1312aa486859
2026-09-30 17:20:29,957|opType: publish | rt: 2ms | status: success | requestIp: null | dataId: skill_index.json | group: skill_product-changelog | tenant: public | md5: a954ba25a6022882637d1312aa486859
2026-09-30 17:20:29,957|opType: publish | rt: 2ms | status: success | requestIp: null | dataId: skill_index.json | group: skill_product-hunt-launch | tenant: public | md5: a954ba25a6022882637d1312aa486859
2026-09-30 17:20:30,156|opType: publish | rt: 3ms | status: success | requestIp: null | dataId: resource_crons_jobs__json.json | group: agentspec__enc.726f626c6f782d73797374656d732d7363726970746572__enc.302e302e31 | tenant: public | md5: a1839316ee1e46efcfd0ec16ec4575f1
2026-09-30 17:20:30,158|opType: publish | rt: 3ms | status: success | requestIp: null | dataId: resource_config_IDENTITY__md.json | group: agentspec__enc.726f626c6f782d73797374656d732d7363726970746572__enc.302e302e31 | tenant: public | md5: 82e7aada749ceea4b57cc5572795969e
2026-09-30 17:20:30,159|opType: publish | rt: 2ms | status: success | requestIp: null | dataId: resource_tool-analysis_tool-analysis__json.json | group: agentspec__enc.726f626c6f782d73797374656d732d7363726970746572__enc.302e302e31 | tenant: public | md5: a5b4ddc1b91d69fed4f501cedc3467e6
2026-09-30 17:20:30,160|opType: publish | rt: 3ms | status: success | requestIp: null | dataId: resource_config_AGENTS__md.json | group: agentspec__enc.726f626c6f782d73797374656d732d7363726970746572__enc.302e302e31 | tenant: public | md5: c1e35c8442c707312c77839aea4cc2c2
2026-09-30 17:20:30,160|opType: publish | rt: 2ms | status: success | requestIp: null | dataId: resource_config_SOUL__md.json | group: agentspec__enc.726f626c6f782d73797374656d732d7363726970746572__enc.302e302e31 | tenant: public | md5: b72b20f5d37d58558e6c24fa8bd8e1bb
2026-09-30 17:20:30,161|opType: publish | rt: 2ms | status: success | requestIp: null | dataId: resource_config_MEMORY__md.json | group: agentspec__enc.726f626c6f782d73797374656d732d7363726970746572__enc.302e302e31 | tenant: public | md5: 0cf98959d28302debff8c26950671bb8
2026-09-30 17:20:30,162|opType: publish | rt: 2ms | status: success | requestIp: null | dataId: manifest.json | group: agentspec__enc.73616c65732d636f616368__enc.302e302e31 | tenant: public | md5: fd1d8e82472dd5f9ecfb96decd7b0db7
2026-09-30 17:20:30,162|opType: publish | rt: 1ms | status: success | requestIp: null | dataId: resource_config_IDENTITY__md.json | group: agentspec__enc.73616c65732d636f616368__enc.302e302e31 | tenant: public | md5: 20b81d2eb7f56e6bc365498946b59ffe
2026-09-30 17:20:30,163|opType: publish | rt: 2ms | status: success | requestIp: null | dataId: resource_crons_jobs__json.json | group: agentspec__enc.73616c65732d636f616368__enc.302e302e31 | tenant: public | md5: 0b4b9d5f4443bbc36cad939215ac0c70
2026-09-30 17:20:30,164|opType: publish | rt: 2ms | status: success | requestIp: null | dataId: resource_tool-analysis_tool-analysis__json.json | group: agentspec__enc.73616c65732d636f616368__enc.302e302e31 | tenant: public | md5: 27d8770521fab7d47ef2a489fff46279
2026-09-30 17:20:30,165|opType: publish | rt: 2ms | status: success | requestIp: null | dataId: skill_index.json | group: skill_product-photography | tenant: public | md5: a954ba25a6022882637d1312aa486859
2026-09-30 17:20:30,165|opType: publish | rt: 2ms | status: success | requestIp: null | dataId: SKILL.md | group: skill_enc.70726f6d70742d656e67696e656572696e67__enc.302e302e31 | tenant: public | md5: 319e837f5766ef7ddc6a664200b8c794
2026-09-30 17:20:30,165|opType: publish | rt: 2ms | status: success | requestIp: null | dataId: SKILL.md | group: skill_enc.707974686f6e2d6578656375746f72__enc.302e302e31 | tenant: public | md5: 639f89c6d8704b76c29bd47683052f81
2026-09-30 17:20:30,166|opType: publish | rt: 2ms | status: success | requestIp: null | dataId: SKILL.md | group: skill_enc.707974686f6e2d73646b__enc.302e302e31 | tenant: public | md5: 979c3ad1c26f83506c3bae164374ed5f
2026-09-30 17:20:30,167|opType: publish | rt: 3ms | status: success | requestIp: null | dataId: enc.7265666572656e6365732f6167656e742d7061747465726e732e6d64 | group: skill_enc.707974686f6e2d73646b__enc.302e302e31 | tenant: public | md5: de5a4508c3d3aa59debb4dcdc324d7c2
2026-09-30 17:20:30,168|opType: publish | rt: 3ms | status: success | requestIp: null | dataId: enc.7265666572656e6365732f66696c65732e6d64 | group: skill_enc.707974686f6e2d73646b__enc.302e302e31 | tenant: public | md5: 152508beebc75fd185d774a9d39d8cdb
2026-09-30 17:20:30,168|opType: publish | rt: 3ms | status: success | requestIp: null | dataId: enc.7265666572656e6365732f73657373696f6e732e6d64 | group: skill_enc.707974686f6e2d73646b__enc.302e302e31 | tenant: public | md5: e90d7169b6ecf884459a76ce28e72caf
2026-09-30 17:20:30,168|opType: publish | rt: 2ms | status: success | requestIp: null | dataId: enc.7265666572656e6365732f746f6f6c2d6275696c6465722e6d64 | group: skill_enc.707974686f6e2d73646b__enc.302e302e31 | tenant: public | md5: b98d081c424aafde836b63cdf640ed4f
2026-09-30 17:20:30,168|opType: publish | rt: 2ms | status: success | requestIp: null | dataId: enc.7265666572656e6365732f6173796e632d7061747465726e732e6d64 | group: skill_enc.707974686f6e2d73646b__enc.302e302e31 | tenant: public | md5: ac0f180ce6c86f9a5f90165a568579fc
2026-09-30 17:20:30,169|opType: publish | rt: 2ms | status: success | requestIp: null | dataId: enc.7265666572656e6365732f73747265616d696e672e6d64 | group: skill_enc.707974686f6e2d73646b__enc.302e302e31 | tenant: public | md5: bff63bb4b67403ce9d04add732cf5258
2026-09-30 17:20:30,377|opType: publish | rt: 10ms | status: success | requestIp: null | dataId: resource_config_SOUL__md.json | group: agentspec__enc.73616c65732d636f616368__enc.302e302e31 | tenant: public | md5: 91634287e59d1c08381b13e24e8f68d1
2026-09-30 17:20:30,377|opType: publish | rt: 10ms | status: success | requestIp: null | dataId: manifest.json | group: agentspec__enc.73616c65732d646174612d65787472616374696f6e2d6167656e74__enc.302e302e31 | tenant: public | md5: 44f918ad6873f2b936824fa52f012dec
2026-09-30 17:20:30,379|opType: publish | rt: 3ms | status: success | requestIp: null | dataId: resource_config_AGENTS__md.json | group: agentspec__enc.73616c65732d636f616368__enc.302e302e31 | tenant: public | md5: 21b3ae54ec476ec8512464a99c403d12
2026-09-30 17:20:30,379|opType: publish | rt: 2ms | status: success | requestIp: null | dataId: resource_config_MEMORY__md.json | group: agentspec__enc.73616c65732d636f616368__enc.302e302e31 | tenant: public | md5: 1e404d83d303af4e876e02b938388cb7
2026-09-30 17:20:30,379|opType: publish | rt: 2ms | status: success | requestIp: null | dataId: resource_config_SOUL__md.json | group: agentspec__enc.73616c65732d646174612d65787472616374696f6e2d6167656e74__enc.302e302e31 | tenant: public | md5: 8380d82d8e4f54e6339432288623e1d7
2026-09-30 17:20:30,380|opType: publish | rt: 2ms | status: success | requestIp: null | dataId: resource_crons_jobs__json.json | group: agentspec__enc.73616c65732d646174612d65787472616374696f6e2d6167656e74__enc.302e302e31 | tenant: public | md5: c3f03201d803c7f34e812e4a1268fb6f
2026-09-30 17:20:30,381|opType: publish | rt: 2ms | status: success | requestIp: null | dataId: resource_config_IDENTITY__md.json | group: agentspec__enc.73616c65732d646174612d65787472616374696f6e2d6167656e74__enc.302e302e31 | tenant: public | md5: 3df9fe586c92e6e4949dd2034fe60a0e
2026-09-30 17:20:30,382|opType: publish | rt: 3ms | status: success | requestIp: null | dataId: resource_tool-analysis_tool-analysis__json.json | group: agentspec__enc.73616c65732d646174612d65787472616374696f6e2d6167656e74__enc.302e302e31 | tenant: public | md5: c82b292f8228206f222480c6cb74f2ff
2026-09-30 17:20:30,382|opType: publish | rt: 2ms | status: success | requestIp: null | dataId: resource_config_AGENTS__md.json | group: agentspec__enc.73616c65732d646174612d65787472616374696f6e2d6167656e74__enc.302e302e31 | tenant: public | md5: ab0e2ced5c82c1aabe294d66a99c4318
2026-09-30 17:20:30,383|opType: publish | rt: 2ms | status: success | requestIp: null | dataId: skill_index.json | group: skill_python-executor | tenant: public | md5: a954ba25a6022882637d1312aa486859
2026-09-30 17:20:30,383|opType: publish | rt: 2ms | status: success | requestIp: null | dataId: resource_config_MEMORY__md.json | group: agentspec__enc.73616c65732d646174612d65787472616374696f6e2d6167656e74__enc.302e302e31 | tenant: public | md5: c5b17b5f1c8e891a1b0a91d9b59ba55c
2026-09-30 17:20:30,383|opType: publish | rt: 1ms | status: success | requestIp: null | dataId: SKILL.md | group: skill_enc.7177656e2d696d6167652d32__enc.302e302e31 | tenant: public | md5: 9831b25a4945d328f1e15ac05a9d0fd2
2026-09-30 17:20:30,384|opType: publish | rt: 2ms | status: success | requestIp: null | dataId: skill_index.json | group: skill_prompt-engineering | tenant: public | md5: a954ba25a6022882637d1312aa486859
2026-09-30 17:20:30,384|opType: publish | rt: 1ms | status: success | requestIp: null | dataId: skill_index.json | group: skill_python-sdk | tenant: public | md5: 2b785075509cd5cad9535c985aa3fd61
2026-09-30 17:20:30,595|opType: publish | rt: 4ms | status: success | requestIp: null | dataId: manifest.json | group: agentspec__enc.73616c65732d6465616c2d73747261746567697374__enc.302e302e31 | tenant: public | md5: dfa8aff1c5b83a0a7b2cde39778facba
2026-09-30 17:20:30,595|opType: publish | rt: 3ms | status: success | requestIp: null | dataId: resource_config_IDENTITY__md.json | group: agentspec__enc.73616c65732d6465616c2d73747261746567697374__enc.302e302e31 | tenant: public | md5: cb86fe87b94cae5c3c4151ec27011fa6
2026-09-30 17:20:30,597|opType: publish | rt: 3ms | status: success | requestIp: null | dataId: resource_crons_jobs__json.json | group: agentspec__enc.73616c65732d6465616c2d73747261746567697374__enc.302e302e31 | tenant: public | md5: 3b0f731cd6c2ccf99c74b290491ef02e
2026-09-30 17:20:30,597|opType: publish | rt: 2ms | status: success | requestIp: null | dataId: resource_tool-analysis_tool-analysis__json.json | group: agentspec__enc.73616c65732d6465616c2d73747261746567697374__enc.302e302e31 | tenant: public | md5: 6a75a4dbfdb8ba8577bab0007495b349
2026-09-30 17:20:30,598|opType: publish | rt: 3ms | status: success | requestIp: null | dataId: resource_crons_jobs__json.json | group: agentspec__enc.73616c65732d646973636f766572792d636f616368__enc.302e302e31 | tenant: public | md5: fa2da640f368ac485c23cfeee603a871
2026-09-30 17:20:30,598|opType: publish | rt: 3ms | status: success | requestIp: null | dataId: manifest.json | group: agentspec__enc.73616c65732d646973636f766572792d636f616368__enc.302e302e31 | tenant: public | md5: f323edc7cf4829960dc72d7d001675c5
2026-09-30 17:20:30,599|opType: publish | rt: 3ms | status: success | requestIp: null | dataId: resource_config_IDENTITY__md.json | group: agentspec__enc.73616c65732d646973636f766572792d636f616368__enc.302e302e31 | tenant: public | md5: 14391b8ebbcd6b0921d93a1899879754
2026-09-30 17:20:30,599|opType: publish | rt: 3ms | status: success | requestIp: null | dataId: resource_config_AGENTS__md.json | group: agentspec__enc.73616c65732d6465616c2d73747261746567697374__enc.302e302e31 | tenant: public | md5: 4d75c31c7ecd2570bb881023602541b5
2026-09-30 17:20:30,600|opType: publish | rt: 3ms | status: success | requestIp: null | dataId: resource_config_MEMORY__md.json | group: agentspec__enc.73616c65732d6465616c2d73747261746567697374__enc.302e302e31 | tenant: public | md5: 1928867d05e89cec1eec44acb9ea51de
2026-09-30 17:20:30,600|opType: publish | rt: 3ms | status: success | requestIp: null | dataId: resource_config_SOUL__md.json | group: agentspec__enc.73616c65732d6465616c2d73747261746567697374__enc.302e302e31 | tenant: public | md5: 7d85772e3b5ea8193126b2c539a31c3e
2026-09-30 17:20:30,600|opType: publish | rt: 2ms | status: success | requestIp: null | dataId: SKILL.md | group: skill_enc.7177656e2d696d6167652d322d70726f__enc.302e302e31 | tenant: public | md5: dbda7bc12f15c39053dfdad54cf7c0d9
2026-09-30 17:20:30,601|opType: publish | rt: 2ms | status: success | requestIp: null | dataId: SKILL.md | group: skill_enc.72656c617465642d736b696c6c__enc.302e302e31 | tenant: public | md5: a9be7c18202003a6e4fbac9338d1be28
2026-09-30 17:20:30,601|opType: publish | rt: 2ms | status: success | requestIp: null | dataId: skill_index.json | group: skill_qwen-image-2 | tenant: public | md5: a954ba25a6022882637d1312aa486859
2026-09-30 17:20:30,602|opType: publish | rt: 2ms | status: success | requestIp: null | dataId: SKILL.md | group: skill_enc.72656d6f74696f6e2d72656e646572__enc.302e302e31 | tenant: public | md5: 12175d08b9746a3516747936a75933f4
2026-09-30 17:20:30,806|opType: publish | rt: 3ms | status: success | requestIp: null | dataId: resource_tool-analysis_tool-analysis__json.json | group: agentspec__enc.73616c65732d646973636f766572792d636f616368__enc.302e302e31 | tenant: public | md5: d0714af901ae05d9e04a6c82a433615c
2026-09-30 17:20:30,807|opType: publish | rt: 6ms | status: success | requestIp: null | dataId: resource_config_AGENTS__md.json | group: agentspec__enc.73616c65732d646973636f766572792d636f616368__enc.302e302e31 | tenant: public | md5: 4947a72c1c999bcd4bed963db276a313
2026-09-30 17:20:30,808|opType: publish | rt: 3ms | status: success | requestIp: null | dataId: resource_config_SOUL__md.json | group: agentspec__enc.73616c65732d646973636f766572792d636f616368__enc.302e302e31 | tenant: public | md5: 3dfa53d91aa52c03a32be572dc56b3a2
2026-09-30 17:20:30,809|opType: publish | rt: 3ms | status: success | requestIp: null | dataId: resource_crons_jobs__json.json | group: agentspec__enc.73616c65732d656e67696e656572__enc.302e302e31 | tenant: public | md5: fafe36d7fd64e2259f72f2fa061266c5
2026-09-30 17:20:30,811|opType: publish | rt: 3ms | status: success | requestIp: null | dataId: resource_config_IDENTITY__md.json | group: agentspec__enc.73616c65732d656e67696e656572__enc.302e302e31 | tenant: public | md5: cc8efde7d631e82c80384571eb60720c
2026-09-30 17:20:30,811|opType: publish | rt: 2ms | status: success | requestIp: null | dataId: resource_config_MEMORY__md.json | group: agentspec__enc.73616c65732d646973636f766572792d636f616368__enc.302e302e31 | tenant: public | md5: 9b76a144c519a567a3aa03d653fd6cf5
2026-09-30 17:20:30,812|opType: publish | rt: 3ms | status: success | requestIp: null | dataId: manifest.json | group: agentspec__enc.73616c65732d656e67696e656572__enc.302e302e31 | tenant: public | md5: b24d4a5c9adb21d1a988fb43234ba4dd
2026-09-30 17:20:30,813|opType: publish | rt: 3ms | status: success | requestIp: null | dataId: resource_tool-analysis_tool-analysis__json.json | group: agentspec__enc.73616c65732d656e67696e656572__enc.302e302e31 | tenant: public | md5: daf8f57a5132e6975d43ecd63a4bda0f
2026-09-30 17:20:30,814|opType: publish | rt: 4ms | status: success | requestIp: null | dataId: resource_config_AGENTS__md.json | group: agentspec__enc.73616c65732d656e67696e656572__enc.302e302e31 | tenant: public | md5: 0b510b9e917ebe8c3b1ca3c6d6e09175
2026-09-30 17:20:30,814|opType: publish | rt: 3ms | status: success | requestIp: null | dataId: resource_config_SOUL__md.json | group: agentspec__enc.73616c65732d656e67696e656572__enc.302e302e31 | tenant: public | md5: 50fd1907abb203ebae000aa8604d99ff
2026-09-30 17:20:30,814|opType: publish | rt: 2ms | status: success | requestIp: null | dataId: skill_index.json | group: skill_remotion-render | tenant: public | md5: a954ba25a6022882637d1312aa486859
2026-09-30 17:20:30,815|opType: publish | rt: 2ms | status: success | requestIp: null | dataId: skill_index.json | group: skill_related-skill | tenant: public | md5: a954ba25a6022882637d1312aa486859
2026-09-30 17:20:30,815|opType: publish | rt: 3ms | status: success | requestIp: null | dataId: SKILL.md | group: skill_enc.73656f2d636f6e74656e742d6272696566__enc.302e302e31 | tenant: public | md5: 05cf45909af7a24fc5c9140b556f6fb3
2026-09-30 17:20:30,816|opType: publish | rt: 2ms | status: success | requestIp: null | dataId: skill_index.json | group: skill_qwen-image-2-pro | tenant: public | md5: a954ba25a6022882637d1312aa486859
2026-09-30 17:20:31,014|opType: publish | rt: 2ms | status: success | requestIp: null | dataId: manifest.json | group: agentspec__enc.73616c65732d6f7574626f756e642d73747261746567697374__enc.302e302e31 | tenant: public | md5: 88ec8f49fdd4752cc14a3ec52e9c5b49
2026-09-30 17:20:31,014|opType: publish | rt: 2ms | status: success | requestIp: null | dataId: resource_config_MEMORY__md.json | group: agentspec__enc.73616c65732d656e67696e656572__enc.302e302e31 | tenant: public | md5: 275072122b71c17442c582351d25278d
2026-09-30 17:20:31,016|opType: publish | rt: 3ms | status: success | requestIp: null | dataId: resource_crons_jobs__json.json | group: agentspec__enc.73616c65732d6f7574626f756e642d73747261746567697374__enc.302e302e31 | tenant: public | md5: 3ce5bd8502251b4d5cf75072526d6c88
2026-09-30 17:20:31,017|opType: publish | rt: 2ms | status: success | requestIp: null | dataId: resource_config_IDENTITY__md.json | group: agentspec__enc.73616c65732d6f7574626f756e642d73747261746567697374__enc.302e302e31 | tenant: public | md5: e8bec20a2fe26626dfe5fe406c22ea59
2026-09-30 17:20:31,020|opType: publish | rt: 2ms | status: success | requestIp: null | dataId: resource_tool-analysis_tool-analysis__json.json | group: agentspec__enc.73616c65732d6f7574626f756e642d73747261746567697374__enc.302e302e31 | tenant: public | md5: 3c21a34b53d5ae8869042862999fb6be
2026-09-30 17:20:31,021|opType: publish | rt: 2ms | status: success | requestIp: null | dataId: resource_config_SOUL__md.json | group: agentspec__enc.73616c65732d6f7574626f756e642d73747261746567697374__enc.302e302e31 | tenant: public | md5: 6062d9fe9cef836a61da9b6f2731fbd6
2026-09-30 17:20:31,021|opType: publish | rt: 2ms | status: success | requestIp: null | dataId: resource_config_MEMORY__md.json | group: agentspec__enc.73616c65732d6f7574626f756e642d73747261746567697374__enc.302e302e31 | tenant: public | md5: 639ab2ebc0eb18d3c3cff37cb3ec5aa9
2026-09-30 17:20:31,023|opType: publish | rt: 3ms | status: success | requestIp: null | dataId: resource_config_AGENTS__md.json | group: agentspec__enc.73616c65732d6f7574626f756e642d73747261746567697374__enc.302e302e31 | tenant: public | md5: b007e422cc8843b94c1a03b3ea301466
2026-09-30 17:20:31,023|opType: publish | rt: 2ms | status: success | requestIp: null | dataId: manifest.json | group: agentspec__enc.73616c65732d706970656c696e652d616e616c797374__enc.302e302e31 | tenant: public | md5: 7e9aab3706b07901fa931fee030c6a0a
2026-09-30 17:20:31,024|opType: publish | rt: 2ms | status: success | requestIp: null | dataId: SKILL.md | group: skill_enc.7370656563682d746f2d74657874__enc.302e302e31 | tenant: public | md5: 2996a918aa7577a758b988c3453e9458
2026-09-30 17:20:31,024|opType: publish | rt: 1ms | status: success | requestIp: null | dataId: resource_crons_jobs__json.json | group: agentspec__enc.73616c65732d706970656c696e652d616e616c797374__enc.302e302e31 | tenant: public | md5: e79c3f7b35035ffc3b39548dc080e379
2026-09-30 17:20:31,025|opType: publish | rt: 4ms | status: success | requestIp: null | dataId: SKILL.md | group: skill_enc.736f6369616c2d6d656469612d6361726f7573656c__enc.302e302e31 | tenant: public | md5: 098fc9bcf174145ea30b6df9b6fed58b
2026-09-30 17:20:31,026|opType: publish | rt: 2ms | status: success | requestIp: null | dataId: SKILL.md | group: skill_enc.73746f7279626f6172642d6372656174696f6e__enc.302e302e31 | tenant: public | md5: 41eaddc49f979a2b33f194a73a79d27c
2026-09-30 17:20:31,026|opType: publish | rt: 2ms | status: success | requestIp: null | dataId: skill_index.json | group: skill_seo-content-brief | tenant: public | md5: a954ba25a6022882637d1312aa486859
2026-09-30 17:20:31,231|opType: publish | rt: 3ms | status: success | requestIp: null | dataId: resource_config_IDENTITY__md.json | group: agentspec__enc.73616c65732d706970656c696e652d616e616c797374__enc.302e302e31 | tenant: public | md5: 26fafaa1a5ffad185e1b9ad527f520da
2026-09-30 17:20:31,232|opType: publish | rt: 4ms | status: success | requestIp: null | dataId: resource_tool-analysis_tool-analysis__json.json | group: agentspec__enc.73616c65732d706970656c696e652d616e616c797374__enc.302e302e31 | tenant: public | md5: a84dc1479688b64a892d35c37de8552f
2026-09-30 17:20:31,236|opType: publish | rt: 4ms | status: success | requestIp: null | dataId: manifest.json | group: agentspec__enc.73616c65732d70726f706f73616c2d73747261746567697374__enc.302e302e31 | tenant: public | md5: 9af3af792c25dc9ffb33e31276e6855c
2026-09-30 17:20:31,236|opType: publish | rt: 4ms | status: success | requestIp: null | dataId: resource_config_AGENTS__md.json | group: agentspec__enc.73616c65732d706970656c696e652d616e616c797374__enc.302e302e31 | tenant: public | md5: a47fd0ac6496fd86ceb3ecc4c22f8d15
2026-09-30 17:20:31,237|opType: publish | rt: 4ms | status: success | requestIp: null | dataId: resource_tool-analysis_tool-analysis__json.json | group: agentspec__enc.73616c65732d70726f706f73616c2d73747261746567697374__enc.302e302e31 | tenant: public | md5: 74e61c7866e83fc376cee9f5c1e13257
2026-09-30 17:20:31,237|opType: publish | rt: 4ms | status: success | requestIp: null | dataId: resource_config_MEMORY__md.json | group: agentspec__enc.73616c65732d706970656c696e652d616e616c797374__enc.302e302e31 | tenant: public | md5: 186b3720155221801781cbf4a933a814
2026-09-30 17:20:31,238|opType: publish | rt: 2ms | status: success | requestIp: null | dataId: resource_crons_jobs__json.json | group: agentspec__enc.73616c65732d70726f706f73616c2d73747261746567697374__enc.302e302e31 | tenant: public | md5: f5e784ed7eabdbf64e3fe0c94d03c0ea
2026-09-30 17:20:31,238|opType: publish | rt: 3ms | status: success | requestIp: null | dataId: resource_config_SOUL__md.json | group: agentspec__enc.73616c65732d706970656c696e652d616e616c797374__enc.302e302e31 | tenant: public | md5: 6686f373f5b7c4d468666abf4eb3686a
2026-09-30 17:20:31,240|opType: publish | rt: 3ms | status: success | requestIp: null | dataId: SKILL.md | group: skill_enc.74616c6b696e672d686561642d70726f64756374696f6e__enc.302e302e31 | tenant: public | md5: 55fa070654fa9bfd113d7239cfe72136
2026-09-30 17:20:31,240|opType: publish | rt: 2ms | status: success | requestIp: null | dataId: resource_config_AGENTS__md.json | group: agentspec__enc.73616c65732d70726f706f73616c2d73747261746567697374__enc.302e302e31 | tenant: public | md5: 52fd5c421a108b9841601834325dfecd
2026-09-30 17:20:31,240|opType: publish | rt: 2ms | status: success | requestIp: null | dataId: resource_config_IDENTITY__md.json | group: agentspec__enc.73616c65732d70726f706f73616c2d73747261746567697374__enc.302e302e31 | tenant: public | md5: 7be522e70eaa905f0e5a8a642dfb31f5
2026-09-30 17:20:31,241|opType: publish | rt: 2ms | status: success | requestIp: null | dataId: skill_index.json | group: skill_speech-to-text | tenant: public | md5: a954ba25a6022882637d1312aa486859
2026-09-30 17:20:31,241|opType: publish | rt: 1ms | status: success | requestIp: null | dataId: skill_index.json | group: skill_storyboard-creation | tenant: public | md5: a954ba25a6022882637d1312aa486859
2026-09-30 17:20:31,242|opType: publish | rt: 2ms | status: success | requestIp: null | dataId: skill_index.json | group: skill_social-media-carousel | tenant: public | md5: a954ba25a6022882637d1312aa486859
2026-09-30 17:20:31,442|opType: publish | rt: 3ms | status: success | requestIp: null | dataId: resource_config_MEMORY__md.json | group: agentspec__enc.73616c65732d70726f706f73616c2d73747261746567697374__enc.302e302e31 | tenant: public | md5: 484dfcb6a29a1d5b6177f240966ba8a6
2026-09-30 17:20:31,446|opType: publish | rt: 4ms | status: success | requestIp: null | dataId: manifest.json | group: agentspec__enc.7370656369616c697a65642d61692d706f6c6963792d777269746572__enc.302e302e31 | tenant: public | md5: 36b08453b486b9349c92c2d0c822b6e9
2026-09-30 17:20:31,446|opType: publish | rt: 4ms | status: success | requestIp: null | dataId: resource_config_SOUL__md.json | group: agentspec__enc.73616c65732d70726f706f73616c2d73747261746567697374__enc.302e302e31 | tenant: public | md5: 034c65f00be6ca28dc22dd66111a1174
2026-09-30 17:20:31,447|opType: publish | rt: 4ms | status: success | requestIp: null | dataId: resource_crons_jobs__json.json | group: agentspec__enc.7370656369616c697a65642d61692d706f6c6963792d777269746572__enc.302e302e31 | tenant: public | md5: a174f612f18918387fda4c319e3123dd
2026-09-30 17:20:31,449|opType: publish | rt: 2ms | status: success | requestIp: null | dataId: resource_config_MEMORY__md.json | group: agentspec__enc.7370656369616c697a65642d61692d706f6c6963792d777269746572__enc.302e302e31 | tenant: public | md5: 81d91a038c9a4ec5e76ef72dec79c36d
2026-09-30 17:20:31,449|opType: publish | rt: 3ms | status: success | requestIp: null | dataId: resource_config_IDENTITY__md.json | group: agentspec__enc.7370656369616c697a65642d61692d706f6c6963792d777269746572__enc.302e302e31 | tenant: public | md5: c6ade503d01348c7259468a82917c51b
2026-09-30 17:20:31,450|opType: publish | rt: 3ms | status: success | requestIp: null | dataId: resource_tool-analysis_tool-analysis__json.json | group: agentspec__enc.7370656369616c697a65642d61692d706f6c6963792d777269746572__enc.302e302e31 | tenant: public | md5: c62c1b5d54fc4246672835d3367daec2
2026-09-30 17:20:31,450|opType: publish | rt: 3ms | status: success | requestIp: null | dataId: resource_config_SOUL__md.json | group: agentspec__enc.7370656369616c697a65642d61692d706f6c6963792d777269746572__enc.302e302e31 | tenant: public | md5: fc73ed46d5b850901a5fccbfe1cd3478
2026-09-30 17:20:31,451|opType: publish | rt: 3ms | status: success | requestIp: null | dataId: resource_config_AGENTS__md.json | group: agentspec__enc.7370656369616c697a65642d61692d706f6c6963792d777269746572__enc.302e302e31 | tenant: public | md5: 610de7e53555c09e0ed8206fa1a70ed7
2026-09-30 17:20:31,451|opType: publish | rt: 2ms | status: success | requestIp: null | dataId: manifest.json | group: agentspec__enc.7370656369616c697a65642d63756c747572616c2d696e74656c6c6967656e63652d73747261746567697374__enc.302e302e31 | tenant: public | md5: c7f4758570000519db74fe291cc8749a
2026-09-30 17:20:31,453|opType: publish | rt: 3ms | status: success | requestIp: null | dataId: skill_index.json | group: skill_talking-head-production | tenant: public | md5: a954ba25a6022882637d1312aa486859
2026-09-30 17:20:31,454|opType: publish | rt: 3ms | status: success | requestIp: null | dataId: SKILL.md | group: skill_enc.746563686e6963616c2d626c6f672d77726974696e67__enc.302e302e31 | tenant: public | md5: e836421bc342048a45ddb6924404974a
2026-09-30 17:20:31,454|opType: publish | rt: 2ms | status: success | requestIp: null | dataId: SKILL.md | group: skill_enc.746f6f6c732d7569__enc.302e302e31 | tenant: public | md5: 080264f1ec8841072b71d589ff7f4bea
2026-09-30 17:20:31,454|opType: publish | rt: 2ms | status: success | requestIp: null | dataId: SKILL.md | group: skill_enc.746578742d746f2d737065656368__enc.302e302e31 | tenant: public | md5: 335556cf18f7699a8ba8f5b050461afe
2026-09-30 17:20:31,661|opType: publish | rt: 2ms | status: success | requestIp: null | dataId: resource_crons_jobs__json.json | group: agentspec__enc.7370656369616c697a65642d63756c747572616c2d696e74656c6c6967656e63652d73747261746567697374__enc.302e302e31 | tenant: public | md5: 6d2c9cc856c4cd15d5dd3efb8c855a5c
2026-09-30 17:20:31,663|opType: publish | rt: 3ms | status: success | requestIp: null | dataId: resource_config_IDENTITY__md.json | group: agentspec__enc.7370656369616c697a65642d63756c747572616c2d696e74656c6c6967656e63652d73747261746567697374__enc.302e302e31 | tenant: public | md5: 54566873e22db145a7f797e383aaf0c8
2026-09-30 17:20:31,664|opType: publish | rt: 2ms | status: success | requestIp: null | dataId: resource_tool-analysis_tool-analysis__json.json | group: agentspec__enc.7370656369616c697a65642d63756c747572616c2d696e74656c6c6967656e63652d73747261746567697374__enc.302e302e31 | tenant: public | md5: 225b4e7218571e0f21ddd891e11ae5bf
2026-09-30 17:20:31,665|opType: publish | rt: 3ms | status: success | requestIp: null | dataId: resource_config_AGENTS__md.json | group: agentspec__enc.7370656369616c697a65642d63756c747572616c2d696e74656c6c6967656e63652d73747261746567697374__enc.302e302e31 | tenant: public | md5: 62151680d4f0732b8ca559a9c96e7bce
2026-09-30 17:20:31,665|opType: publish | rt: 2ms | status: success | requestIp: null | dataId: manifest.json | group: agentspec__enc.7370656369616c697a65642d646576656c6f7065722d6164766f63617465__enc.302e302e31 | tenant: public | md5: d9eb9ecc19cbc0859f201b20f15dd1f2
2026-09-30 17:20:31,666|opType: publish | rt: 3ms | status: success | requestIp: null | dataId: resource_config_SOUL__md.json | group: agentspec__enc.7370656369616c697a65642d63756c747572616c2d696e74656c6c6967656e63652d73747261746567697374__enc.302e302e31 | tenant: public | md5: 93b99835e827e6cd2df7d7f6a25cb4a3
2026-09-30 17:20:31,668|opType: publish | rt: 4ms | status: success | requestIp: null | dataId: resource_crons_jobs__json.json | group: agentspec__enc.7370656369616c697a65642d646576656c6f7065722d6164766f63617465__enc.302e302e31 | tenant: public | md5: 5e974fa81b428ea530316eca0e8f9008
2026-09-30 17:20:31,668|opType: publish | rt: 4ms | status: success | requestIp: null | dataId: resource_config_MEMORY__md.json | group: agentspec__enc.7370656369616c697a65642d63756c747572616c2d696e74656c6c6967656e63652d73747261746567697374__enc.302e302e31 | tenant: public | md5: d2149a4730d1fb33536decc32766653f
2026-09-30 17:20:31,668|opType: publish | rt: 3ms | status: success | requestIp: null | dataId: resource_tool-analysis_tool-analysis__json.json | group: agentspec__enc.7370656369616c697a65642d646576656c6f7065722d6164766f63617465__enc.302e302e31 | tenant: public | md5: d36d1e3c7194c7d75c3ae0087e74b1ef
2026-09-30 17:20:31,669|opType: publish | rt: 5ms | status: success | requestIp: null | dataId: resource_config_IDENTITY__md.json | group: agentspec__enc.7370656369616c697a65642d646576656c6f7065722d6164766f63617465__enc.302e302e31 | tenant: public | md5: 3adc2ed2e98410b17f53aa4b151d103a
2026-09-30 17:20:31,669|opType: publish | rt: 3ms | status: success | requestIp: null | dataId: skill_index.json | group: skill_tools-ui | tenant: public | md5: a954ba25a6022882637d1312aa486859
2026-09-30 17:20:31,670|opType: publish | rt: 4ms | status: success | requestIp: null | dataId: skill_index.json | group: skill_technical-blog-writing | tenant: public | md5: a954ba25a6022882637d1312aa486859
2026-09-30 17:20:31,670|opType: publish | rt: 3ms | status: success | requestIp: null | dataId: skill_index.json | group: skill_text-to-speech | tenant: public | md5: a954ba25a6022882637d1312aa486859
2026-09-30 17:20:31,670|opType: publish | rt: 1ms | status: success | requestIp: null | dataId: SKILL.md | group: skill_enc.747769747465722d6175746f6d6174696f6e__enc.302e302e31 | tenant: public | md5: b214cc96a5eb4481575ec2693e5abcc8
2026-09-30 17:20:31,876|opType: publish | rt: 3ms | status: success | requestIp: null | dataId: manifest.json | group: agentspec__enc.7370656369616c697a65642d646f63756d656e742d67656e657261746f72__enc.302e302e31 | tenant: public | md5: 522add682785057d4e60c8a08d638d4d
2026-09-30 17:20:31,877|opType: publish | rt: 5ms | status: success | requestIp: null | dataId: resource_config_AGENTS__md.json | group: agentspec__enc.7370656369616c697a65642d646576656c6f7065722d6164766f63617465__enc.302e302e31 | tenant: public | md5: d310773ebabcd4e3e320edc8aa4cdbdd
2026-09-30 17:20:31,877|opType: publish | rt: 2ms | status: success | requestIp: null | dataId: resource_config_MEMORY__md.json | group: agentspec__enc.7370656369616c697a65642d646576656c6f7065722d6164766f63617465__enc.302e302e31 | tenant: public | md5: af3d3dbb7562b0d6c56c532b96245fb2
2026-09-30 17:20:31,878|opType: publish | rt: 4ms | status: success | requestIp: null | dataId: resource_config_SOUL__md.json | group: agentspec__enc.7370656369616c697a65642d646576656c6f7065722d6164766f63617465__enc.302e302e31 | tenant: public | md5: 7e45c0aa60f925677508be84f5d05fa8
2026-09-30 17:20:31,879|opType: publish | rt: 3ms | status: success | requestIp: null | dataId: manifest.json | group: agentspec__enc.7370656369616c697a65642d6672656e63682d636f6e73756c74696e672d6d61726b6574__enc.302e302e31 | tenant: public | md5: fa74e3d06fa0046de158191ab8d5536a
2026-09-30 17:20:31,879|opType: publish | rt: 2ms | status: success | requestIp: null | dataId: resource_crons_jobs__json.json | group: agentspec__enc.7370656369616c697a65642d6672656e63682d636f6e73756c74696e672d6d61726b6574__enc.302e302e31 | tenant: public | md5: cc385a4375cbc9ba71b774dd38c3c72d
2026-09-30 17:20:31,880|opType: publish | rt: 3ms | status: success | requestIp: null | dataId: resource_config_IDENTITY__md.json | group: agentspec__enc.7370656369616c697a65642d646f63756d656e742d67656e657261746f72__enc.302e302e31 | tenant: public | md5: 80ff21e41f9c5c01a24cc33a29d89e6e
2026-09-30 17:20:31,881|opType: publish | rt: 2ms | status: success | requestIp: null | dataId: resource_tool-analysis_tool-analysis__json.json | group: agentspec__enc.7370656369616c697a65642d6672656e63682d636f6e73756c74696e672d6d61726b6574__enc.302e302e31 | tenant: public | md5: 51303c85d1935a59275b204d7a805985
2026-09-30 17:20:31,881|opType: publish | rt: 3ms | status: success | requestIp: null | dataId: resource_config_IDENTITY__md.json | group: agentspec__enc.7370656369616c697a65642d6672656e63682d636f6e73756c74696e672d6d61726b6574__enc.302e302e31 | tenant: public | md5: 31606e9a99fe67bbadd8f7cb3d90c521
2026-09-30 17:20:31,882|opType: publish | rt: 4ms | status: success | requestIp: null | dataId: resource_crons_jobs__json.json | group: agentspec__enc.7370656369616c697a65642d646f63756d656e742d67656e657261746f72__enc.302e302e31 | tenant: public | md5: cc385a4375cbc9ba71b774dd38c3c72d
2026-09-30 17:20:31,882|opType: publish | rt: 3ms | status: success | requestIp: null | dataId: SKILL.md | group: skill_enc.747769747465722d7468726561642d6372656174696f6e__enc.302e302e31 | tenant: public | md5: 91e3017e47ff56baa67c4327eccaf299
2026-09-30 17:20:31,883|opType: publish | rt: 3ms | status: success | requestIp: null | dataId: SKILL.md | group: skill_enc.766964656f2d70726f6d7074696e672d6775696465__enc.302e302e31 | tenant: public | md5: 65fa95c3ddde4f5458e698e508e7d5e4
2026-09-30 17:20:31,891|opType: publish | rt: 10ms | status: success | requestIp: null | dataId: skill_index.json | group: skill_twitter-automation | tenant: public | md5: a954ba25a6022882637d1312aa486859
2026-09-30 17:20:31,892|opType: publish | rt: 10ms | status: success | requestIp: null | dataId: SKILL.md | group: skill_enc.766964656f2d61642d7370656373__enc.302e302e31 | tenant: public | md5: 2f4dde6a7ff5d50df6223c052fd592fc
2026-09-30 17:20:32,094|opType: publish | rt: 4ms | status: success | requestIp: null | dataId: resource_tool-analysis_tool-analysis__json.json | group: agentspec__enc.7370656369616c697a65642d646f63756d656e742d67656e657261746f72__enc.302e302e31 | tenant: public | md5: 51303c85d1935a59275b204d7a805985
2026-09-30 17:20:32,095|opType: publish | rt: 3ms | status: success | requestIp: null | dataId: resource_config_AGENTS__md.json | group: agentspec__enc.7370656369616c697a65642d6672656e63682d636f6e73756c74696e672d6d61726b6574__enc.302e302e31 | tenant: public | md5: 8e02a4efa27082a3db173975d7568c59
2026-09-30 17:20:32,096|opType: publish | rt: 3ms | status: success | requestIp: null | dataId: manifest.json | group: agentspec__enc.7370656369616c697a65642d6b6f7265616e2d627573696e6573732d6e6176696761746f72__enc.302e302e31 | tenant: public | md5: 174c3570c012d8635103cf510d2dd147
2026-09-30 17:20:32,096|opType: publish | rt: 5ms | status: success | requestIp: null | dataId: resource_config_AGENTS__md.json | group: agentspec__enc.7370656369616c697a65642d646f63756d656e742d67656e657261746f72__enc.302e302e31 | tenant: public | md5: 1269245dd8900fb5d8388d578c09608f
2026-09-30 17:20:32,097|opType: publish | rt: 3ms | status: success | requestIp: null | dataId: resource_config_SOUL__md.json | group: agentspec__enc.7370656369616c697a65642d6672656e63682d636f6e73756c74696e672d6d61726b6574__enc.302e302e31 | tenant: public | md5: 8c26f69b4dac43dec41d1ab649c361ab
2026-09-30 17:20:32,097|opType: publish | rt: 2ms | status: success | requestIp: null | dataId: resource_crons_jobs__json.json | group: agentspec__enc.7370656369616c697a65642d6b6f7265616e2d627573696e6573732d6e6176696761746f72__enc.302e302e31 | tenant: public | md5: ad6759c044d760d2618b64266e5e440c
2026-09-30 17:20:32,099|opType: publish | rt: 3ms | status: success | requestIp: null | dataId: resource_config_MEMORY__md.json | group: agentspec__enc.7370656369616c697a65642d6672656e63682d636f6e73756c74696e672d6d61726b6574__enc.302e302e31 | tenant: public | md5: 4b903fceca3bdd9dc08dfab1e1bec6bc
2026-09-30 17:20:32,101|opType: publish | rt: 4ms | status: success | requestIp: null | dataId: resource_config_SOUL__md.json | group: agentspec__enc.7370656369616c697a65642d646f63756d656e742d67656e657261746f72__enc.302e302e31 | tenant: public | md5: 32495d3b81f9d82d10d73fe379b9837c
2026-09-30 17:20:32,101|opType: publish | rt: 4ms | status: success | requestIp: null | dataId: resource_config_MEMORY__md.json | group: agentspec__enc.7370656369616c697a65642d646f63756d656e742d67656e657261746f72__enc.302e302e31 | tenant: public | md5: 4b903fceca3bdd9dc08dfab1e1bec6bc
2026-09-30 17:20:32,102|opType: publish | rt: 3ms | status: success | requestIp: null | dataId: resource_config_IDENTITY__md.json | group: agentspec__enc.7370656369616c697a65642d6b6f7265616e2d627573696e6573732d6e6176696761746f72__enc.302e302e31 | tenant: public | md5: 2085b1d86b1610f833726082e8e4ae09
2026-09-30 17:20:32,105|opType: publish | rt: 4ms | status: success | requestIp: null | dataId: skill_index.json | group: skill_twitter-thread-creation | tenant: public | md5: a954ba25a6022882637d1312aa486859
2026-09-30 17:20:32,106|opType: publish | rt: 4ms | status: success | requestIp: null | dataId: SKILL.md | group: skill_enc.7765622d736561726368__enc.302e302e31 | tenant: public | md5: 84e3a03449082a744363c139378cd41b
2026-09-30 17:20:32,106|opType: publish | rt: 3ms | status: success | requestIp: null | dataId: skill_index.json | group: skill_video-ad-specs | tenant: public | md5: a954ba25a6022882637d1312aa486859
2026-09-30 17:20:32,107|opType: publish | rt: 6ms | status: success | requestIp: null | dataId: skill_index.json | group: skill_video-prompting-guide | tenant: public | md5: a954ba25a6022882637d1312aa486859
2026-09-30 17:20:32,305|opType: publish | rt: 3ms | status: success | requestIp: null | dataId: resource_config_SOUL__md.json | group: agentspec__enc.7370656369616c697a65642d6b6f7265616e2d627573696e6573732d6e6176696761746f72__enc.302e302e31 | tenant: public | md5: ea76715ea26693992a58896020450400
2026-09-30 17:20:32,306|opType: publish | rt: 8ms | status: success | requestIp: null | dataId: resource_tool-analysis_tool-analysis__json.json | group: agentspec__enc.7370656369616c697a65642d6b6f7265616e2d627573696e6573732d6e6176696761746f72__enc.302e302e31 | tenant: public | md5: d820dab7a059fcb29cd3257b8bc25a07
2026-09-30 17:20:32,309|opType: publish | rt: 6ms | status: success | requestIp: null | dataId: resource_config_AGENTS__md.json | group: agentspec__enc.7370656369616c697a65642d6b6f7265616e2d627573696e6573732d6e6176696761746f72__enc.302e302e31 | tenant: public | md5: 311e40c836c416f0583bc0eea36711b5
2026-09-30 17:20:32,310|opType: publish | rt: 5ms | status: success | requestIp: null | dataId: manifest.json | group: agentspec__enc.7370656369616c697a65642d6d63702d6275696c646572__enc.302e302e31 | tenant: public | md5: 22d44b5df431cfeb5afe2980100b6d36
2026-09-30 17:20:32,310|opType: publish | rt: 7ms | status: success | requestIp: null | dataId: resource_config_MEMORY__md.json | group: agentspec__enc.7370656369616c697a65642d6b6f7265616e2d627573696e6573732d6e6176696761746f72__enc.302e302e31 | tenant: public | md5: 9d43c7c3925b9d7f7387a10b3c415305
2026-09-30 17:20:32,310|opType: publish | rt: 4ms | status: success | requestIp: null | dataId: resource_crons_jobs__json.json | group: agentspec__enc.7370656369616c697a65642d6d63702d6275696c646572__enc.302e302e31 | tenant: public | md5: 6604012452b7d2237a82867b0a9f3747
2026-09-30 17:20:32,311|opType: publish | rt: 3ms | status: success | requestIp: null | dataId: resource_config_SOUL__md.json | group: agentspec__enc.7370656369616c697a65642d6d63702d6275696c646572__enc.302e302e31 | tenant: public | md5: a6803697f7f1c65b6005592fbce8e192
2026-09-30 17:20:32,311|opType: publish | rt: 1ms | status: success | requestIp: null | dataId: resource_tool-analysis_tool-analysis__json.json | group: agentspec__enc.7370656369616c697a65642d6d63702d6275696c646572__enc.302e302e31 | tenant: public | md5: b87ec6c9d082c342e9ae3c4ffe8917dd
2026-09-30 17:20:32,312|opType: publish | rt: 2ms | status: success | requestIp: null | dataId: resource_config_IDENTITY__md.json | group: agentspec__enc.7370656369616c697a65642d6d63702d6275696c646572__enc.302e302e31 | tenant: public | md5: dc54fff7036191264ccfc3a77391df53
2026-09-30 17:20:32,313|opType: publish | rt: 2ms | status: success | requestIp: null | dataId: SKILL.md | group: skill_enc.776964676574732d7569__enc.302e302e31 | tenant: public | md5: 7f0a5d81943c4f288db3c11165686cae
2026-09-30 17:20:32,314|opType: publish | rt: 4ms | status: success | requestIp: null | dataId: resource_config_AGENTS__md.json | group: agentspec__enc.7370656369616c697a65642d6d63702d6275696c646572__enc.302e302e31 | tenant: public | md5: d57680957687b615057feac0ddd2b742
2026-09-30 17:20:32,314|opType: publish | rt: 2ms | status: success | requestIp: null | dataId: SKILL.md | group: skill_enc.796f75747562652d7468756d626e61696c2d64657369676e__enc.302e302e31 | tenant: public | md5: ba720264e7443284264d57530c5fc066
2026-09-30 17:20:32,314|opType: publish | rt: 2ms | status: success | requestIp: null | dataId: skill_index.json | group: skill_web-search | tenant: public | md5: a954ba25a6022882637d1312aa486859
2026-09-30 17:20:32,357|opType: publish | rt: 1ms | status: success | requestIp: null | dataId: data | group: skill_enc.75692d75782d70726f2d6d6178__enc.302e302e31 | tenant: public | md5: 5f08becd531396967ea430bb5db7a79e
2026-09-30 17:20:32,359|opType: publish | rt: 2ms | status: success | requestIp: null | dataId: scripts | group: skill_enc.75692d75782d70726f2d6d6178__enc.302e302e31 | tenant: public | md5: 928733f4cbb45a12083e49bc47cf2cdf
2026-09-30 17:20:32,362|opType: publish | rt: 6ms | status: success | requestIp: null | dataId: SKILL.md | group: skill_enc.75692d75782d70726f2d6d6178__enc.302e302e31 | tenant: public | md5: 813c19d8b04b13d817a316a7f406a591
2026-09-30 17:20:32,512|opType: publish | rt: 2ms | status: success | requestIp: null | dataId: resource_config_MEMORY__md.json | group: agentspec__enc.7370656369616c697a65642d6d63702d6275696c646572__enc.302e302e31 | tenant: public | md5: e6232db67a475cf6bbfebdf0d6625161
2026-09-30 17:20:32,512|opType: publish | rt: 2ms | status: success | requestIp: null | dataId: manifest.json | group: agentspec__enc.7370656369616c697a65642d6d656574696e672d617373697374616e74__enc.302e302e31 | tenant: public | md5: 830df3b0e5068334558ab9b9562cb72b
2026-09-30 17:20:32,515|opType: publish | rt: 2ms | status: success | requestIp: null | dataId: resource_config_IDENTITY__md.json | group: agentspec__enc.7370656369616c697a65642d6d656574696e672d617373697374616e74__enc.302e302e31 | tenant: public | md5: d30ff62dfd21bd9f6295d2c8b27bf1a1
2026-09-30 17:20:32,515|opType: publish | rt: 2ms | status: success | requestIp: null | dataId: resource_crons_jobs__json.json | group: agentspec__enc.7370656369616c697a65642d6d656574696e672d617373697374616e74__enc.302e302e31 | tenant: public | md5: 87f7e21efc460fbb14cb0ffa59003559
2026-09-30 17:20:32,516|opType: publish | rt: 2ms | status: success | requestIp: null | dataId: resource_tool-analysis_tool-analysis__json.json | group: agentspec__enc.7370656369616c697a65642d6d656574696e672d617373697374616e74__enc.302e302e31 | tenant: public | md5: 6fba58e8636b22c5c76ad46745a94e97
2026-09-30 17:20:32,518|opType: publish | rt: 3ms | status: success | requestIp: null | dataId: resource_config_SOUL__md.json | group: agentspec__enc.7370656369616c697a65642d6d656574696e672d617373697374616e74__enc.302e302e31 | tenant: public | md5: f57bbe75bff60b4da9bee6eb135e251f
2026-09-30 17:20:32,518|opType: publish | rt: 3ms | status: success | requestIp: null | dataId: resource_config_AGENTS__md.json | group: agentspec__enc.7370656369616c697a65642d6d656574696e672d617373697374616e74__enc.302e302e31 | tenant: public | md5: c51864eeaea20896b045d18eda16b3d2
2026-09-30 17:20:32,519|opType: publish | rt: 2ms | status: success | requestIp: null | dataId: resource_config_MEMORY__md.json | group: agentspec__enc.7370656369616c697a65642d6d656574696e672d617373697374616e74__enc.302e302e31 | tenant: public | md5: b649ce5810e52c78d54d19d89c970cbf
2026-09-30 17:20:32,520|opType: publish | rt: 1ms | status: success | requestIp: null | dataId: resource_crons_jobs__json.json | group: agentspec__enc.7370656369616c697a65642d6d6f64656c2d7161__enc.302e302e31 | tenant: public | md5: 87f7e21efc460fbb14cb0ffa59003559
2026-09-30 17:20:32,521|opType: publish | rt: 2ms | status: success | requestIp: null | dataId: manifest.json | group: agentspec__enc.7370656369616c697a65642d6d6f64656c2d7161__enc.302e302e31 | tenant: public | md5: c13648a0b8e39df7d76ba2327d706d76
2026-09-30 17:20:32,521|opType: publish | rt: 2ms | status: success | requestIp: null | dataId: enc.736372697074732f73746f702d7365727665722e7368 | group: skill_enc.627261696e73746f726d696e67__enc.302e302e31 | tenant: public | md5: 3d59796ec5ca347c5eb95adbc4914bb8
2026-09-30 17:20:32,522|opType: publish | rt: 3ms | status: success | requestIp: null | dataId: visual-companion.md | group: skill_enc.627261696e73746f726d696e67__enc.302e302e31 | tenant: public | md5: 98407f42a43e3c3e3aae399376821e7e
2026-09-30 17:20:32,523|opType: publish | rt: 4ms | status: success | requestIp: null | dataId: enc.736372697074732f7365727665722e636a73 | group: skill_enc.627261696e73746f726d696e67__enc.302e302e31 | tenant: public | md5: 92954f8fd4a9dc5dc9bcea5a17511623
2026-09-30 17:20:32,523|opType: publish | rt: 3ms | status: success | requestIp: null | dataId: skill_index.json | group: skill_youtube-thumbnail-design | tenant: public | md5: a954ba25a6022882637d1312aa486859
2026-09-30 17:20:32,523|opType: publish | rt: 3ms | status: success | requestIp: null | dataId: SKILL.md | group: skill_enc.627261696e73746f726d696e67__enc.302e302e31 | tenant: public | md5: 10211aec2eed0d31a5513171c36e4b04
2026-09-30 17:20:32,523|opType: publish | rt: 2ms | status: success | requestIp: null | dataId: spec-document-reviewer-prompt.md | group: skill_enc.627261696e73746f726d696e67__enc.302e302e31 | tenant: public | md5: ea74c0f2369ae553c62f36af4ed3d424
2026-09-30 17:20:32,524|opType: publish | rt: 3ms | status: success | requestIp: null | dataId: enc.736372697074732f68656c7065722e6a73 | group: skill_enc.627261696e73746f726d696e67__enc.302e302e31 | tenant: public | md5: cef288b6b4543910ffc7826c3a036a55
2026-09-30 17:20:32,524|opType: publish | rt: 2ms | status: success | requestIp: null | dataId: enc.736372697074732f6672616d652d74656d706c6174652e68746d6c | group: skill_enc.627261696e73746f726d696e67__enc.302e302e31 | tenant: public | md5: b84f721842a76863e21074fb607b03d5
2026-09-30 17:20:32,524|opType: publish | rt: 1ms | status: success | requestIp: null | dataId: skill_index.json | group: skill_widgets-ui | tenant: public | md5: a954ba25a6022882637d1312aa486859
2026-09-30 17:20:32,565|opType: publish | rt: 2ms | status: success | requestIp: null | dataId: enc.736372697074732f73746172742d7365727665722e7368 | group: skill_enc.627261696e73746f726d696e67__enc.302e302e31 | tenant: public | md5: 386ba065fd00d2f3d8d5303c26d413f5
2026-09-30 17:20:32,571|opType: publish | rt: 1ms | status: success | requestIp: null | dataId: skill_index.json | group: skill_ui-ux-pro-max | tenant: public | md5: 72cf3215ba5dfc6a5e827a7d3ce891f5
2026-09-30 17:20:32,726|opType: publish | rt: 3ms | status: success | requestIp: null | dataId: resource_config_IDENTITY__md.json | group: agentspec__enc.7370656369616c697a65642d6d6f64656c2d7161__enc.302e302e31 | tenant: public | md5: da96f17042cab3a88292cedf7e712ad4
2026-09-30 17:20:32,730|opType: publish | rt: 4ms | status: success | requestIp: null | dataId: resource_config_MEMORY__md.json | group: agentspec__enc.7370656369616c697a65642d6d6f64656c2d7161__enc.302e302e31 | tenant: public | md5: b649ce5810e52c78d54d19d89c970cbf
2026-09-30 17:20:32,730|opType: publish | rt: 5ms | status: success | requestIp: null | dataId: resource_config_AGENTS__md.json | group: agentspec__enc.7370656369616c697a65642d6d6f64656c2d7161__enc.302e302e31 | tenant: public | md5: b9ae3d36bda129d6be5ead5da3e14fde
2026-09-30 17:20:32,730|opType: publish | rt: 4ms | status: success | requestIp: null | dataId: resource_config_SOUL__md.json | group: agentspec__enc.7370656369616c697a65642d6d6f64656c2d7161__enc.302e302e31 | tenant: public | md5: d0ab5265c1365b4f72941178c92eee2a
2026-09-30 17:20:32,730|opType: publish | rt: 5ms | status: success | requestIp: null | dataId: manifest.json | group: agentspec__enc.7370656369616c697a65642d70726963696e672d6f7074696d697a6572__enc.302e302e31 | tenant: public | md5: aa38cadd05c22d988bf83c98d7f3b716
2026-09-30 17:20:32,731|opType: publish | rt: 3ms | status: success | requestIp: null | dataId: resource_tool-analysis_tool-analysis__json.json | group: agentspec__enc.7370656369616c697a65642d6d6f64656c2d7161__enc.302e302e31 | tenant: public | md5: 6fba58e8636b22c5c76ad46745a94e97
2026-09-30 17:20:32,732|opType: publish | rt: 2ms | status: success | requestIp: null | dataId: resource_crons_jobs__json.json | group: agentspec__enc.7370656369616c697a65642d70726963696e672d6f7074696d697a6572__enc.302e302e31 | tenant: public | md5: 40ac1d0402766da4f9e5a7dc77031ecf
2026-09-30 17:20:32,733|opType: publish | rt: 3ms | status: success | requestIp: null | dataId: resource_config_IDENTITY__md.json | group: agentspec__enc.7370656369616c697a65642d70726963696e672d6f7074696d697a6572__enc.302e302e31 | tenant: public | md5: fa3abe3d855ec506122b5093e1ebe275
2026-09-30 17:20:32,733|opType: publish | rt: 2ms | status: success | requestIp: null | dataId: resource_tool-analysis_tool-analysis__json.json | group: agentspec__enc.7370656369616c697a65642d70726963696e672d6f7074696d697a6572__enc.302e302e31 | tenant: public | md5: c5da441e1c27e41e7f0645e7aab4e734
2026-09-30 17:20:32,733|opType: publish | rt: 2ms | status: success | requestIp: null | dataId: resource_config_AGENTS__md.json | group: agentspec__enc.7370656369616c697a65642d70726963696e672d6f7074696d697a6572__enc.302e302e31 | tenant: public | md5: ee601db8a680d2aa9221bf578bc27864
2026-09-30 17:20:32,734|opType: publish | rt: 2ms | status: success | requestIp: null | dataId: SKILL.md | group: skill_enc.6469737061746368696e672d706172616c6c656c2d6167656e7473__enc.302e302e31 | tenant: public | md5: 23b0dbb4e34006dc33a262fa8ec8899f
2026-09-30 17:20:32,734|opType: publish | rt: 1ms | status: success | requestIp: null | dataId: SKILL.md | group: skill_enc.657865637574696e672d706c616e73__enc.302e302e31 | tenant: public | md5: 275afd78c8e8330413c68032a022f983
2026-09-30 17:20:32,778|opType: publish | rt: 2ms | status: success | requestIp: null | dataId: skill_index.json | group: skill_brainstorming | tenant: public | md5: 007db6719975888e070f1cb19ce26b2b
2026-09-30 17:20:32,778|opType: publish | rt: 1ms | status: success | requestIp: null | dataId: SKILL.md | group: skill_enc.66696e697368696e672d612d646576656c6f706d656e742d6272616e6368__enc.302e302e31 | tenant: public | md5: d4a08c742601465d085529b0ee7a2c76
2026-09-30 17:20:32,937|opType: publish | rt: 1ms | status: success | requestIp: null | dataId: resource_config_MEMORY__md.json | group: agentspec__enc.7370656369616c697a65642d70726963696e672d6f7074696d697a6572__enc.302e302e31 | tenant: public | md5: d304b0d23e64914f54cb46a405f3b626
2026-09-30 17:20:32,938|opType: publish | rt: 2ms | status: success | requestIp: null | dataId: manifest.json | group: agentspec__enc.7370656369616c697a65642d7269736b2d6173736573736f72__enc.302e302e31 | tenant: public | md5: 0eb1e17f1976c5e0c991852b109c4b7b
2026-09-30 17:20:32,939|opType: publish | rt: 2ms | status: success | requestIp: null | dataId: resource_config_SOUL__md.json | group: agentspec__enc.7370656369616c697a65642d70726963696e672d6f7074696d697a6572__enc.302e302e31 | tenant: public | md5: 157ce8ddb7dd51a099051924eb2f6e25
2026-09-30 17:20:32,939|opType: publish | rt: 2ms | status: success | requestIp: null | dataId: manifest.json | group: agentspec__enc.7370656369616c697a65642d73616c6573666f7263652d617263686974656374__enc.302e302e31 | tenant: public | md5: 5923fe0b9a3b2a0e218b1248a5744191
2026-09-30 17:20:32,939|opType: publish | rt: 2ms | status: success | requestIp: null | dataId: resource_crons_jobs__json.json | group: agentspec__enc.7370656369616c697a65642d7269736b2d6173736573736f72__enc.302e302e31 | tenant: public | md5: 4ee5dc28c2cdef1619125f5bc316af88
2026-09-30 17:20:32,940|opType: publish | rt: 2ms | status: success | requestIp: null | dataId: resource_crons_jobs__json.json | group: agentspec__enc.7370656369616c697a65642d73616c6573666f7263652d617263686974656374__enc.302e302e31 | tenant: public | md5: 4ee5dc28c2cdef1619125f5bc316af88
2026-09-30 17:20:32,940|opType: publish | rt: 1ms | status: success | requestIp: null | dataId: resource_config_IDENTITY__md.json | group: agentspec__enc.7370656369616c697a65642d7269736b2d6173736573736f72__enc.302e302e31 | tenant: public | md5: e11ebb12e2db2135e70ec8218adca27f
2026-09-30 17:20:32,940|opType: publish | rt: 1ms | status: success | requestIp: null | dataId: resource_config_IDENTITY__md.json | group: agentspec__enc.7370656369616c697a65642d73616c6573666f7263652d617263686974656374__enc.302e302e31 | tenant: public | md5: 4b8740071f564cc9363e1a2b617abf3f
2026-09-30 17:20:32,941|opType: publish | rt: 1ms | status: success | requestIp: null | dataId: resource_tool-analysis_tool-analysis__json.json | group: agentspec__enc.7370656369616c697a65642d7269736b2d6173736573736f72__enc.302e302e31 | tenant: public | md5: 0da493cd24d17f48d301366124cd39bb
2026-09-30 17:20:32,942|opType: publish | rt: 2ms | status: success | requestIp: null | dataId: resource_tool-analysis_tool-analysis__json.json | group: agentspec__enc.7370656369616c697a65642d73616c6573666f7263652d617263686974656374__enc.302e302e31 | tenant: public | md5: 0da493cd24d17f48d301366124cd39bb
2026-09-30 17:20:32,942|opType: publish | rt: 1ms | status: success | requestIp: null | dataId: skill_index.json | group: skill_dispatching-parallel-agents | tenant: public | md5: a954ba25a6022882637d1312aa486859
2026-09-30 17:20:32,942|opType: publish | rt: 1ms | status: success | requestIp: null | dataId: skill_index.json | group: skill_executing-plans | tenant: public | md5: a954ba25a6022882637d1312aa486859
2026-09-30 17:20:32,985|opType: publish | rt: 2ms | status: success | requestIp: null | dataId: SKILL.md | group: skill_enc.726563656976696e672d636f64652d726576696577__enc.302e302e31 | tenant: public | md5: 73bf804d09a40cc951f976ba1dfe7c14
2026-09-30 17:20:32,987|opType: publish | rt: 1ms | status: success | requestIp: null | dataId: skill_index.json | group: skill_finishing-a-development-branch | tenant: public | md5: a954ba25a6022882637d1312aa486859
2026-09-30 17:20:33,150|opType: publish | rt: 3ms | status: success | requestIp: null | dataId: resource_config_AGENTS__md.json | group: agentspec__enc.7370656369616c697a65642d73616c6573666f7263652d617263686974656374__enc.302e302e31 | tenant: public | md5: 1f6c273534fb934193a8952c95e1009b
2026-09-30 17:20:33,153|opType: publish | rt: 3ms | status: success | requestIp: null | dataId: resource_crons_jobs__json.json | group: agentspec__enc.7370656369616c697a65642d776f726b666c6f772d617263686974656374__enc.302e302e31 | tenant: public | md5: f0258be34d3ee0e324cbb7458d8abb99
2026-09-30 17:20:33,155|opType: publish | rt: 3ms | status: success | requestIp: null | dataId: resource_config_SOUL__md.json | group: agentspec__enc.7370656369616c697a65642d7269736b2d6173736573736f72__enc.302e302e31 | tenant: public | md5: 5752eb5b55f42959abc62153858da7e4
2026-09-30 17:20:33,156|opType: publish | rt: 4ms | status: success | requestIp: null | dataId: resource_config_AGENTS__md.json | group: agentspec__enc.7370656369616c697a65642d7269736b2d6173736573736f72__enc.302e302e31 | tenant: public | md5: f7233d857b6185689c0db35c5897d5bf
2026-09-30 17:20:33,157|opType: publish | rt: 3ms | status: success | requestIp: null | dataId: manifest.json | group: agentspec__enc.7370656369616c697a65642d776f726b666c6f772d617263686974656374__enc.302e302e31 | tenant: public | md5: 3befc2f84e0c0dd1be4edcb83b31e8ef
2026-09-30 17:20:33,157|opType: publish | rt: 3ms | status: success | requestIp: null | dataId: resource_config_MEMORY__md.json | group: agentspec__enc.7370656369616c697a65642d73616c6573666f7263652d617263686974656374__enc.302e302e31 | tenant: public | md5: 40ea65bfd623c4b3f6ef544792c32f5e
2026-09-30 17:20:33,158|opType: publish | rt: 5ms | status: success | requestIp: null | dataId: resource_config_SOUL__md.json | group: agentspec__enc.7370656369616c697a65642d73616c6573666f7263652d617263686974656374__enc.302e302e31 | tenant: public | md5: faed1af2e46cb1a03bc4ed55d4dfdbf3
2026-09-30 17:20:33,158|opType: publish | rt: 3ms | status: success | requestIp: null | dataId: resource_config_MEMORY__md.json | group: agentspec__enc.7370656369616c697a65642d7269736b2d6173736573736f72__enc.302e302e31 | tenant: public | md5: 40ea65bfd623c4b3f6ef544792c32f5e
2026-09-30 17:20:33,158|opType: publish | rt: 2ms | status: success | requestIp: null | dataId: code-reviewer.md | group: skill_enc.72657175657374696e672d636f64652d726576696577__enc.302e302e31 | tenant: public | md5: 305ed1ed604a64c61c2dde96124c2e11
2026-09-30 17:20:33,159|opType: publish | rt: 2ms | status: success | requestIp: null | dataId: spec-reviewer-prompt.md | group: skill_enc.7375626167656e742d64726976656e2d646576656c6f706d656e74__enc.302e302e31 | tenant: public | md5: ecc20717d0b31a9013ba732f366eba8f
2026-09-30 17:20:33,160|opType: publish | rt: 2ms | status: success | requestIp: null | dataId: resource_config_IDENTITY__md.json | group: agentspec__enc.7370656369616c697a65642d776f726b666c6f772d617263686974656374__enc.302e302e31 | tenant: public | md5: 6e47ca5d9e2bba9b2bec5d0429883f16
2026-09-30 17:20:33,171|opType: publish | rt: 13ms | status: success | requestIp: null | dataId: resource_tool-analysis_tool-analysis__json.json | group: agentspec__enc.7370656369616c697a65642d776f726b666c6f772d617263686974656374__enc.302e302e31 | tenant: public | md5: 0baadc0aa5d5ef96d82ceb8c3bdc93dc
2026-09-30 17:20:33,171|opType: publish | rt: 12ms | status: success | requestIp: null | dataId: code-quality-reviewer-prompt.md | group: skill_enc.7375626167656e742d64726976656e2d646576656c6f706d656e74__enc.302e302e31 | tenant: public | md5: b411003e0281322218490c6a2ca0ec33
2026-09-30 17:20:33,172|opType: publish | rt: 12ms | status: success | requestIp: null | dataId: SKILL.md | group: skill_enc.72657175657374696e672d636f64652d726576696577__enc.302e302e31 | tenant: public | md5: 1e6a7fc981addb6afc124ae4301c647e
2026-09-30 17:20:33,173|opType: publish | rt: 2ms | status: success | requestIp: null | dataId: SKILL.md | group: skill_enc.7375626167656e742d64726976656e2d646576656c6f706d656e74__enc.302e302e31 | tenant: public | md5: 83d0056b6120b8b53722e0bf8140042e
2026-09-30 17:20:33,173|opType: publish | rt: 2ms | status: success | requestIp: null | dataId: implementer-prompt.md | group: skill_enc.7375626167656e742d64726976656e2d646576656c6f706d656e74__enc.302e302e31 | tenant: public | md5: b856c2076801a91854adf094a907de9c
2026-09-30 17:20:33,190|opType: publish | rt: 2ms | status: success | requestIp: null | dataId: skill_index.json | group: skill_receiving-code-review | tenant: public | md5: a954ba25a6022882637d1312aa486859
2026-09-30 17:20:33,193|opType: publish | rt: 2ms | status: success | requestIp: null | dataId: SKILL.md | group: skill_enc.73797374656d617469632d646562756767696e67__enc.302e302e31 | tenant: public | md5: 03b93b50cf930b76a24f1370ae0b7b89
2026-09-30 17:20:33,193|opType: publish | rt: 2ms | status: success | requestIp: null | dataId: CREATION-LOG.md | group: skill_enc.73797374656d617469632d646562756767696e67__enc.302e302e31 | tenant: public | md5: 7226812eb1ce6a805732c2ff98712e4a
2026-09-30 17:20:33,193|opType: publish | rt: 1ms | status: success | requestIp: null | dataId: condition-based-waiting-example.ts | group: skill_enc.73797374656d617469632d646562756767696e67__enc.302e302e31 | tenant: public | md5: 8e502a8c1e9c7de15967202615d241d5
2026-09-30 17:20:33,193|opType: publish | rt: 1ms | status: success | requestIp: null | dataId: test-pressure-1.md | group: skill_enc.73797374656d617469632d646562756767696e67__enc.302e302e31 | tenant: public | md5: 3d8805e8946e3889d4de0e906af66c47
2026-09-30 17:20:33,366|opType: publish | rt: 6ms | status: success | requestIp: null | dataId: resource_config_AGENTS__md.json | group: agentspec__enc.7370656369616c697a65642d776f726b666c6f772d617263686974656374__enc.302e302e31 | tenant: public | md5: a59049a943700ae48bfa262e90705dd5
2026-09-30 17:20:33,370|opType: publish | rt: 4ms | status: success | requestIp: null | dataId: resource_config_MEMORY__md.json | group: agentspec__enc.7370656369616c697a65642d776f726b666c6f772d617263686974656374__enc.302e302e31 | tenant: public | md5: 61e77909e4e55a2bfc3c8b0dbc20024c
2026-09-30 17:20:33,371|opType: publish | rt: 5ms | status: success | requestIp: null | dataId: resource_config_SOUL__md.json | group: agentspec__enc.7370656369616c697a65642d776f726b666c6f772d617263686974656374__enc.302e302e31 | tenant: public | md5: ceafd78c77ce99c39b3f4da3ca2b14ec
2026-09-30 17:20:33,373|opType: publish | rt: 6ms | status: success | requestIp: null | dataId: manifest.json | group: agentspec__enc.73747564792d6162726f61642d61647669736f72__enc.302e302e31 | tenant: public | md5: 56441b8130bebe9ee44ee05496c30c1c
2026-09-30 17:20:33,374|opType: publish | rt: 6ms | status: success | requestIp: null | dataId: resource_config_IDENTITY__md.json | group: agentspec__enc.73747564792d6162726f61642d61647669736f72__enc.302e302e31 | tenant: public | md5: e6f27e8d133e365eaed4d74b72f21576
2026-09-30 17:20:33,374|opType: publish | rt: 6ms | status: success | requestIp: null | dataId: resource_crons_jobs__json.json | group: agentspec__enc.73747564792d6162726f61642d61647669736f72__enc.302e302e31 | tenant: public | md5: 5c49897f2efc8bb9f4ab7e7e37c61ef2
2026-09-30 17:20:33,375|opType: publish | rt: 3ms | status: success | requestIp: null | dataId: resource_tool-analysis_tool-analysis__json.json | group: agentspec__enc.73747564792d6162726f61642d61647669736f72__enc.302e302e31 | tenant: public | md5: e04cd5c911f19d267ef9bad5a52f7e68
2026-09-30 17:20:33,376|opType: publish | rt: 3ms | status: success | requestIp: null | dataId: defense-in-depth.md | group: skill_enc.73797374656d617469632d646562756767696e67__enc.302e302e31 | tenant: public | md5: 002a0c9e8bee8fc29f85d7a434916977
2026-09-30 17:20:33,377|opType: publish | rt: 3ms | status: success | requestIp: null | dataId: resource_config_AGENTS__md.json | group: agentspec__enc.73747564792d6162726f61642d61647669736f72__enc.302e302e31 | tenant: public | md5: 6276514cfb3c03728d6be858724d70e2
2026-09-30 17:20:33,379|opType: publish | rt: 4ms | status: success | requestIp: null | dataId: root-cause-tracing.md | group: skill_enc.73797374656d617469632d646562756767696e67__enc.302e302e31 | tenant: public | md5: 9b80d2e7aaff6e64f4c46f51312f126b
2026-09-30 17:20:33,379|opType: publish | rt: 3ms | status: success | requestIp: null | dataId: resource_config_SOUL__md.json | group: agentspec__enc.73747564792d6162726f61642d61647669736f72__enc.302e302e31 | tenant: public | md5: c9d96806cd225b8a66e66eac518cca46
2026-09-30 17:20:33,379|opType: publish | rt: 2ms | status: success | requestIp: null | dataId: test-pressure-3.md | group: skill_enc.73797374656d617469632d646562756767696e67__enc.302e302e31 | tenant: public | md5: 42ea1bd281ca8d837f5dd45143762b95
2026-09-30 17:20:33,380|opType: publish | rt: 2ms | status: success | requestIp: null | dataId: resource_config_MEMORY__md.json | group: agentspec__enc.73747564792d6162726f61642d61647669736f72__enc.302e302e31 | tenant: public | md5: 1249b868631ec4a09a618a432f823df5
2026-09-30 17:20:33,380|opType: publish | rt: 1ms | status: success | requestIp: null | dataId: skill_index.json | group: skill_subagent-driven-development | tenant: public | md5: 7acf0d91d8d5dbce744b23689adcbbdf
2026-09-30 17:20:33,381|opType: publish | rt: 1ms | status: success | requestIp: null | dataId: test-pressure-2.md | group: skill_enc.73797374656d617469632d646562756767696e67__enc.302e302e31 | tenant: public | md5: 237f40dfd0b48af48d239ab3af499f7b
2026-09-30 17:20:33,382|opType: publish | rt: 2ms | status: success | requestIp: null | dataId: find-polluter.sh | group: skill_enc.73797374656d617469632d646562756767696e67__enc.302e302e31 | tenant: public | md5: 2ae1144fa5a66aa26c13d644a12ad0bf
2026-09-30 17:20:33,382|opType: publish | rt: 1ms | status: success | requestIp: null | dataId: condition-based-waiting.md | group: skill_enc.73797374656d617469632d646562756767696e67__enc.302e302e31 | tenant: public | md5: c64d669f2490aa489c514304c9ad46d3
2026-09-30 17:20:33,383|opType: publish | rt: 2ms | status: success | requestIp: null | dataId: skill_index.json | group: skill_requesting-code-review | tenant: public | md5: 7bc5802ac837eeb7fed0626cdc332132
2026-09-30 17:20:33,396|opType: publish | rt: 1ms | status: success | requestIp: null | dataId: test-academic.md | group: skill_enc.73797374656d617469632d646562756767696e67__enc.302e302e31 | tenant: public | md5: 272ab1d95e755a7ff9479d547168eef9
2026-09-30 17:20:33,399|opType: publish | rt: 2ms | status: success | requestIp: null | dataId: SKILL.md | group: skill_enc.746573742d64726976656e2d646576656c6f706d656e74__enc.302e302e31 | tenant: public | md5: c3dff8973aceea5b39ab1b72f7e8729a
2026-09-30 17:20:33,399|opType: publish | rt: 2ms | status: success | requestIp: null | dataId: testing-anti-patterns.md | group: skill_enc.746573742d64726976656e2d646576656c6f706d656e74__enc.302e302e31 | tenant: public | md5: f4373033bf29f06897cd63c994deb2a7
2026-09-30 17:20:33,574|opType: publish | rt: 3ms | status: success | requestIp: null | dataId: manifest.json | group: agentspec__enc.737570706c792d636861696e2d726f7574652d6f7074696d697a6572__enc.302e302e31 | tenant: public | md5: 9210609cc7a1bddbd793f1cb757b926c
2026-09-30 17:20:33,579|opType: publish | rt: 3ms | status: success | requestIp: null | dataId: resource_crons_jobs__json.json | group: agentspec__enc.737570706c792d636861696e2d726f7574652d6f7074696d697a6572__enc.302e302e31 | tenant: public | md5: 964e0219f8aeda44dae969c8ed8fac7c
2026-09-30 17:20:33,579|opType: publish | rt: 3ms | status: success | requestIp: null | dataId: manifest.json | group: agentspec__enc.737570706c792d636861696e2d696e76656e746f72792d666f7265636173746572__enc.302e302e31 | tenant: public | md5: 03f79e5a63cd2b6c0d56485b57d8a352
2026-09-30 17:20:33,580|opType: publish | rt: 2ms | status: success | requestIp: null | dataId: resource_config_IDENTITY__md.json | group: agentspec__enc.737570706c792d636861696e2d726f7574652d6f7074696d697a6572__enc.302e302e31 | tenant: public | md5: 26399d92dec253a2b47c6fde2a435996
2026-09-30 17:20:33,581|opType: publish | rt: 2ms | status: success | requestIp: null | dataId: resource_tool-analysis_tool-analysis__json.json | group: agentspec__enc.737570706c792d636861696e2d726f7574652d6f7074696d697a6572__enc.302e302e31 | tenant: public | md5: 4553d0b03167dd4e85a4e891796c40b1
2026-09-30 17:20:33,582|opType: publish | rt: 2ms | status: success | requestIp: null | dataId: resource_crons_jobs__json.json | group: agentspec__enc.737570706c792d636861696e2d696e76656e746f72792d666f7265636173746572__enc.302e302e31 | tenant: public | md5: 964e0219f8aeda44dae969c8ed8fac7c
2026-09-30 17:20:33,583|opType: publish | rt: 2ms | status: success | requestIp: null | dataId: resource_config_AGENTS__md.json | group: agentspec__enc.737570706c792d636861696e2d726f7574652d6f7074696d697a6572__enc.302e302e31 | tenant: public | md5: 1449016c4708eec5ab0b06c129f713d4
2026-09-30 17:20:33,583|opType: publish | rt: 2ms | status: success | requestIp: null | dataId: resource_config_SOUL__md.json | group: agentspec__enc.737570706c792d636861696e2d726f7574652d6f7074696d697a6572__enc.302e302e31 | tenant: public | md5: bc24818b5cafaf6ec30414cc316d8ec2
2026-09-30 17:20:33,584|opType: publish | rt: 2ms | status: success | requestIp: null | dataId: resource_config_MEMORY__md.json | group: agentspec__enc.737570706c792d636861696e2d726f7574652d6f7074696d697a6572__enc.302e302e31 | tenant: public | md5: cf8c7e2baa8550dff711bffcb459cb5c
2026-09-30 17:20:33,584|opType: publish | rt: 2ms | status: success | requestIp: null | dataId: resource_config_IDENTITY__md.json | group: agentspec__enc.737570706c792d636861696e2d696e76656e746f72792d666f7265636173746572__enc.302e302e31 | tenant: public | md5: f4e0b705027027d929f9ca676ddf78f6
2026-09-30 17:20:33,587|opType: publish | rt: 2ms | status: success | requestIp: null | dataId: SKILL.md | group: skill_enc.7573696e672d6769742d776f726b7472656573__enc.302e302e31 | tenant: public | md5: c57e4843d69215bebb9d01acc876ac28
2026-09-30 17:20:33,587|opType: publish | rt: 2ms | status: success | requestIp: null | dataId: SKILL.md | group: skill_enc.7573696e672d7375706572706f77657273__enc.302e302e31 | tenant: public | md5: ac947240b91570e26457928b51181763
2026-09-30 17:20:33,588|opType: publish | rt: 2ms | status: success | requestIp: null | dataId: enc.7265666572656e6365732f67656d696e692d746f6f6c732e6d64 | group: skill_enc.7573696e672d7375706572706f77657273__enc.302e302e31 | tenant: public | md5: 0e4b3f373761998ca296992e87a96c75
2026-09-30 17:20:33,588|opType: publish | rt: 2ms | status: success | requestIp: null | dataId: enc.7265666572656e6365732f636f6465782d746f6f6c732e6d64 | group: skill_enc.7573696e672d7375706572706f77657273__enc.302e302e31 | tenant: public | md5: 2619c271fa9cf6ad323289d60a061d35
2026-09-30 17:20:33,601|opType: publish | rt: 1ms | status: success | requestIp: null | dataId: skill_index.json | group: skill_systematic-debugging | tenant: public | md5: 9c8c5bb54515e30b17a44a8834c038be
2026-09-30 17:20:33,603|opType: publish | rt: 1ms | status: success | requestIp: null | dataId: skill_index.json | group: skill_test-driven-development | tenant: public | md5: 32ea3146e803d8e86f0f901d33663c36
2026-09-30 17:20:33,791|opType: publish | rt: 5ms | status: success | requestIp: null | dataId: resource_tool-analysis_tool-analysis__json.json | group: agentspec__enc.737570706c792d636861696e2d696e76656e746f72792d666f7265636173746572__enc.302e302e31 | tenant: public | md5: 4553d0b03167dd4e85a4e891796c40b1
2026-09-30 17:20:33,794|opType: publish | rt: 3ms | status: success | requestIp: null | dataId: resource_config_MEMORY__md.json | group: agentspec__enc.737570706c792d636861696e2d696e76656e746f72792d666f7265636173746572__enc.302e302e31 | tenant: public | md5: cf8c7e2baa8550dff711bffcb459cb5c
2026-09-30 17:20:33,795|opType: publish | rt: 3ms | status: success | requestIp: null | dataId: resource_config_SOUL__md.json | group: agentspec__enc.737570706c792d636861696e2d696e76656e746f72792d666f7265636173746572__enc.302e302e31 | tenant: public | md5: 27ecb3e62a53f5adbe37c3ce636f1a56
2026-09-30 17:20:33,796|opType: publish | rt: 6ms | status: success | requestIp: null | dataId: resource_config_AGENTS__md.json | group: agentspec__enc.737570706c792d636861696e2d696e76656e746f72792d666f7265636173746572__enc.302e302e31 | tenant: public | md5: fbbd0f3105a66ca494e3479e3824193a
2026-09-30 17:20:33,796|opType: publish | rt: 4ms | status: success | requestIp: null | dataId: resource_config_IDENTITY__md.json | group: agentspec__enc.737570706c792d636861696e2d73747261746567697374__enc.302e302e31 | tenant: public | md5: 782bd0c42cfd62c16388077f660a2f7c
2026-09-30 17:20:33,796|opType: publish | rt: 5ms | status: success | requestIp: null | dataId: manifest.json | group: agentspec__enc.737570706c792d636861696e2d73747261746567697374__enc.302e302e31 | tenant: public | md5: 85e0ed5dc1776a3afa958b0e03eb0faa
2026-09-30 17:20:33,800|opType: publish | rt: 6ms | status: success | requestIp: null | dataId: resource_crons_jobs__json.json | group: agentspec__enc.737570706c792d636861696e2d73747261746567697374__enc.302e302e31 | tenant: public | md5: 10dc55f180d77c133f92021c69390818
2026-09-30 17:20:33,800|opType: publish | rt: 5ms | status: success | requestIp: null | dataId: resource_tool-analysis_tool-analysis__json.json | group: agentspec__enc.737570706c792d636861696e2d73747261746567697374__enc.302e302e31 | tenant: public | md5: af68071c29a85af18145da1ad362f3de
2026-09-30 17:20:33,803|opType: publish | rt: 6ms | status: success | requestIp: null | dataId: resource_config_AGENTS__md.json | group: agentspec__enc.737570706c792d636861696e2d73747261746567697374__enc.302e302e31 | tenant: public | md5: d8b6ee4e9f984ed645cf36254aceef56
2026-09-30 17:20:33,803|opType: publish | rt: 3ms | status: success | requestIp: null | dataId: skill_index.json | group: skill_using-git-worktrees | tenant: public | md5: a954ba25a6022882637d1312aa486859
2026-09-30 17:20:33,803|opType: publish | rt: 3ms | status: success | requestIp: null | dataId: resource_config_SOUL__md.json | group: agentspec__enc.737570706c792d636861696e2d73747261746567697374__enc.302e302e31 | tenant: public | md5: b461da247ac3fe90d8f0096db089be4a
2026-09-30 17:20:33,804|opType: publish | rt: 4ms | status: success | requestIp: null | dataId: skill_index.json | group: skill_using-superpowers | tenant: public | md5: 90a4a0977184dc872dc259e25f9f087b
2026-09-30 17:20:33,806|opType: publish | rt: 2ms | status: success | requestIp: null | dataId: SKILL.md | group: skill_enc.766572696669636174696f6e2d6265666f72652d636f6d706c6574696f6e__enc.302e302e31 | tenant: public | md5: 88ef2bd568c424aabb04e88e62b7ff0d
2026-09-30 17:20:33,808|opType: publish | rt: 1ms | status: success | requestIp: null | dataId: SKILL.md | group: skill_enc.77726974696e672d706c616e73__enc.302e302e31 | tenant: public | md5: c1c56f6e069de61e1b5cb8be376219ab
2026-09-30 17:20:33,809|opType: publish | rt: 2ms | status: success | requestIp: null | dataId: plan-document-reviewer-prompt.md | group: skill_enc.77726974696e672d706c616e73__enc.302e302e31 | tenant: public | md5: dcad0192c2c468107951d7dcb47246a9
2026-09-30 17:20:33,995|opType: publish | rt: 1ms | status: success | requestIp: null | dataId: resource_config_MEMORY__md.json | group: agentspec__enc.737570706c792d636861696e2d73747261746567697374__enc.302e302e31 | tenant: public | md5: 9fdf0f698a211587e9a80c27bfbfa79b
2026-09-30 17:20:33,997|opType: publish | rt: 1ms | status: success | requestIp: null | dataId: manifest.json | group: agentspec__enc.737570706c792d636861696e2d76656e646f722d6576616c7561746f72__enc.302e302e31 | tenant: public | md5: 38aa5bc587bca7600befd8bc930ad7ff
2026-09-30 17:20:33,998|opType: publish | rt: 1ms | status: success | requestIp: null | dataId: resource_crons_jobs__json.json | group: agentspec__enc.737570706c792d636861696e2d76656e646f722d6576616c7561746f72__enc.302e302e31 | tenant: public | md5: 9c06435f77280431e8333b9d18ffc92c
2026-09-30 17:20:33,999|opType: publish | rt: 1ms | status: success | requestIp: null | dataId: resource_config_IDENTITY__md.json | group: agentspec__enc.737570706c792d636861696e2d76656e646f722d6576616c7561746f72__enc.302e302e31 | tenant: public | md5: 648660188bb192274f981ecda38aad91
2026-09-30 17:20:33,999|opType: publish | rt: 1ms | status: success | requestIp: null | dataId: resource_tool-analysis_tool-analysis__json.json | group: agentspec__enc.737570706c792d636861696e2d76656e646f722d6576616c7561746f72__enc.302e302e31 | tenant: public | md5: 4c9bd55d782e97c70add98de67c38cc3
2026-09-30 17:20:34,000|opType: publish | rt: 1ms | status: success | requestIp: null | dataId: resource_config_AGENTS__md.json | group: agentspec__enc.737570706c792d636861696e2d76656e646f722d6576616c7561746f72__enc.302e302e31 | tenant: public | md5: 60e09e66dd9cf362363b381217afc463
2026-09-30 17:20:34,002|opType: publish | rt: 1ms | status: success | requestIp: null | dataId: resource_config_SOUL__md.json | group: agentspec__enc.737570706c792d636861696e2d76656e646f722d6576616c7561746f72__enc.302e302e31 | tenant: public | md5: 78309388b0b2850dc9e471d4092d4f5d
2026-09-30 17:20:34,005|opType: publish | rt: 1ms | status: success | requestIp: null | dataId: resource_config_MEMORY__md.json | group: agentspec__enc.737570706c792d636861696e2d76656e646f722d6576616c7561746f72__enc.302e302e31 | tenant: public | md5: 4290cbbf54daff123782b552aa093046
2026-09-30 17:20:34,006|opType: publish | rt: 1ms | status: success | requestIp: null | dataId: manifest.json | group: agentspec__enc.737570706f72742d616e616c79746963732d7265706f72746572__enc.302e302e31 | tenant: public | md5: eec01053301cf2d6b2e878b5902f16ee
2026-09-30 17:20:34,007|opType: publish | rt: 1ms | status: success | requestIp: null | dataId: resource_crons_jobs__json.json | group: agentspec__enc.737570706f72742d616e616c79746963732d7265706f72746572__enc.302e302e31 | tenant: public | md5: 40f0093c1047ad3218f2b61b3ee618e5
2026-09-30 17:20:34,009|opType: publish | rt: 2ms | status: success | requestIp: null | dataId: SKILL.md | group: skill_enc.6164617074__enc.302e302e31 | tenant: public | md5: c5c73aafbf495ca949fc0d6f64ea128e
2026-09-30 17:20:34,012|opType: publish | rt: 3ms | status: success | requestIp: null | dataId: SKILL.md | group: skill_enc.77726974696e672d736b696c6c73__enc.302e302e31 | tenant: public | md5: 9943084a55ecaf965984ff03715b4777
2026-09-30 17:20:34,013|opType: publish | rt: 4ms | status: success | requestIp: null | dataId: render-graphs.js | group: skill_enc.77726974696e672d736b696c6c73__enc.302e302e31 | tenant: public | md5: e9d8be9caa34d327cac6f746f947cee0
2026-09-30 17:20:34,013|opType: publish | rt: 3ms | status: success | requestIp: null | dataId: persuasion-principles.md | group: skill_enc.77726974696e672d736b696c6c73__enc.302e302e31 | tenant: public | md5: 5f0c22c7c8c3c5e12f255719833c2545
2026-09-30 17:20:34,013|opType: publish | rt: 3ms | status: success | requestIp: null | dataId: graphviz-conventions.dot | group: skill_enc.77726974696e672d736b696c6c73__enc.302e302e31 | tenant: public | md5: 95e24bf58ed42f5f8072d62cefff591f
2026-09-30 17:20:34,014|opType: publish | rt: 6ms | status: success | requestIp: null | dataId: anthropic-best-practices.md | group: skill_enc.77726974696e672d736b696c6c73__enc.302e302e31 | tenant: public | md5: 05c7c66a824d55afc81f3be10dd04750
2026-09-30 17:20:34,014|opType: publish | rt: 5ms | status: success | requestIp: null | dataId: testing-skills-with-subagents.md | group: skill_enc.77726974696e672d736b696c6c73__enc.302e302e31 | tenant: public | md5: 3b7b7942a42cb0450896d4b48cd49ed0
2026-09-30 17:20:34,014|opType: publish | rt: 2ms | status: success | requestIp: null | dataId: skill_index.json | group: skill_writing-plans | tenant: public | md5: 89b2db8899d6939d55f8bd7ebb9fd3d6
2026-09-30 17:20:34,014|opType: publish | rt: 3ms | status: success | requestIp: null | dataId: enc.6578616d706c65732f434c415544455f4d445f54455354494e472e6d64 | group: skill_enc.77726974696e672d736b696c6c73__enc.302e302e31 | tenant: public | md5: 2980791d97afe0f32c2eb4a6264fb8e6
2026-09-30 17:20:34,015|opType: publish | rt: 3ms | status: success | requestIp: null | dataId: skill_index.json | group: skill_verification-before-completion | tenant: public | md5: a954ba25a6022882637d1312aa486859
2026-09-30 17:20:34,218|opType: publish | rt: 8ms | status: success | requestIp: null | dataId: resource_config_IDENTITY__md.json | group: agentspec__enc.737570706f72742d616e616c79746963732d7265706f72746572__enc.302e302e31 | tenant: public | md5: 663b79d26624aca0eb2e8dea8f65fcd5
2026-09-30 17:20:34,219|opType: publish | rt: 1ms | status: success | requestIp: null | dataId: resource_tool-analysis_tool-analysis__json.json | group: agentspec__enc.737570706f72742d616e616c79746963732d7265706f72746572__enc.302e302e31 | tenant: public | md5: 8e82f80b18122a12b73192e79d1a36b4
2026-09-30 17:20:34,219|opType: publish | rt: 1ms | status: success | requestIp: null | dataId: resource_config_AGENTS__md.json | group: agentspec__enc.737570706f72742d616e616c79746963732d7265706f72746572__enc.302e302e31 | tenant: public | md5: 6f7064c40bfb3108057f59d9de2e44d2
2026-09-30 17:20:34,220|opType: publish | rt: 2ms | status: success | requestIp: null | dataId: resource_config_MEMORY__md.json | group: agentspec__enc.737570706f72742d616e616c79746963732d7265706f72746572__enc.302e302e31 | tenant: public | md5: 8db1d17d7b60abebaa8f1cd80ace3779
2026-09-30 17:20:34,220|opType: publish | rt: 1ms | status: success | requestIp: null | dataId: resource_config_SOUL__md.json | group: agentspec__enc.737570706f72742d616e616c79746963732d7265706f72746572__enc.302e302e31 | tenant: public | md5: 0d2123dd75bb207cdd4f4284c7335a2a
2026-09-30 17:20:34,221|opType: publish | rt: 2ms | status: success | requestIp: null | dataId: manifest.json | group: agentspec__enc.737570706f72742d6578656375746976652d73756d6d6172792d67656e657261746f72__enc.302e302e31 | tenant: public | md5: 78afa4068a0df44d54b0f35af1a94ea8
2026-09-30 17:20:34,221|opType: publish | rt: 1ms | status: success | requestIp: null | dataId: resource_crons_jobs__json.json | group: agentspec__enc.737570706f72742d6578656375746976652d73756d6d6172792d67656e657261746f72__enc.302e302e31 | tenant: public | md5: 4c54bad6d99f8fbee4055b458664031e
2026-09-30 17:20:34,221|opType: publish | rt: 1ms | status: success | requestIp: null | dataId: resource_tool-analysis_tool-analysis__json.json | group: agentspec__enc.737570706f72742d6578656375746976652d73756d6d6172792d67656e657261746f72__enc.302e302e31 | tenant: public | md5: 95878634eaebe82b41e2d7f914502bee
2026-09-30 17:20:34,222|opType: publish | rt: 1ms | status: success | requestIp: null | dataId: resource_config_IDENTITY__md.json | group: agentspec__enc.737570706f72742d6578656375746976652d73756d6d6172792d67656e657261746f72__enc.302e302e31 | tenant: public | md5: 5b9d95695997de610062ec323419b6a6
2026-09-30 17:20:34,223|opType: publish | rt: 2ms | status: success | requestIp: null | dataId: resource_config_AGENTS__md.json | group: agentspec__enc.737570706f72742d6578656375746976652d73756d6d6172792d67656e657261746f72__enc.302e302e31 | tenant: public | md5: f984ba28e3e7c5af724155b3bfc40478
2026-09-30 17:20:34,223|opType: publish | rt: 1ms | status: success | requestIp: null | dataId: skill_index.json | group: skill_adapt | tenant: public | md5: a954ba25a6022882637d1312aa486859
2026-09-30 17:20:34,224|opType: publish | rt: 2ms | status: success | requestIp: null | dataId: SKILL.md | group: skill_enc.617272616e6765__enc.302e302e31 | tenant: public | md5: 79835035fa4951f87525ec4744831917
2026-09-30 17:20:34,224|opType: publish | rt: 2ms | status: success | requestIp: null | dataId: SKILL.md | group: skill_enc.616e696d617465__enc.302e302e31 | tenant: public | md5: c42c3f3e7eb7be27f3e8ddcad9b30ac0
2026-09-30 17:20:34,224|opType: publish | rt: 1ms | status: success | requestIp: null | dataId: skill_index.json | group: skill_writing-skills | tenant: public | md5: 2c484f5130464292f7e84bed11a18f8f
2026-09-30 17:20:34,430|opType: publish | rt: 3ms | status: success | requestIp: null | dataId: resource_config_SOUL__md.json | group: agentspec__enc.737570706f72742d6578656375746976652d73756d6d6172792d67656e657261746f72__enc.302e302e31 | tenant: public | md5: 7599e994320d767b7b3589d1359ec4df
2026-09-30 17:20:34,431|opType: publish | rt: 2ms | status: success | requestIp: null | dataId: resource_config_IDENTITY__md.json | group: agentspec__enc.737570706f72742d66696e616e63652d747261636b6572__enc.302e302e31 | tenant: public | md5: 8f865aab2835c7ed1bf9c2fb461028e7
2026-09-30 17:20:34,432|opType: publish | rt: 3ms | status: success | requestIp: null | dataId: resource_config_MEMORY__md.json | group: agentspec__enc.737570706f72742d6578656375746976652d73756d6d6172792d67656e657261746f72__enc.302e302e31 | tenant: public | md5: 7849edd033964641ea3e516013e21fb6
2026-09-30 17:20:34,433|opType: publish | rt: 2ms | status: success | requestIp: null | dataId: resource_tool-analysis_tool-analysis__json.json | group: agentspec__enc.737570706f72742d66696e616e63652d747261636b6572__enc.302e302e31 | tenant: public | md5: 8c648b949ebe138977ee8a62965546d6
2026-09-30 17:20:34,435|opType: publish | rt: 3ms | status: success | requestIp: null | dataId: resource_crons_jobs__json.json | group: agentspec__enc.737570706f72742d66696e616e63652d747261636b6572__enc.302e302e31 | tenant: public | md5: 7797a56b7da9f4ced147ad9da812b701
2026-09-30 17:20:34,435|opType: publish | rt: 3ms | status: success | requestIp: null | dataId: manifest.json | group: agentspec__enc.737570706f72742d66696e616e63652d747261636b6572__enc.302e302e31 | tenant: public | md5: 930dbcf0b93b9a0ce5d23a021b4ecd99
2026-09-30 17:20:34,435|opType: publish | rt: 3ms | status: success | requestIp: null | dataId: resource_config_SOUL__md.json | group: agentspec__enc.737570706f72742d66696e616e63652d747261636b6572__enc.302e302e31 | tenant: public | md5: a0d66d6517d2a7bd21d426753be836af
2026-09-30 17:20:34,435|opType: publish | rt: 3ms | status: success | requestIp: null | dataId: resource_config_AGENTS__md.json | group: agentspec__enc.737570706f72742d66696e616e63652d747261636b6572__enc.302e302e31 | tenant: public | md5: defd52cb81977bbf7d88b4a62cd2dacd
2026-09-30 17:20:34,436|opType: publish | rt: 3ms | status: success | requestIp: null | dataId: resource_config_MEMORY__md.json | group: agentspec__enc.737570706f72742d66696e616e63652d747261636b6572__enc.302e302e31 | tenant: public | md5: d4278d1b57d6bc31a4ff376f55270318
2026-09-30 17:20:34,436|opType: publish | rt: 2ms | status: success | requestIp: null | dataId: manifest.json | group: agentspec__enc.737570706f72742d696e6672617374727563747572652d6d61696e7461696e6572__enc.302e302e31 | tenant: public | md5: 73c2505ab0a2df0ec5d5084b524eccc1
2026-09-30 17:20:34,437|opType: publish | rt: 3ms | status: success | requestIp: null | dataId: skill_index.json | group: skill_animate | tenant: public | md5: a954ba25a6022882637d1312aa486859
2026-09-30 17:20:34,437|opType: publish | rt: 2ms | status: success | requestIp: null | dataId: skill_index.json | group: skill_arrange | tenant: public | md5: a954ba25a6022882637d1312aa486859
2026-09-30 17:20:34,438|opType: publish | rt: 2ms | status: success | requestIp: null | dataId: SKILL.md | group: skill_enc.626f6c646572__enc.302e302e31 | tenant: public | md5: 13e686caecf096f0d550cf1431212199
2026-09-30 17:20:34,438|opType: publish | rt: 2ms | status: success | requestIp: null | dataId: SKILL.md | group: skill_enc.6175646974__enc.302e302e31 | tenant: public | md5: 445420b2d07951da5ca1006852ab615f
2026-09-30 17:20:34,637|opType: publish | rt: 1ms | status: success | requestIp: null | dataId: resource_crons_jobs__json.json | group: agentspec__enc.737570706f72742d696e6672617374727563747572652d6d61696e7461696e6572__enc.302e302e31 | tenant: public | md5: 7797a56b7da9f4ced147ad9da812b701
2026-09-30 17:20:34,637|opType: publish | rt: 1ms | status: success | requestIp: null | dataId: resource_config_IDENTITY__md.json | group: agentspec__enc.737570706f72742d696e6672617374727563747572652d6d61696e7461696e6572__enc.302e302e31 | tenant: public | md5: fdff3e31bc502bbfda3dc795d99f21ef
2026-09-30 17:20:34,638|opType: publish | rt: 2ms | status: success | requestIp: null | dataId: resource_tool-analysis_tool-analysis__json.json | group: agentspec__enc.737570706f72742d696e6672617374727563747572652d6d61696e7461696e6572__enc.302e302e31 | tenant: public | md5: 8c648b949ebe138977ee8a62965546d6
2026-09-30 17:20:34,639|opType: publish | rt: 1ms | status: success | requestIp: null | dataId: resource_config_SOUL__md.json | group: agentspec__enc.737570706f72742d696e6672617374727563747572652d6d61696e7461696e6572__enc.302e302e31 | tenant: public | md5: a17dd10c244cee4fff241aeb4c1c19a3
2026-09-30 17:20:34,640|opType: publish | rt: 1ms | status: success | requestIp: null | dataId: resource_config_MEMORY__md.json | group: agentspec__enc.737570706f72742d696e6672617374727563747572652d6d61696e7461696e6572__enc.302e302e31 | tenant: public | md5: d4278d1b57d6bc31a4ff376f55270318
2026-09-30 17:20:34,640|opType: publish | rt: 2ms | status: success | requestIp: null | dataId: resource_config_AGENTS__md.json | group: agentspec__enc.737570706f72742d696e6672617374727563747572652d6d61696e7461696e6572__enc.302e302e31 | tenant: public | md5: 829d8bcc4ada666e7fe6cab0103abd13
2026-09-30 17:20:34,641|opType: publish | rt: 2ms | status: success | requestIp: null | dataId: manifest.json | group: agentspec__enc.737570706f72742d6c6567616c2d636f6d706c69616e63652d636865636b6572__enc.302e302e31 | tenant: public | md5: 9e3e2caa92d2bcd0bfe07600c3cff740
2026-09-30 17:20:34,641|opType: publish | rt: 1ms | status: success | requestIp: null | dataId: resource_crons_jobs__json.json | group: agentspec__enc.737570706f72742d6c6567616c2d636f6d706c69616e63652d636865636b6572__enc.302e302e31 | tenant: public | md5: 34bf5a0111a01bc397cf8fb652b1eaa2
2026-09-30 17:20:34,641|opType: publish | rt: 1ms | status: success | requestIp: null | dataId: resource_config_IDENTITY__md.json | group: agentspec__enc.737570706f72742d6c6567616c2d636f6d706c69616e63652d636865636b6572__enc.302e302e31 | tenant: public | md5: 9ec6928d79ce899401b3dea973e54735
2026-09-30 17:20:34,642|opType: publish | rt: 2ms | status: success | requestIp: null | dataId: resource_tool-analysis_tool-analysis__json.json | group: agentspec__enc.737570706f72742d6c6567616c2d636f6d706c69616e63652d636865636b6572__enc.302e302e31 | tenant: public | md5: 86fc9323a1471ae7fc724a38cdc5a8c0
2026-09-30 17:20:34,642|opType: publish | rt: 1ms | status: success | requestIp: null | dataId: SKILL.md | group: skill_enc.636c6172696679__enc.302e302e31 | tenant: public | md5: 0dc9ed50437768644095d9504faa4060
2026-09-30 17:20:34,642|opType: publish | rt: 1ms | status: success | requestIp: null | dataId: SKILL.md | group: skill_enc.636f6c6f72697a65__enc.302e302e31 | tenant: public | md5: c6b384e7da6076d3a65f09b10298ee6b
2026-09-30 17:20:34,643|opType: publish | rt: 1ms | status: success | requestIp: null | dataId: skill_index.json | group: skill_audit | tenant: public | md5: a954ba25a6022882637d1312aa486859
2026-09-30 17:20:34,643|opType: publish | rt: 1ms | status: success | requestIp: null | dataId: skill_index.json | group: skill_bolder | tenant: public | md5: a954ba25a6022882637d1312aa486859
2026-09-30 17:20:34,850|opType: publish | rt: 4ms | status: success | requestIp: null | dataId: resource_config_AGENTS__md.json | group: agentspec__enc.737570706f72742d6c6567616c2d636f6d706c69616e63652d636865636b6572__enc.302e302e31 | tenant: public | md5: f0e3d7cd1465b40b185db2c07bb7aa2c
2026-09-30 17:20:34,856|opType: publish | rt: 4ms | status: success | requestIp: null | dataId: resource_config_MEMORY__md.json | group: agentspec__enc.737570706f72742d6c6567616c2d636f6d706c69616e63652d636865636b6572__enc.302e302e31 | tenant: public | md5: e6ee20f5d9d2482755335732070d1f4f
2026-09-30 17:20:34,856|opType: publish | rt: 3ms | status: success | requestIp: null | dataId: resource_config_IDENTITY__md.json | group: agentspec__enc.737570706f72742d726563727569746d656e742d7370656369616c697374__enc.302e302e31 | tenant: public | md5: d2e2b4b7bbea5b81c306c2ce1260018a
2026-09-30 17:20:34,858|opType: publish | rt: 4ms | status: success | requestIp: null | dataId: resource_tool-analysis_tool-analysis__json.json | group: agentspec__enc.737570706f72742d726563727569746d656e742d7370656369616c697374__enc.302e302e31 | tenant: public | md5: 4bfe435d7fb90d3c8e1e491e05672531
2026-09-30 17:20:34,858|opType: publish | rt: 4ms | status: success | requestIp: null | dataId: resource_config_SOUL__md.json | group: agentspec__enc.737570706f72742d6c6567616c2d636f6d706c69616e63652d636865636b6572__enc.302e302e31 | tenant: public | md5: cb44c187cc19fd7b86d7867d9789c1d5
2026-09-30 17:20:34,861|opType: publish | rt: 3ms | status: success | requestIp: null | dataId: resource_crons_jobs__json.json | group: agentspec__enc.737570706f72742d726563727569746d656e742d7370656369616c697374__enc.302e302e31 | tenant: public | md5: 62c6c1dfe7499784535ca01e446e1a99
2026-09-30 17:20:34,862|opType: publish | rt: 4ms | status: success | requestIp: null | dataId: resource_config_SOUL__md.json | group: agentspec__enc.737570706f72742d726563727569746d656e742d7370656369616c697374__enc.302e302e31 | tenant: public | md5: 6da8e8f65755df2090e75bab55560bea
2026-09-30 17:20:34,862|opType: publish | rt: 3ms | status: success | requestIp: null | dataId: resource_config_MEMORY__md.json | group: agentspec__enc.737570706f72742d726563727569746d656e742d7370656369616c697374__enc.302e302e31 | tenant: public | md5: dee47f25a737f4f777488def9f9bf650
2026-09-30 17:20:34,863|opType: publish | rt: 5ms | status: success | requestIp: null | dataId: manifest.json | group: agentspec__enc.737570706f72742d726563727569746d656e742d7370656369616c697374__enc.302e302e31 | tenant: public | md5: 9bdeece7dfe44d1989a9512ac6d29ac8
2026-09-30 17:20:34,863|opType: publish | rt: 5ms | status: success | requestIp: null | dataId: resource_config_AGENTS__md.json | group: agentspec__enc.737570706f72742d726563727569746d656e742d7370656369616c697374__enc.302e302e31 | tenant: public | md5: 1beadd601bb7ab71c5362cbc57f33f97
2026-09-30 17:20:34,864|opType: publish | rt: 5ms | status: success | requestIp: null | dataId: enc.7265666572656e63652f686575726973746963732d73636f72696e672e6d64 | group: skill_enc.6372697469717565__enc.302e302e31 | tenant: public | md5: a96aa92aba66aadb5e8c9a7a64eb6495
2026-09-30 17:20:34,864|opType: publish | rt: 4ms | status: success | requestIp: null | dataId: skill_index.json | group: skill_colorize | tenant: public | md5: a954ba25a6022882637d1312aa486859
2026-09-30 17:20:34,865|opType: publish | rt: 4ms | status: success | requestIp: null | dataId: skill_index.json | group: skill_clarify | tenant: public | md5: a954ba25a6022882637d1312aa486859
2026-09-30 17:20:34,865|opType: publish | rt: 2ms | status: success | requestIp: null | dataId: enc.7265666572656e63652f706572736f6e61732e6d64 | group: skill_enc.6372697469717565__enc.302e302e31 | tenant: public | md5: 291d0989b0938c907ef33cd6c895e6b8
2026-09-30 17:20:34,866|opType: publish | rt: 2ms | status: success | requestIp: null | dataId: SKILL.md | group: skill_enc.6372697469717565__enc.302e302e31 | tenant: public | md5: f5a6e4ff47c8973ad7e77c0fa4325116
2026-09-30 17:20:34,867|opType: publish | rt: 3ms | status: success | requestIp: null | dataId: enc.7265666572656e63652f636f676e69746976652d6c6f61642e6d64 | group: skill_enc.6372697469717565__enc.302e302e31 | tenant: public | md5: 3b484345a2464be0a1c18e981ae9078d
2026-09-30 17:20:34,867|opType: publish | rt: 2ms | status: success | requestIp: null | dataId: SKILL.md | group: skill_enc.64656c69676874__enc.302e302e31 | tenant: public | md5: 25bd4a7cfaf90b73019638a3ced41008
2026-09-30 17:20:35,057|opType: publish | rt: 3ms | status: success | requestIp: null | dataId: manifest.json | group: agentspec__enc.737570706f72742d737570706c792d636861696e2d73747261746567697374__enc.302e302e31 | tenant: public | md5: a5d00b7ae9ddb32a3b3e488adad977a6
2026-09-30 17:20:35,060|opType: publish | rt: 1ms | status: success | requestIp: null | dataId: resource_crons_jobs__json.json | group: agentspec__enc.737570706f72742d737570706c792d636861696e2d73747261746567697374__enc.302e302e31 | tenant: public | md5: 0af851e0abbced2212b18c4045f88ae0
2026-09-30 17:20:35,061|opType: publish | rt: 1ms | status: success | requestIp: null | dataId: resource_config_IDENTITY__md.json | group: agentspec__enc.737570706f72742d737570706c792d636861696e2d73747261746567697374__enc.302e302e31 | tenant: public | md5: 21714ef9babee23e0540e16b36a192f6
2026-09-30 17:20:35,061|opType: publish | rt: 0ms | status: success | requestIp: null | dataId: resource_tool-analysis_tool-analysis__json.json | group: agentspec__enc.737570706f72742d737570706c792d636861696e2d73747261746567697374__enc.302e302e31 | tenant: public | md5: c3947a011fd23fa476aff87e0b01bfea
2026-09-30 17:20:35,064|opType: publish | rt: 1ms | status: success | requestIp: null | dataId: resource_config_SOUL__md.json | group: agentspec__enc.737570706f72742d737570706c792d636861696e2d73747261746567697374__enc.302e302e31 | tenant: public | md5: 2a4ba3f559ed6d6525720a1842d20b85
2026-09-30 17:20:35,064|opType: publish | rt: 2ms | status: success | requestIp: null | dataId: resource_config_AGENTS__md.json | group: agentspec__enc.737570706f72742d737570706c792d636861696e2d73747261746567697374__enc.302e302e31 | tenant: public | md5: ded069dd72353b9ae61e66710d391593
2026-09-30 17:20:35,064|opType: publish | rt: 1ms | status: success | requestIp: null | dataId: resource_config_MEMORY__md.json | group: agentspec__enc.737570706f72742d737570706c792d636861696e2d73747261746567697374__enc.302e302e31 | tenant: public | md5: b796609ca9a6c64ffd4f27b1c1778fac
2026-09-30 17:20:35,067|opType: publish | rt: 1ms | status: success | requestIp: null | dataId: manifest.json | group: agentspec__enc.737570706f72742d737570706f72742d726573706f6e646572__enc.302e302e31 | tenant: public | md5: ba36c827b0e257f547602cea14dad8f9
2026-09-30 17:20:35,068|opType: publish | rt: 1ms | status: success | requestIp: null | dataId: resource_config_IDENTITY__md.json | group: agentspec__enc.737570706f72742d737570706f72742d726573706f6e646572__enc.302e302e31 | tenant: public | md5: 5220eb73c4ccefcfde7ffe99af1b5320
2026-09-30 17:20:35,068|opType: publish | rt: 1ms | status: success | requestIp: null | dataId: resource_crons_jobs__json.json | group: agentspec__enc.737570706f72742d737570706f72742d726573706f6e646572__enc.302e302e31 | tenant: public | md5: 4f5e63402207f50108145e7b22a468d6
2026-09-30 17:20:35,068|opType: publish | rt: 1ms | status: success | requestIp: null | dataId: SKILL.md | group: skill_enc.64697374696c6c__enc.302e302e31 | tenant: public | md5: b03e288aab52390571aa525d07334a11
2026-09-30 17:20:35,069|opType: publish | rt: 1ms | status: success | requestIp: null | dataId: SKILL.md | group: skill_enc.65787472616374__enc.302e302e31 | tenant: public | md5: 9b67eba633c16409a1d516c8f5f20d46
2026-09-30 17:20:35,070|opType: publish | rt: 1ms | status: success | requestIp: null | dataId: skill_index.json | group: skill_critique | tenant: public | md5: 9b7bad12b037de0922706f136e3a62b3
2026-09-30 17:20:35,070|opType: publish | rt: 1ms | status: success | requestIp: null | dataId: skill_index.json | group: skill_delight | tenant: public | md5: a954ba25a6022882637d1312aa486859
2026-09-30 17:20:35,266|opType: publish | rt: 4ms | status: success | requestIp: null | dataId: resource_tool-analysis_tool-analysis__json.json | group: agentspec__enc.737570706f72742d737570706f72742d726573706f6e646572__enc.302e302e31 | tenant: public | md5: 26c81d87771221b9723e25704ac699e4
2026-09-30 17:20:35,269|opType: publish | rt: 4ms | status: success | requestIp: null | dataId: resource_config_AGENTS__md.json | group: agentspec__enc.737570706f72742d737570706f72742d726573706f6e646572__enc.302e302e31 | tenant: public | md5: a8751ddb622514afc13e0eab4cdec9b9
2026-09-30 17:20:35,269|opType: publish | rt: 3ms | status: success | requestIp: null | dataId: resource_config_MEMORY__md.json | group: agentspec__enc.737570706f72742d737570706f72742d726573706f6e646572__enc.302e302e31 | tenant: public | md5: a01810e7327c27daf46600c9226f56f0
2026-09-30 17:20:35,269|opType: publish | rt: 2ms | status: success | requestIp: null | dataId: resource_config_SOUL__md.json | group: agentspec__enc.737570706f72742d737570706f72742d726573706f6e646572__enc.302e302e31 | tenant: public | md5: 3ccaf79d8c241d82a0d774cdc66a712c
2026-09-30 17:20:35,270|opType: publish | rt: 3ms | status: success | requestIp: null | dataId: manifest.json | group: agentspec__enc.746563686e6963616c2d617274697374__enc.302e302e31 | tenant: public | md5: 23a42ab035cc37c672acb945fd799c47
2026-09-30 17:20:35,272|opType: publish | rt: 2ms | status: success | requestIp: null | dataId: resource_crons_jobs__json.json | group: agentspec__enc.746563686e6963616c2d617274697374__enc.302e302e31 | tenant: public | md5: c675ff1bf3cce722062865010346ed12
2026-09-30 17:20:35,273|opType: publish | rt: 3ms | status: success | requestIp: null | dataId: resource_config_IDENTITY__md.json | group: agentspec__enc.746563686e6963616c2d617274697374__enc.302e302e31 | tenant: public | md5: e6925d3bddf17134eea41bf736662273
2026-09-30 17:20:35,273|opType: publish | rt: 2ms | status: success | requestIp: null | dataId: resource_tool-analysis_tool-analysis__json.json | group: agentspec__enc.746563686e6963616c2d617274697374__enc.302e302e31 | tenant: public | md5: ed9e51ad36ed8f45c39caac12c4b024c
2026-09-30 17:20:35,275|opType: publish | rt: 2ms | status: success | requestIp: null | dataId: resource_config_AGENTS__md.json | group: agentspec__enc.746563686e6963616c2d617274697374__enc.302e302e31 | tenant: public | md5: d7530ad4ec9bffffcb0ae383624cc9ab
2026-09-30 17:20:35,276|opType: publish | rt: 2ms | status: success | requestIp: null | dataId: resource_config_SOUL__md.json | group: agentspec__enc.746563686e6963616c2d617274697374__enc.302e302e31 | tenant: public | md5: 1c2d8e102781f64a2da1cd72037dbb13
2026-09-30 17:20:35,276|opType: publish | rt: 2ms | status: success | requestIp: null | dataId: skill_index.json | group: skill_extract | tenant: public | md5: a954ba25a6022882637d1312aa486859
2026-09-30 17:20:35,277|opType: publish | rt: 2ms | status: success | requestIp: null | dataId: SKILL.md | group: skill_enc.6e6f726d616c697a65__enc.302e302e31 | tenant: public | md5: d9731310395a3fd2a25522e15ff5a43f
2026-09-30 17:20:35,277|opType: publish | rt: 1ms | status: success | requestIp: null | dataId: SKILL.md | group: skill_enc.68617264656e__enc.302e302e31 | tenant: public | md5: 05a2cbfc53c357a131b559350d4869b6
2026-09-30 17:20:35,278|opType: publish | rt: 2ms | status: success | requestIp: null | dataId: skill_index.json | group: skill_distill | tenant: public | md5: a954ba25a6022882637d1312aa486859
2026-09-30 17:20:35,476|opType: publish | rt: 3ms | status: success | requestIp: null | dataId: resource_config_MEMORY__md.json | group: agentspec__enc.746563686e6963616c2d617274697374__enc.302e302e31 | tenant: public | md5: e454f60d6eb18523a4652f28535454bb
2026-09-30 17:20:35,477|opType: publish | rt: 3ms | status: success | requestIp: null | dataId: manifest.json | group: agentspec__enc.7465726d696e616c2d696e746567726174696f6e2d7370656369616c697374__enc.302e302e31 | tenant: public | md5: 1ef375b1f1142cc31bf56c300c18e9ee
2026-09-30 17:20:35,482|opType: publish | rt: 5ms | status: success | requestIp: null | dataId: resource_config_IDENTITY__md.json | group: agentspec__enc.7465726d696e616c2d696e746567726174696f6e2d7370656369616c697374__enc.302e302e31 | tenant: public | md5: 114bd788dbdbea9994ba9891aaf6cac7
2026-09-30 17:20:35,483|opType: publish | rt: 5ms | status: success | requestIp: null | dataId: resource_crons_jobs__json.json | group: agentspec__enc.7465726d696e616c2d696e746567726174696f6e2d7370656369616c697374__enc.302e302e31 | tenant: public | md5: 7a4f58dbaf5183d29a9b983f3ba28836
2026-09-30 17:20:35,486|opType: publish | rt: 4ms | status: success | requestIp: null | dataId: resource_tool-analysis_tool-analysis__json.json | group: agentspec__enc.7465726d696e616c2d696e746567726174696f6e2d7370656369616c697374__enc.302e302e31 | tenant: public | md5: dc15c380351ea3ccc851effb9b06407b
2026-09-30 17:20:35,487|opType: publish | rt: 3ms | status: success | requestIp: null | dataId: resource_config_AGENTS__md.json | group: agentspec__enc.7465726d696e616c2d696e746567726174696f6e2d7370656369616c697374__enc.302e302e31 | tenant: public | md5: 6f6c084bf709c1d0b965a6d4b852180f
2026-09-30 17:20:35,487|opType: publish | rt: 2ms | status: success | requestIp: null | dataId: resource_config_MEMORY__md.json | group: agentspec__enc.7465726d696e616c2d696e746567726174696f6e2d7370656369616c697374__enc.302e302e31 | tenant: public | md5: 5dd0efb721ce9b48c61617c02f599920
2026-09-30 17:20:35,488|opType: publish | rt: 4ms | status: success | requestIp: null | dataId: resource_config_SOUL__md.json | group: agentspec__enc.7465726d696e616c2d696e746567726174696f6e2d7370656369616c697374__enc.302e302e31 | tenant: public | md5: 3b5fdeb1aec00ceb4c6150d3448ead78
2026-09-30 17:20:35,488|opType: publish | rt: 3ms | status: success | requestIp: null | dataId: manifest.json | group: agentspec__enc.74657374696e672d6163636573736962696c6974792d61756469746f72__enc.302e302e31 | tenant: public | md5: 827fc97f0fe8eea18a33f07d69364eed
2026-09-30 17:20:35,489|opType: publish | rt: 3ms | status: success | requestIp: null | dataId: resource_crons_jobs__json.json | group: agentspec__enc.74657374696e672d6163636573736962696c6974792d61756469746f72__enc.302e302e31 | tenant: public | md5: 261a2dd66fa8071d5ef0b418479431bc
2026-09-30 17:20:35,490|opType: publish | rt: 2ms | status: success | requestIp: null | dataId: skill_index.json | group: skill_normalize | tenant: public | md5: a954ba25a6022882637d1312aa486859
2026-09-30 17:20:35,492|opType: publish | rt: 3ms | status: success | requestIp: null | dataId: skill_index.json | group: skill_harden | tenant: public | md5: a954ba25a6022882637d1312aa486859
2026-09-30 17:20:35,492|opType: publish | rt: 3ms | status: success | requestIp: null | dataId: SKILL.md | group: skill_enc.6f6e626f617264__enc.302e302e31 | tenant: public | md5: 1a9e6ade07f1718de42430a7502c9508
2026-09-30 17:20:35,492|opType: publish | rt: 2ms | status: success | requestIp: null | dataId: SKILL.md | group: skill_enc.6f7074696d697a65__enc.302e302e31 | tenant: public | md5: e7916723f9eb60a03137e9a8bb59477a
2026-09-30 17:20:35,701|opType: publish | rt: 16ms | status: success | requestIp: null | dataId: resource_config_IDENTITY__md.json | group: agentspec__enc.74657374696e672d6163636573736962696c6974792d61756469746f72__enc.302e302e31 | tenant: public | md5: e24f6003ce58b1af6184c5ef54d80f0e
2026-09-30 17:20:35,704|opType: publish | rt: 4ms | status: success | requestIp: null | dataId: resource_tool-analysis_tool-analysis__json.json | group: agentspec__enc.74657374696e672d6163636573736962696c6974792d61756469746f72__enc.302e302e31 | tenant: public | md5: 00c3dff5b6399f5f83868698b3fed1a9
2026-09-30 17:20:35,706|opType: publish | rt: 3ms | status: success | requestIp: null | dataId: resource_config_AGENTS__md.json | group: agentspec__enc.74657374696e672d6163636573736962696c6974792d61756469746f72__enc.302e302e31 | tenant: public | md5: 30af013ecb9dd0e6f1ad74a296288069
2026-09-30 17:20:35,706|opType: publish | rt: 3ms | status: success | requestIp: null | dataId: resource_config_MEMORY__md.json | group: agentspec__enc.74657374696e672d6163636573736962696c6974792d61756469746f72__enc.302e302e31 | tenant: public | md5: b837386b6a3639be345246ef9aa966d5
2026-09-30 17:20:35,707|opType: publish | rt: 3ms | status: success | requestIp: null | dataId: manifest.json | group: agentspec__enc.74657374696e672d6170692d746573746572__enc.302e302e31 | tenant: public | md5: 4be8ebe642aeeb5e8be362aa7949b580
2026-09-30 17:20:35,708|opType: publish | rt: 3ms | status: success | requestIp: null | dataId: resource_config_SOUL__md.json | group: agentspec__enc.74657374696e672d6163636573736962696c6974792d61756469746f72__enc.302e302e31 | tenant: public | md5: 2112831f84de4c18dee16d1d5268fa6e
2026-09-30 17:20:35,708|opType: publish | rt: 3ms | status: success | requestIp: null | dataId: resource_crons_jobs__json.json | group: agentspec__enc.74657374696e672d6170692d746573746572__enc.302e302e31 | tenant: public | md5: 4b06d6ab0ec5267062daabf6b220ec33
2026-09-30 17:20:35,709|opType: publish | rt: 2ms | status: success | requestIp: null | dataId: resource_config_IDENTITY__md.json | group: agentspec__enc.74657374696e672d6170692d746573746572__enc.302e302e31 | tenant: public | md5: 1140e0ad3adff925fa83675a34fa92dd
2026-09-30 17:20:35,710|opType: publish | rt: 2ms | status: success | requestIp: null | dataId: resource_tool-analysis_tool-analysis__json.json | group: agentspec__enc.74657374696e672d6170692d746573746572__enc.302e302e31 | tenant: public | md5: ac434be91dc01417724704f31d6dfb39
2026-09-30 17:20:35,710|opType: publish | rt: 2ms | status: success | requestIp: null | dataId: resource_config_AGENTS__md.json | group: agentspec__enc.74657374696e672d6170692d746573746572__enc.302e302e31 | tenant: public | md5: f7c8a2e2f572a4bc17b4e50b9021b0ed
2026-09-30 17:20:35,711|opType: publish | rt: 2ms | status: success | requestIp: null | dataId: skill_index.json | group: skill_optimize | tenant: public | md5: a954ba25a6022882637d1312aa486859
2026-09-30 17:20:35,712|opType: publish | rt: 3ms | status: success | requestIp: null | dataId: SKILL.md | group: skill_enc.6f7665726472697665__enc.302e302e31 | tenant: public | md5: 6b2514cba1e63b59c9ff71225acb3b2c
2026-09-30 17:20:35,712|opType: publish | rt: 2ms | status: success | requestIp: null | dataId: SKILL.md | group: skill_enc.706f6c697368__enc.302e302e31 | tenant: public | md5: 4f43c86b62d1aed2e1fc9a3f6759783f
2026-09-30 17:20:35,712|opType: publish | rt: 1ms | status: success | requestIp: null | dataId: skill_index.json | group: skill_onboard | tenant: public | md5: a954ba25a6022882637d1312aa486859
2026-09-30 17:20:35,918|opType: publish | rt: 4ms | status: success | requestIp: null | dataId: resource_config_MEMORY__md.json | group: agentspec__enc.74657374696e672d6170692d746573746572__enc.302e302e31 | tenant: public | md5: 0a1210468bc3ad654ec6f673400c4076
2026-09-30 17:20:35,918|opType: publish | rt: 3ms | status: success | requestIp: null | dataId: resource_config_SOUL__md.json | group: agentspec__enc.74657374696e672d6170692d746573746572__enc.302e302e31 | tenant: public | md5: f0f7d82a5b762e271f70b9b756ea51b1
2026-09-30 17:20:35,921|opType: publish | rt: 3ms | status: success | requestIp: null | dataId: manifest.json | group: agentspec__enc.74657374696e672d656d6265646465642d71612d656e67696e656572__enc.302e302e31 | tenant: public | md5: 811a47431d3bc4c7578d2aceb50bba24
2026-09-30 17:20:35,921|opType: publish | rt: 3ms | status: success | requestIp: null | dataId: resource_crons_jobs__json.json | group: agentspec__enc.74657374696e672d656d6265646465642d71612d656e67696e656572__enc.302e302e31 | tenant: public | md5: 7aef98b9571aafd4bf57ba4c6e52d202
2026-09-30 17:20:35,921|opType: publish | rt: 3ms | status: success | requestIp: null | dataId: resource_config_IDENTITY__md.json | group: agentspec__enc.74657374696e672d656d6265646465642d71612d656e67696e656572__enc.302e302e31 | tenant: public | md5: e2edaddeea296ae2f75129975eacc306
2026-09-30 17:20:35,922|opType: publish | rt: 3ms | status: success | requestIp: null | dataId: resource_tool-analysis_tool-analysis__json.json | group: agentspec__enc.74657374696e672d656d6265646465642d71612d656e67696e656572__enc.302e302e31 | tenant: public | md5: 13d50443b13846cfda39065af692a62a
2026-09-30 17:20:35,922|opType: publish | rt: 2ms | status: success | requestIp: null | dataId: manifest.json | group: agentspec__enc.74657374696e672d65766964656e63652d636f6c6c6563746f72__enc.302e302e31 | tenant: public | md5: dba9e722ae8adc7922ee8f6aaa7ac8cd
2026-09-30 17:20:35,924|opType: publish | rt: 2ms | status: success | requestIp: null | dataId: resource_config_SOUL__md.json | group: agentspec__enc.74657374696e672d656d6265646465642d71612d656e67696e656572__enc.302e302e31 | tenant: public | md5: cc813f35946db54b6c908d850322a3b9
2026-09-30 17:20:35,924|opType: publish | rt: 3ms | status: success | requestIp: null | dataId: resource_config_AGENTS__md.json | group: agentspec__enc.74657374696e672d656d6265646465642d71612d656e67696e656572__enc.302e302e31 | tenant: public | md5: e1ebf9b5d328445bc2ea2490d30f9bf1
2026-09-30 17:20:35,925|opType: publish | rt: 2ms | status: success | requestIp: null | dataId: resource_config_MEMORY__md.json | group: agentspec__enc.74657374696e672d656d6265646465642d71612d656e67696e656572__enc.302e302e31 | tenant: public | md5: ce61d28a0645e58a6436b7f1eabd2744
2026-09-30 17:20:35,926|opType: publish | rt: 3ms | status: success | requestIp: null | dataId: SKILL.md | group: skill_enc.71756965746572__enc.302e302e31 | tenant: public | md5: d2b110d0785d4cbfd54f7dccbf2c1ee9
2026-09-30 17:20:35,927|opType: publish | rt: 3ms | status: success | requestIp: null | dataId: skill_index.json | group: skill_polish | tenant: public | md5: a954ba25a6022882637d1312aa486859
2026-09-30 17:20:35,927|opType: publish | rt: 2ms | status: success | requestIp: null | dataId: SKILL.md | group: skill_enc.74656163682d696d7065636361626c65__enc.302e302e31 | tenant: public | md5: ec502bf3cfa630d051deed98b693e8d8
2026-09-30 17:20:35,927|opType: publish | rt: 1ms | status: success | requestIp: null | dataId: skill_index.json | group: skill_overdrive | tenant: public | md5: a954ba25a6022882637d1312aa486859
2026-09-30 17:20:36,134|opType: publish | rt: 3ms | status: success | requestIp: null | dataId: resource_crons_jobs__json.json | group: agentspec__enc.74657374696e672d65766964656e63652d636f6c6c6563746f72__enc.302e302e31 | tenant: public | md5: 7f2c3ed4cfa2d901f9578f0569c3a354
2026-09-30 17:20:36,134|opType: publish | rt: 3ms | status: success | requestIp: null | dataId: resource_tool-analysis_tool-analysis__json.json | group: agentspec__enc.74657374696e672d65766964656e63652d636f6c6c6563746f72__enc.302e302e31 | tenant: public | md5: 5dc33d2f8ef7babbeb214e8e8368904b
2026-09-30 17:20:36,137|opType: publish | rt: 4ms | status: success | requestIp: null | dataId: resource_config_AGENTS__md.json | group: agentspec__enc.74657374696e672d65766964656e63652d636f6c6c6563746f72__enc.302e302e31 | tenant: public | md5: 510986960a87ad7f2e52eb083eea6bf4
2026-09-30 17:20:36,138|opType: publish | rt: 4ms | status: success | requestIp: null | dataId: resource_config_IDENTITY__md.json | group: agentspec__enc.74657374696e672d65766964656e63652d636f6c6c6563746f72__enc.302e302e31 | tenant: public | md5: ffe2d8f8c9293e98b26442a94e93d19a
2026-09-30 17:20:36,139|opType: publish | rt: 3ms | status: success | requestIp: null | dataId: resource_config_SOUL__md.json | group: agentspec__enc.74657374696e672d65766964656e63652d636f6c6c6563746f72__enc.302e302e31 | tenant: public | md5: 6578f13c586c920a5a0a5231c22067f6
2026-09-30 17:20:36,141|opType: publish | rt: 2ms | status: success | requestIp: null | dataId: resource_config_IDENTITY__md.json | group: agentspec__enc.74657374696e672d706572666f726d616e63652d62656e63686d61726b6572__enc.302e302e31 | tenant: public | md5: b58d6d3fd87bb84be4b0e646e27d8ed5
2026-09-30 17:20:36,141|opType: publish | rt: 2ms | status: success | requestIp: null | dataId: manifest.json | group: agentspec__enc.74657374696e672d706572666f726d616e63652d62656e63686d61726b6572__enc.302e302e31 | tenant: public | md5: 231c44db3413e44f31e836865dd30c9c
2026-09-30 17:20:36,141|opType: publish | rt: 2ms | status: success | requestIp: null | dataId: SKILL.md | group: skill_enc.74797065736574__enc.302e302e31 | tenant: public | md5: 66684e801f3bd0763dd27e72c38e14d7
2026-09-30 17:20:36,141|opType: publish | rt: 2ms | status: success | requestIp: null | dataId: resource_config_MEMORY__md.json | group: agentspec__enc.74657374696e672d65766964656e63652d636f6c6c6563746f72__enc.302e302e31 | tenant: public | md5: fd4f9df350f99c1bf61777a59b1cf61d
2026-09-30 17:20:36,142|opType: publish | rt: 2ms | status: success | requestIp: null | dataId: resource_crons_jobs__json.json | group: agentspec__enc.74657374696e672d706572666f726d616e63652d62656e63686d61726b6572__enc.302e302e31 | tenant: public | md5: bc4fcaa5e2b02d6da6d0a0a3148f7242
2026-09-30 17:20:36,142|opType: publish | rt: 2ms | status: success | requestIp: null | dataId: resource_tool-analysis_tool-analysis__json.json | group: agentspec__enc.74657374696e672d706572666f726d616e63652d62656e63686d61726b6572__enc.302e302e31 | tenant: public | md5: 89de1938fe4637f2134173d1f7ca2730
2026-09-30 17:20:36,143|opType: publish | rt: 2ms | status: success | requestIp: null | dataId: skill_index.json | group: skill_teach-impeccable | tenant: public | md5: a954ba25a6022882637d1312aa486859
2026-09-30 17:20:36,143|opType: publish | rt: 2ms | status: success | requestIp: null | dataId: skill_index.json | group: skill_quieter | tenant: public | md5: a954ba25a6022882637d1312aa486859
2026-09-30 17:20:36,144|opType: publish | rt: 2ms | status: success | requestIp: null | dataId: SKILL.md | group: skill_enc.72656d6f74696f6e2d626573742d707261637469636573__enc.302e302e31 | tenant: public | md5: b8cad1a5254b8a9daba3e70b29e437a8
2026-09-30 17:20:36,144|opType: publish | rt: 2ms | status: success | requestIp: null | dataId: enc.72756c65732f7461696c77696e642e6d64 | group: skill_enc.72656d6f74696f6e2d626573742d707261637469636573__enc.302e302e31 | tenant: public | md5: 74d39a966dce24b4bb06b0a8bcd52dd5
2026-09-30 17:20:36,145|opType: publish | rt: 2ms | status: success | requestIp: null | dataId: enc.72756c65732f6d6561737572696e672d646f6d2d6e6f6465732e6d64 | group: skill_enc.72656d6f74696f6e2d626573742d707261637469636573__enc.302e302e31 | tenant: public | md5: f9382af623ca6a3b0a26f5f6f0f94c82
2026-09-30 17:20:36,146|opType: publish | rt: 3ms | status: success | requestIp: null | dataId: enc.72756c65732f6173736574732f746578742d616e696d6174696f6e732d747970657772697465722e747378 | group: skill_enc.72656d6f74696f6e2d626573742d707261637469636573__enc.302e302e31 | tenant: public | md5: d31e0177028d9d1fc9803fa3ee7f508c
2026-09-30 17:20:36,146|opType: publish | rt: 2ms | status: success | requestIp: null | dataId: enc.72756c65732f6765742d766964656f2d6475726174696f6e2e6d64 | group: skill_enc.72656d6f74696f6e2d626573742d707261637469636573__enc.302e302e31 | tenant: public | md5: cac0bcc75701b4e9a9ddf05febf7ca1a
2026-09-30 17:20:36,146|opType: publish | rt: 1ms | status: success | requestIp: null | dataId: enc.72756c65732f617564696f2d76697375616c697a6174696f6e2e6d64 | group: skill_enc.72656d6f74696f6e2d626573742d707261637469636573__enc.302e302e31 | tenant: public | md5: 687ec85f51a09bb359c0805ee65b1f60
2026-09-30 17:20:36,147|opType: publish | rt: 2ms | status: success | requestIp: null | dataId: enc.72756c65732f6c6f747469652e6d64 | group: skill_enc.72656d6f74696f6e2d626573742d707261637469636573__enc.302e302e31 | tenant: public | md5: 2309fac516bcee03d7268bf019b28986
2026-09-30 17:20:36,147|opType: publish | rt: 2ms | status: success | requestIp: null | dataId: enc.72756c65732f666f6e74732e6d64 | group: skill_enc.72656d6f74696f6e2d626573742d707261637469636573__enc.302e302e31 | tenant: public | md5: 46a988fdca12c3d79eaec47dff6dc4cf
2026-09-30 17:20:36,147|opType: publish | rt: 1ms | status: success | requestIp: null | dataId: enc.72756c65732f696d616765732e6d64 | group: skill_enc.72656d6f74696f6e2d626573742d707261637469636573__enc.302e302e31 | tenant: public | md5: 21de75ac940c6b41f67ff4df761317fe
2026-09-30 17:20:36,341|opType: publish | rt: 3ms | status: success | requestIp: null | dataId: resource_config_AGENTS__md.json | group: agentspec__enc.74657374696e672d706572666f726d616e63652d62656e63686d61726b6572__enc.302e302e31 | tenant: public | md5: d890b17c4cea1a54636cd17fb37fae10
2026-09-30 17:20:36,342|opType: publish | rt: 3ms | status: success | requestIp: null | dataId: resource_config_SOUL__md.json | group: agentspec__enc.74657374696e672d706572666f726d616e63652d62656e63686d61726b6572__enc.302e302e31 | tenant: public | md5: 0197d0a80d04284b3720cb3c683ab7ee
2026-09-30 17:20:36,343|opType: publish | rt: 1ms | status: success | requestIp: null | dataId: resource_config_MEMORY__md.json | group: agentspec__enc.74657374696e672d706572666f726d616e63652d62656e63686d61726b6572__enc.302e302e31 | tenant: public | md5: 3b0a65e42d87d9abe97e3b9c13f780b0
2026-09-30 17:20:36,344|opType: publish | rt: 2ms | status: success | requestIp: null | dataId: resource_crons_jobs__json.json | group: agentspec__enc.74657374696e672d7265616c6974792d636865636b6572__enc.302e302e31 | tenant: public | md5: a74a15d3764864145d8a3ff0a61c8439
2026-09-30 17:20:36,344|opType: publish | rt: 1ms | status: success | requestIp: null | dataId: manifest.json | group: agentspec__enc.74657374696e672d7265616c6974792d636865636b6572__enc.302e302e31 | tenant: public | md5: b514efe22f9b7e4b4b684fdc6fb0a392
2026-09-30 17:20:36,346|opType: publish | rt: 2ms | status: success | requestIp: null | dataId: resource_config_IDENTITY__md.json | group: agentspec__enc.74657374696e672d7265616c6974792d636865636b6572__enc.302e302e31 | tenant: public | md5: 918823e31064c0e6a965579aaea86008
2026-09-30 17:20:36,347|opType: publish | rt: 2ms | status: success | requestIp: null | dataId: enc.72756c65732f696d706f72742d7372742d63617074696f6e732e6d64 | group: skill_enc.72656d6f74696f6e2d626573742d707261637469636573__enc.302e302e31 | tenant: public | md5: 07cc0b9c2360ff438af6902bb787601b
2026-09-30 17:20:36,348|opType: publish | rt: 2ms | status: success | requestIp: null | dataId: resource_tool-analysis_tool-analysis__json.json | group: agentspec__enc.74657374696e672d7265616c6974792d636865636b6572__enc.302e302e31 | tenant: public | md5: 4981f600f22e3d026938839251c042de
2026-09-30 17:20:36,349|opType: publish | rt: 3ms | status: success | requestIp: null | dataId: resource_config_AGENTS__md.json | group: agentspec__enc.74657374696e672d7265616c6974792d636865636b6572__enc.302e302e31 | tenant: public | md5: b8550e6aeec3dad6239f51258e76d160
2026-09-30 17:20:36,349|opType: publish | rt: 2ms | status: success | requestIp: null | dataId: resource_config_MEMORY__md.json | group: agentspec__enc.74657374696e672d7265616c6974792d636865636b6572__enc.302e302e31 | tenant: public | md5: cb88761a7bdaddeb233a8b29a8cb2b28
2026-09-30 17:20:36,349|opType: publish | rt: 2ms | status: success | requestIp: null | dataId: resource_config_SOUL__md.json | group: agentspec__enc.74657374696e672d7265616c6974792d636865636b6572__enc.302e302e31 | tenant: public | md5: 63a3ab00b2cd494ed80010e728a376ae
2026-09-30 17:20:36,350|opType: publish | rt: 2ms | status: success | requestIp: null | dataId: skill_index.json | group: skill_typeset | tenant: public | md5: a954ba25a6022882637d1312aa486859
2026-09-30 17:20:36,350|opType: publish | rt: 2ms | status: success | requestIp: null | dataId: enc.72756c65732f7472616e736974696f6e732e6d64 | group: skill_enc.72656d6f74696f6e2d626573742d707261637469636573__enc.302e302e31 | tenant: public | md5: 39da3cf6fa38c26e855d5d943eaf6b03
2026-09-30 17:20:36,351|opType: publish | rt: 2ms | status: success | requestIp: null | dataId: enc.72756c65732f657874726163742d6672616d65732e6d64 | group: skill_enc.72656d6f74696f6e2d626573742d707261637469636573__enc.302e302e31 | tenant: public | md5: 7661fc68352ae5e0a9403e22aa11cf17
2026-09-30 17:20:36,351|opType: publish | rt: 2ms | status: success | requestIp: null | dataId: enc.72756c65732f636f6d706f736974696f6e732e6d64 | group: skill_enc.72656d6f74696f6e2d626573742d707261637469636573__enc.302e302e31 | tenant: public | md5: 824b0d3916f3f13ce9961cd99ca2e5a4
2026-09-30 17:20:36,351|opType: publish | rt: 1ms | status: success | requestIp: null | dataId: enc.72756c65732f63616e2d6465636f64652e6d64 | group: skill_enc.72656d6f74696f6e2d626573742d707261637469636573__enc.302e302e31 | tenant: public | md5: 39321981beb1d7ee17792c81ea6b850d
2026-09-30 17:20:36,352|opType: publish | rt: 2ms | status: success | requestIp: null | dataId: enc.72756c65732f73657175656e63696e672e6d64 | group: skill_enc.72656d6f74696f6e2d626573742d707261637469636573__enc.302e302e31 | tenant: public | md5: 3b349de58ef7e067b25b145fdfd2fc2c
2026-09-30 17:20:36,352|opType: publish | rt: 1ms | status: success | requestIp: null | dataId: enc.72756c65732f74696d696e672e6d64 | group: skill_enc.72656d6f74696f6e2d626573742d707261637469636573__enc.302e302e31 | tenant: public | md5: c44d770ca618e0609bc3b38ec72f82d3
2026-09-30 17:20:36,353|opType: publish | rt: 2ms | status: success | requestIp: null | dataId: enc.72756c65732f6c696768742d6c65616b732e6d64 | group: skill_enc.72656d6f74696f6e2d626573742d707261637469636573__enc.302e302e31 | tenant: public | md5: 80126570ea8b1325f5e38309fd0809e1
2026-09-30 17:20:36,353|opType: publish | rt: 1ms | status: success | requestIp: null | dataId: enc.72756c65732f766964656f732e6d64 | group: skill_enc.72656d6f74696f6e2d626573742d707261637469636573__enc.302e302e31 | tenant: public | md5: 95a81918543cfe9a78996c1e25ec66cf
2026-09-30 17:20:36,354|opType: publish | rt: 2ms | status: success | requestIp: null | dataId: enc.72756c65732f7375627469746c65732e6d64 | group: skill_enc.72656d6f74696f6e2d626573742d707261637469636573__enc.302e302e31 | tenant: public | md5: 5a016b7956f64529f77a516becd13661
2026-09-30 17:20:36,555|opType: publish | rt: 3ms | status: success | requestIp: null | dataId: resource_crons_jobs__json.json | group: agentspec__enc.74657374696e672d746573742d726573756c74732d616e616c797a6572__enc.302e302e31 | tenant: public | md5: 646b2b55bef3137f6b14ce60fa282d9e
2026-09-30 17:20:36,555|opType: publish | rt: 3ms | status: success | requestIp: null | dataId: resource_config_IDENTITY__md.json | group: agentspec__enc.74657374696e672d746573742d726573756c74732d616e616c797a6572__enc.302e302e31 | tenant: public | md5: 98870f1e82f036031e78585fc5bf0227
2026-09-30 17:20:36,556|opType: publish | rt: 3ms | status: success | requestIp: null | dataId: manifest.json | group: agentspec__enc.74657374696e672d746573742d726573756c74732d616e616c797a6572__enc.302e302e31 | tenant: public | md5: 155560e99bb6102705e2e197cab3d6a5
2026-09-30 17:20:36,557|opType: publish | rt: 2ms | status: success | requestIp: null | dataId: resource_config_SOUL__md.json | group: agentspec__enc.74657374696e672d746573742d726573756c74732d616e616c797a6572__enc.302e302e31 | tenant: public | md5: 281a78254af885cbbc84da3d62515f55
2026-09-30 17:20:36,557|opType: publish | rt: 2ms | status: success | requestIp: null | dataId: resource_tool-analysis_tool-analysis__json.json | group: agentspec__enc.74657374696e672d746573742d726573756c74732d616e616c797a6572__enc.302e302e31 | tenant: public | md5: 2ca37a08808fd1d6eb45472a3fdf3153
2026-09-30 17:20:36,559|opType: publish | rt: 3ms | status: success | requestIp: null | dataId: resource_config_AGENTS__md.json | group: agentspec__enc.74657374696e672d746573742d726573756c74732d616e616c797a6572__enc.302e302e31 | tenant: public | md5: fd7c230b19e8793317b6c064400c13d4
2026-09-30 17:20:36,560|opType: publish | rt: 3ms | status: success | requestIp: null | dataId: resource_config_IDENTITY__md.json | group: agentspec__enc.74657374696e672d746f6f6c2d6576616c7561746f72__enc.302e302e31 | tenant: public | md5: bf9f02e4322d8db9e9ea7a54ab092e4d
2026-09-30 17:20:36,560|opType: publish | rt: 2ms | status: success | requestIp: null | dataId: resource_crons_jobs__json.json | group: agentspec__enc.74657374696e672d746f6f6c2d6576616c7561746f72__enc.302e302e31 | tenant: public | md5: fc8652d95257cf49c74308ca93ba003f
2026-09-30 17:20:36,561|opType: publish | rt: 2ms | status: success | requestIp: null | dataId: resource_config_MEMORY__md.json | group: agentspec__enc.74657374696e672d746573742d726573756c74732d616e616c797a6572__enc.302e302e31 | tenant: public | md5: 35de3c4f6941a86b65c61ec8cc6b9ae4
2026-09-30 17:20:36,561|opType: publish | rt: 2ms | status: success | requestIp: null | dataId: enc.72756c65732f7472616e7363726962652d63617074696f6e732e6d64 | group: skill_enc.72656d6f74696f6e2d626573742d707261637469636573__enc.302e302e31 | tenant: public | md5: 6563bdb785ac372d283147ad45f1a74e
2026-09-30 17:20:36,561|opType: publish | rt: 2ms | status: success | requestIp: null | dataId: manifest.json | group: agentspec__enc.74657374696e672d746f6f6c2d6576616c7561746f72__enc.302e302e31 | tenant: public | md5: 1c873e3941bb9d15c53e6600b79ca203
2026-09-30 17:20:36,562|opType: publish | rt: 3ms | status: success | requestIp: null | dataId: enc.72756c65732f7472616e73706172656e742d766964656f732e6d64 | group: skill_enc.72656d6f74696f6e2d626573742d707261637469636573__enc.302e302e31 | tenant: public | md5: 9c4eb35d53624169b032d63739d2cf35
2026-09-30 17:20:36,563|opType: publish | rt: 3ms | status: success | requestIp: null | dataId: enc.72756c65732f6173736574732f746578742d616e696d6174696f6e732d776f72642d686967686c696768742e747378 | group: skill_enc.72656d6f74696f6e2d626573742d707261637469636573__enc.302e302e31 | tenant: public | md5: 374a961d938b044d9cafdc102e074c60
2026-09-30 17:20:36,564|opType: publish | rt: 3ms | status: success | requestIp: null | dataId: enc.72756c65732f617564696f2e6d64 | group: skill_enc.72656d6f74696f6e2d626573742d707261637469636573__enc.302e302e31 | tenant: public | md5: 0be2f322f986a4c4a3f0aa1186ab8b61
2026-09-30 17:20:36,564|opType: publish | rt: 2ms | status: success | requestIp: null | dataId: enc.72756c65732f7472696d6d696e672e6d64 | group: skill_enc.72656d6f74696f6e2d626573742d707261637469636573__enc.302e302e31 | tenant: public | md5: 7ca81a075ac9186576e45aa97cf88e16
2026-09-30 17:20:36,565|opType: publish | rt: 2ms | status: success | requestIp: null | dataId: enc.72756c65732f6765742d617564696f2d6475726174696f6e2e6d64 | group: skill_enc.72656d6f74696f6e2d626573742d707261637469636573__enc.302e302e31 | tenant: public | md5: d820f23099c4573516868c9f9828bcb1
2026-09-30 17:20:36,565|opType: publish | rt: 2ms | status: success | requestIp: null | dataId: enc.72756c65732f676966732e6d64 | group: skill_enc.72656d6f74696f6e2d626573742d707261637469636573__enc.302e302e31 | tenant: public | md5: 8378fb79148df127988a443dddd5cbdb
2026-09-30 17:20:36,566|opType: publish | rt: 2ms | status: success | requestIp: null | dataId: enc.72756c65732f6173736574732f6368617274732d6261722d63686172742e747378 | group: skill_enc.72656d6f74696f6e2d626573742d707261637469636573__enc.302e302e31 | tenant: public | md5: 6db7265a249a6a032c3ab61f23ebfae1
2026-09-30 17:20:36,567|opType: publish | rt: 3ms | status: success | requestIp: null | dataId: enc.72756c65732f6d6170732e6d64 | group: skill_enc.72656d6f74696f6e2d626573742d707261637469636573__enc.302e302e31 | tenant: public | md5: ddbb125e0ead3e9e551cd61f69619bf7
2026-09-30 17:20:36,567|opType: publish | rt: 2ms | status: success | requestIp: null | dataId: enc.72756c65732f6173736574732e6d64 | group: skill_enc.72656d6f74696f6e2d626573742d707261637469636573__enc.302e302e31 | tenant: public | md5: 13b5f8aec13b4a6b1375913de9832b6c
2026-09-30 17:20:36,762|opType: publish | rt: 3ms | status: success | requestIp: null | dataId: resource_config_AGENTS__md.json | group: agentspec__enc.74657374696e672d746f6f6c2d6576616c7561746f72__enc.302e302e31 | tenant: public | md5: dba7d7b06e0b16052f203ec01d7caf50
2026-09-30 17:20:36,762|opType: publish | rt: 2ms | status: success | requestIp: null | dataId: resource_tool-analysis_tool-analysis__json.json | group: agentspec__enc.74657374696e672d746f6f6c2d6576616c7561746f72__enc.302e302e31 | tenant: public | md5: 6dbf1748ed669c90f5e316f1b35c74a8
2026-09-30 17:20:36,763|opType: publish | rt: 1ms | status: success | requestIp: null | dataId: resource_config_MEMORY__md.json | group: agentspec__enc.74657374696e672d746f6f6c2d6576616c7561746f72__enc.302e302e31 | tenant: public | md5: 477f18428c2111645ba76a57c708db75
2026-09-30 17:20:36,763|opType: publish | rt: 2ms | status: success | requestIp: null | dataId: resource_config_SOUL__md.json | group: agentspec__enc.74657374696e672d746f6f6c2d6576616c7561746f72__enc.302e302e31 | tenant: public | md5: 6562fe4396d10c09efaa259c6889a485
2026-09-30 17:20:36,765|opType: publish | rt: 2ms | status: success | requestIp: null | dataId: manifest.json | group: agentspec__enc.74657374696e672d776f726b666c6f772d6f7074696d697a6572__enc.302e302e31 | tenant: public | md5: fd25bc00f8ea8a1f0f2db60c0ecf0a8e
2026-09-30 17:20:36,765|opType: publish | rt: 1ms | status: success | requestIp: null | dataId: resource_tool-analysis_tool-analysis__json.json | group: agentspec__enc.74657374696e672d776f726b666c6f772d6f7074696d697a6572__enc.302e302e31 | tenant: public | md5: 3cd0390769d0bcc752fb50f2be1f8088
2026-09-30 17:20:36,766|opType: publish | rt: 2ms | status: success | requestIp: null | dataId: resource_crons_jobs__json.json | group: agentspec__enc.74657374696e672d776f726b666c6f772d6f7074696d697a6572__enc.302e302e31 | tenant: public | md5: fb52742b25c00bb4ff5dacecaa79ae1e
2026-09-30 17:20:36,766|opType: publish | rt: 2ms | status: success | requestIp: null | dataId: resource_config_IDENTITY__md.json | group: agentspec__enc.74657374696e672d776f726b666c6f772d6f7074696d697a6572__enc.302e302e31 | tenant: public | md5: bd12f4f6c16c3a1cd2cbabb88a5c223c
2026-09-30 17:20:36,767|opType: publish | rt: 2ms | status: success | requestIp: null | dataId: enc.72756c65732f616e696d6174696f6e732e6d64 | group: skill_enc.72656d6f74696f6e2d626573742d707261637469636573__enc.302e302e31 | tenant: public | md5: a14a4ec516f3e6b03ffc7af742bb3357
2026-09-30 17:20:36,769|opType: publish | rt: 3ms | status: success | requestIp: null | dataId: resource_config_AGENTS__md.json | group: agentspec__enc.74657374696e672d776f726b666c6f772d6f7074696d697a6572__enc.302e302e31 | tenant: public | md5: 196b356cd06c3d7396de79daad60c5f1
2026-09-30 17:20:36,769|opType: publish | rt: 2ms | status: success | requestIp: null | dataId: resource_config_SOUL__md.json | group: agentspec__enc.74657374696e672d776f726b666c6f772d6f7074696d697a6572__enc.302e302e31 | tenant: public | md5: c9941f05af38fefc7e47c6171baf4119
2026-09-30 17:20:36,769|opType: publish | rt: 2ms | status: success | requestIp: null | dataId: enc.72756c65732f63616c63756c6174652d6d657461646174612e6d64 | group: skill_enc.72656d6f74696f6e2d626573742d707261637469636573__enc.302e302e31 | tenant: public | md5: 4a53a0155621e0aa510c83b2d9b79913
2026-09-30 17:20:36,770|opType: publish | rt: 2ms | status: success | requestIp: null | dataId: enc.72756c65732f746578742d616e696d6174696f6e732e6d64 | group: skill_enc.72656d6f74696f6e2d626573742d707261637469636573__enc.302e302e31 | tenant: public | md5: 20b4cae5317ec7e836fab5e6f15c5d99
2026-09-30 17:20:36,770|opType: publish | rt: 2ms | status: success | requestIp: null | dataId: enc.72756c65732f33642e6d64 | group: skill_enc.72656d6f74696f6e2d626573742d707261637469636573__enc.302e302e31 | tenant: public | md5: 40d292c8f9268f4dfe72d0019b28d53e
2026-09-30 17:20:36,771|opType: publish | rt: 2ms | status: success | requestIp: null | dataId: enc.72756c65732f66666d7065672e6d64 | group: skill_enc.72656d6f74696f6e2d626573742d707261637469636573__enc.302e302e31 | tenant: public | md5: ed06af714b1cc0c3f642b7fcd8686648
2026-09-30 17:20:36,771|opType: publish | rt: 1ms | status: success | requestIp: null | dataId: enc.72756c65732f706172616d65746572732e6d64 | group: skill_enc.72656d6f74696f6e2d626573742d707261637469636573__enc.302e302e31 | tenant: public | md5: 27f48c8f43cb7193a86a361f252a90ba
2026-09-30 17:20:36,771|opType: publish | rt: 1ms | status: success | requestIp: null | dataId: enc.72756c65732f7366782e6d64 | group: skill_enc.72656d6f74696f6e2d626573742d707261637469636573__enc.302e302e31 | tenant: public | md5: 1452656ce5578dcba5d3175c0f8ab06f
2026-09-30 17:20:36,772|opType: publish | rt: 1ms | status: success | requestIp: null | dataId: enc.72756c65732f766f6963656f7665722e6d64 | group: skill_enc.72656d6f74696f6e2d626573742d707261637469636573__enc.302e302e31 | tenant: public | md5: 17a79a09f5bcbdb92d9669688585cabb
2026-09-30 17:20:36,772|opType: publish | rt: 1ms | status: success | requestIp: null | dataId: enc.72756c65732f646973706c61792d63617074696f6e732e6d64 | group: skill_enc.72656d6f74696f6e2d626573742d707261637469636573__enc.302e302e31 | tenant: public | md5: 708532b08274897c46a6fadcc13c4dc9
2026-09-30 17:20:36,773|opType: publish | rt: 1ms | status: success | requestIp: null | dataId: enc.72756c65732f6d6561737572696e672d746578742e6d64 | group: skill_enc.72656d6f74696f6e2d626573742d707261637469636573__enc.302e302e31 | tenant: public | md5: a52a79877fa4dbc632cea7c131d0bd7a
2026-09-30 17:20:36,967|opType: publish | rt: 2ms | status: success | requestIp: null | dataId: resource_config_MEMORY__md.json | group: agentspec__enc.74657374696e672d776f726b666c6f772d6f7074696d697a6572__enc.302e302e31 | tenant: public | md5: abd6f37cf80f2a4aa2333fb894a456b3
2026-09-30 17:20:36,970|opType: publish | rt: 3ms | status: success | requestIp: null | dataId: manifest.json | group: agentspec__enc.756e6974792d617263686974656374__enc.302e302e31 | tenant: public | md5: 171bb804d7c506a50f6651c2455769da
2026-09-30 17:20:36,977|opType: publish | rt: 8ms | status: success | requestIp: null | dataId: resource_crons_jobs__json.json | group: agentspec__enc.756e6974792d617263686974656374__enc.302e302e31 | tenant: public | md5: 092ab3244b4ee4ca4f3524788d961e59
2026-09-30 17:20:36,980|opType: publish | rt: 4ms | status: success | requestIp: null | dataId: resource_config_SOUL__md.json | group: agentspec__enc.756e6974792d617263686974656374__enc.302e302e31 | tenant: public | md5: 48f53f4c5762b273f79b7df197f928ce
2026-09-30 17:20:36,980|opType: publish | rt: 3ms | status: success | requestIp: null | dataId: resource_config_AGENTS__md.json | group: agentspec__enc.756e6974792d617263686974656374__enc.302e302e31 | tenant: public | md5: c555de9259b444cf1c17bbe8c334a79f
2026-09-30 17:20:36,981|opType: publish | rt: 3ms | status: success | requestIp: null | dataId: resource_config_IDENTITY__md.json | group: agentspec__enc.756e6974792d617263686974656374__enc.302e302e31 | tenant: public | md5: a92660a470811a9f1efa1bf2c8eba84b
2026-09-30 17:20:36,981|opType: publish | rt: 2ms | status: success | requestIp: null | dataId: enc.72756c65732f6368617274732e6d64 | group: skill_enc.72656d6f74696f6e2d626573742d707261637469636573__enc.302e302e31 | tenant: public | md5: 4e7b845b331b1002fb092a122cfb88e9
2026-09-30 17:20:36,981|opType: publish | rt: 1ms | status: success | requestIp: null | dataId: resource_tool-analysis_tool-analysis__json.json | group: agentspec__enc.756e6974792d617263686974656374__enc.302e302e31 | tenant: public | md5: 2c5aa500c16b157282a123b5fb53d63c
2026-09-30 17:20:36,983|opType: publish | rt: 2ms | status: success | requestIp: null | dataId: resource_config_MEMORY__md.json | group: agentspec__enc.756e6974792d617263686974656374__enc.302e302e31 | tenant: public | md5: a8f12fbfd723d12092411c0fe1d9c215
2026-09-30 17:20:36,983|opType: publish | rt: 2ms | status: success | requestIp: null | dataId: manifest.json | group: agentspec__enc.756e6974792d656469746f722d746f6f6c2d646576656c6f706572__enc.302e302e31 | tenant: public | md5: 085646d2a7074fe36ed74290f5cb67fc
2026-09-30 17:20:36,984|opType: publish | rt: 2ms | status: success | requestIp: null | dataId: enc.72756c65732f6765742d766964656f2d64696d656e73696f6e732e6d64 | group: skill_enc.72656d6f74696f6e2d626573742d707261637469636573__enc.302e302e31 | tenant: public | md5: 3151bc43355e29e1b9df40c278b53436
2026-09-30 17:20:36,985|opType: publish | rt: 3ms | status: success | requestIp: null | dataId: SKILL.md | group: skill_enc.73757061626173652d706f7374677265732d626573742d707261637469636573__enc.312e312e30 | tenant: public | md5: 9ccdfa3ebf5cb2aebb7223af98328c11
2026-09-30 17:20:36,985|opType: publish | rt: 2ms | status: success | requestIp: null | dataId: SKILL.md | group: skill_enc.66696e642d736b696c6c73__enc.302e302e31 | tenant: public | md5: 2c5df7daba6c6b5cc09d6de7bc41262e
2026-09-30 17:20:36,985|opType: publish | rt: 1ms | status: success | requestIp: null | dataId: enc.7265666572656e6365732f636f6e6e2d69646c652d74696d656f75742e6d64 | group: skill_enc.73757061626173652d706f7374677265732d626573742d707261637469636573__enc.312e312e30 | tenant: public | md5: c73ea45eecdb007786cd3b3e08e31640
2026-09-30 17:20:36,985|opType: publish | rt: 2ms | status: success | requestIp: null | dataId: resource_crons_jobs__json.json | group: agentspec__enc.756e6974792d656469746f722d746f6f6c2d646576656c6f706572__enc.302e302e31 | tenant: public | md5: cafcf5ef343a96a7436d3dcd7217db0c
2026-09-30 17:20:36,987|opType: publish | rt: 2ms | status: success | requestIp: null | dataId: AGENTS.md | group: skill_enc.73757061626173652d706f7374677265732d626573742d707261637469636573__enc.312e312e30 | tenant: public | md5: 008c3c48a2274c06e17480d4c039bd63
2026-09-30 17:20:36,987|opType: publish | rt: 2ms | status: success | requestIp: null | dataId: enc.7265666572656e6365732f616476616e6365642d66756c6c2d746578742d7365617263682e6d64 | group: skill_enc.73757061626173652d706f7374677265732d626573742d707261637469636573__enc.312e312e30 | tenant: public | md5: f32a27eab306ad2a29db0a2a8a55b03c
2026-09-30 17:20:36,988|opType: publish | rt: 2ms | status: success | requestIp: null | dataId: enc.7265666572656e6365732f646174612d706167696e6174696f6e2e6d64 | group: skill_enc.73757061626173652d706f7374677265732d626573742d707261637469636573__enc.312e312e30 | tenant: public | md5: 0e9b3211df99b3d35f7083c984b03ccb
2026-09-30 17:20:36,988|opType: publish | rt: 2ms | status: success | requestIp: null | dataId: enc.7265666572656e6365732f73656375726974792d726c732d706572666f726d616e63652e6d64 | group: skill_enc.73757061626173652d706f7374677265732d626573742d707261637469636573__enc.312e312e30 | tenant: public | md5: fcd4957af5dc87b88e1a96c190e89876
2026-09-30 17:20:36,988|opType: publish | rt: 2ms | status: success | requestIp: null | dataId: enc.7265666572656e6365732f646174612d6e2d706c75732d6f6e652e6d64 | group: skill_enc.73757061626173652d706f7374677265732d626573742d707261637469636573__enc.312e312e30 | tenant: public | md5: 4fc111bb51121f5181910b3759061ada
2026-09-30 17:20:37,178|opType: publish | rt: 3ms | status: success | requestIp: null | dataId: resource_config_IDENTITY__md.json | group: agentspec__enc.756e6974792d656469746f722d746f6f6c2d646576656c6f706572__enc.302e302e31 | tenant: public | md5: 751c6f89d12403eef761e97aaa944c37
2026-09-30 17:20:37,178|opType: publish | rt: 2ms | status: success | requestIp: null | dataId: resource_tool-analysis_tool-analysis__json.json | group: agentspec__enc.756e6974792d656469746f722d746f6f6c2d646576656c6f706572__enc.302e302e31 | tenant: public | md5: a13c050899384401568a5dbf46ceb70a
2026-09-30 17:20:37,185|opType: publish | rt: 5ms | status: success | requestIp: null | dataId: resource_config_AGENTS__md.json | group: agentspec__enc.756e6974792d656469746f722d746f6f6c2d646576656c6f706572__enc.302e302e31 | tenant: public | md5: 24ed1d42a2045851b2815e34ef558d42
2026-09-30 17:20:37,186|opType: publish | rt: 4ms | status: success | requestIp: null | dataId: resource_config_SOUL__md.json | group: agentspec__enc.756e6974792d656469746f722d746f6f6c2d646576656c6f706572__enc.302e302e31 | tenant: public | md5: 9de00c64f0e8caf1020b0d184b260864
2026-09-30 17:20:37,190|opType: publish | rt: 3ms | status: success | requestIp: null | dataId: resource_config_MEMORY__md.json | group: agentspec__enc.756e6974792d656469746f722d746f6f6c2d646576656c6f706572__enc.302e302e31 | tenant: public | md5: 2b7b482e3370376a2f01dd0a26868c3f
2026-09-30 17:20:37,192|opType: publish | rt: 3ms | status: success | requestIp: null | dataId: README.md | group: skill_enc.73757061626173652d706f7374677265732d626573742d707261637469636573__enc.312e312e30 | tenant: public | md5: 9eac79f9fb02ecc6e39227fa23010c2c
2026-09-30 17:20:37,192|opType: publish | rt: 3ms | status: success | requestIp: null | dataId: resource_config_IDENTITY__md.json | group: agentspec__enc.756e6974792d6d756c7469706c617965722d656e67696e656572__enc.302e302e31 | tenant: public | md5: fef6d7757a3d5fb8daef091226faa6e5
2026-09-30 17:20:37,193|opType: publish | rt: 2ms | status: success | requestIp: null | dataId: manifest.json | group: agentspec__enc.756e6974792d6d756c7469706c617965722d656e67696e656572__enc.302e302e31 | tenant: public | md5: 5a9fe34365992e1ed3a691ef72978600
2026-09-30 17:20:37,194|opType: publish | rt: 2ms | status: success | requestIp: null | dataId: resource_crons_jobs__json.json | group: agentspec__enc.756e6974792d6d756c7469706c617965722d656e67696e656572__enc.302e302e31 | tenant: public | md5: 7995d215cac87747bb64d5046d1fb919
2026-09-30 17:20:37,195|opType: publish | rt: 2ms | status: success | requestIp: null | dataId: resource_tool-analysis_tool-analysis__json.json | group: agentspec__enc.756e6974792d6d756c7469706c617965722d656e67696e656572__enc.302e302e31 | tenant: public | md5: 3a4083fa6dbf7ad1ee8971f35ee55d02
2026-09-30 17:20:37,196|opType: publish | rt: 3ms | status: success | requestIp: null | dataId: enc.7265666572656e6365732f736368656d612d6c6f776572636173652d6964656e746966696572732e6d64 | group: skill_enc.73757061626173652d706f7374677265732d626573742d707261637469636573__enc.312e312e30 | tenant: public | md5: 1df2eae336d542d365f99abdfa968367
2026-09-30 17:20:37,196|opType: publish | rt: 2ms | status: success | requestIp: null | dataId: enc.7265666572656e6365732f6c6f636b2d73686f72742d7472616e73616374696f6e732e6d64 | group: skill_enc.73757061626173652d706f7374677265732d626573742d707261637469636573__enc.312e312e30 | tenant: public | md5: aea973297ac14bba2586a2ff57fd8ff7
2026-09-30 17:20:37,197|opType: publish | rt: 4ms | status: success | requestIp: null | dataId: enc.7265666572656e6365732f646174612d62617463682d696e73657274732e6d64 | group: skill_enc.73757061626173652d706f7374677265732d626573742d707261637469636573__enc.312e312e30 | tenant: public | md5: 75a4e92f80b90818221fae51f8b994f1
2026-09-30 17:20:37,197|opType: publish | rt: 3ms | status: success | requestIp: null | dataId: enc.7265666572656e6365732f6c6f636b2d736b69702d6c6f636b65642e6d64 | group: skill_enc.73757061626173652d706f7374677265732d626573742d707261637469636573__enc.312e312e30 | tenant: public | md5: 26e9bd402801299afce06ee506a9f864
2026-09-30 17:20:37,197|opType: publish | rt: 2ms | status: success | requestIp: null | dataId: enc.7265666572656e6365732f636f6e6e2d6c696d6974732e6d64 | group: skill_enc.73757061626173652d706f7374677265732d626573742d707261637469636573__enc.312e312e30 | tenant: public | md5: 59025fe12439048e81296f28feca4ce1
2026-09-30 17:20:37,197|opType: publish | rt: 2ms | status: success | requestIp: null | dataId: resource_config_AGENTS__md.json | group: agentspec__enc.756e6974792d6d756c7469706c617965722d656e67696e656572__enc.302e302e31 | tenant: public | md5: 5845bda37e93e17ee6a5888380ffc3e3
2026-09-30 17:20:37,198|opType: publish | rt: 2ms | status: success | requestIp: null | dataId: enc.7265666572656e6365732f636f6e6e2d70726570617265642d73746174656d656e74732e6d64 | group: skill_enc.73757061626173652d706f7374677265732d626573742d707261637469636573__enc.312e312e30 | tenant: public | md5: fe941145678825d273baac1fe66d4dce
2026-09-30 17:20:37,199|opType: publish | rt: 2ms | status: success | requestIp: null | dataId: skill_index.json | group: skill_remotion-best-practices | tenant: public | md5: 29170c043ef85db7fee87275936ef2a5
2026-09-30 17:20:37,199|opType: publish | rt: 2ms | status: success | requestIp: null | dataId: skill_index.json | group: skill_find-skills | tenant: public | md5: a954ba25a6022882637d1312aa486859
2026-09-30 17:20:37,200|opType: publish | rt: 2ms | status: success | requestIp: null | dataId: enc.7265666572656e6365732f71756572792d636f766572696e672d696e64657865732e6d64 | group: skill_enc.73757061626173652d706f7374677265732d626573742d707261637469636573__enc.312e312e30 | tenant: public | md5: 5e62afcfe9289405caec1f32f351dd29
2026-09-30 17:20:37,200|opType: publish | rt: 2ms | status: success | requestIp: null | dataId: enc.7265666572656e6365732f616476616e6365642d6a736f6e622d696e646578696e672e6d64 | group: skill_enc.73757061626173652d706f7374677265732d626573742d707261637469636573__enc.312e312e30 | tenant: public | md5: 5b4fbcc451879892d366fa02194bb536
2026-09-30 17:20:37,200|opType: publish | rt: 1ms | status: success | requestIp: null | dataId: enc.7265666572656e6365732f736368656d612d706172746974696f6e696e672e6d64 | group: skill_enc.73757061626173652d706f7374677265732d626573742d707261637469636573__enc.312e312e30 | tenant: public | md5: e95568857288b614ba0d4b8cd1b4fb72
2026-09-30 17:20:37,388|opType: publish | rt: 2ms | status: success | requestIp: null | dataId: resource_config_SOUL__md.json | group: agentspec__enc.756e6974792d6d756c7469706c617965722d656e67696e656572__enc.302e302e31 | tenant: public | md5: 366121a8945da1c65380aa45e769ecab
2026-09-30 17:20:37,389|opType: publish | rt: 2ms | status: success | requestIp: null | dataId: resource_config_MEMORY__md.json | group: agentspec__enc.756e6974792d6d756c7469706c617965722d656e67696e656572__enc.302e302e31 | tenant: public | md5: 97924f2355fb12522b36aba6dbed2606
2026-09-30 17:20:37,392|opType: publish | rt: 2ms | status: success | requestIp: null | dataId: manifest.json | group: agentspec__enc.756e6974792d7368616465722d67726170682d617274697374__enc.302e302e31 | tenant: public | md5: a33ffa8f3b6eb2c03ae046251f4dea30
2026-09-30 17:20:37,392|opType: publish | rt: 2ms | status: success | requestIp: null | dataId: resource_crons_jobs__json.json | group: agentspec__enc.756e6974792d7368616465722d67726170682d617274697374__enc.302e302e31 | tenant: public | md5: b6bb376583d695e3e400db48838f1f50
2026-09-30 17:20:37,394|opType: publish | rt: 2ms | status: success | requestIp: null | dataId: resource_config_IDENTITY__md.json | group: agentspec__enc.756e6974792d7368616465722d67726170682d617274697374__enc.302e302e31 | tenant: public | md5: 8cdb1461d9fbb8a8438e83046a349f82
2026-09-30 17:20:37,401|opType: publish | rt: 5ms | status: success | requestIp: null | dataId: enc.7265666572656e6365732f6c6f636b2d61647669736f72792e6d64 | group: skill_enc.73757061626173652d706f7374677265732d626573742d707261637469636573__enc.312e312e30 | tenant: public | md5: 3f3523b7b0a812a6906f92a6610a5a9b
2026-09-30 17:20:37,403|opType: publish | rt: 3ms | status: success | requestIp: null | dataId: resource_tool-analysis_tool-analysis__json.json | group: agentspec__enc.756e6974792d7368616465722d67726170682d617274697374__enc.302e302e31 | tenant: public | md5: 53136693be61d692d092a0bbbcc1b169
2026-09-30 17:20:37,404|opType: publish | rt: 4ms | status: success | requestIp: null | dataId: resource_config_SOUL__md.json | group: agentspec__enc.756e6974792d7368616465722d67726170682d617274697374__enc.302e302e31 | tenant: public | md5: 27bd8f0f7428e91ad60d2cee623b6d26
2026-09-30 17:20:37,405|opType: publish | rt: 2ms | status: success | requestIp: null | dataId: resource_config_MEMORY__md.json | group: agentspec__enc.756e6974792d7368616465722d67726170682d617274697374__enc.302e302e31 | tenant: public | md5: e82a00d2fb5bebe0cc8fe7b0b66ff306
2026-09-30 17:20:37,405|opType: publish | rt: 2ms | status: success | requestIp: null | dataId: resource_config_AGENTS__md.json | group: agentspec__enc.756e6974792d7368616465722d67726170682d617274697374__enc.302e302e31 | tenant: public | md5: 79ed6a6a72bad0c39e58f3977f957bbf
2026-09-30 17:20:37,405|opType: publish | rt: 1ms | status: success | requestIp: null | dataId: enc.7265666572656e6365732f636f6e6e2d706f6f6c696e672e6d64 | group: skill_enc.73757061626173652d706f7374677265732d626573742d707261637469636573__enc.312e312e30 | tenant: public | md5: 8561b805a5e0bdfa348840266861de66
2026-09-30 17:20:37,406|opType: publish | rt: 2ms | status: success | requestIp: null | dataId: enc.7265666572656e6365732f71756572792d6d697373696e672d696e64657865732e6d64 | group: skill_enc.73757061626173652d706f7374677265732d626573742d707261637469636573__enc.312e312e30 | tenant: public | md5: 1bd5f85a9c930219dd479825986bd6ad
2026-09-30 17:20:37,406|opType: publish | rt: 1ms | status: success | requestIp: null | dataId: enc.7265666572656e6365732f6d6f6e69746f722d76616375756d2d616e616c797a652e6d64 | group: skill_enc.73757061626173652d706f7374677265732d626573742d707261637469636573__enc.312e312e30 | tenant: public | md5: e3d1e4f8831a37bdb1c7f364b911f7a6
2026-09-30 17:20:37,407|opType: publish | rt: 2ms | status: success | requestIp: null | dataId: enc.7265666572656e6365732f73656375726974792d726c732d6261736963732e6d64 | group: skill_enc.73757061626173652d706f7374677265732d626573742d707261637469636573__enc.312e312e30 | tenant: public | md5: 2349e490ff266b1c2b81a2368c054baa
2026-09-30 17:20:37,407|opType: publish | rt: 1ms | status: success | requestIp: null | dataId: manifest.json | group: agentspec__enc.756e7265616c2d6d756c7469706c617965722d617263686974656374__enc.302e302e31 | tenant: public | md5: 08ba8900c51c77b51ee88eb7626ef536
2026-09-30 17:20:37,408|opType: publish | rt: 2ms | status: success | requestIp: null | dataId: enc.7265666572656e6365732f5f73656374696f6e732e6d64 | group: skill_enc.73757061626173652d706f7374677265732d626573742d707261637469636573__enc.312e312e30 | tenant: public | md5: 7cc4829a3718c745dfdbec554c30485f
2026-09-30 17:20:37,408|opType: publish | rt: 1ms | status: success | requestIp: null | dataId: enc.7265666572656e6365732f736368656d612d666f726569676e2d6b65792d696e64657865732e6d64 | group: skill_enc.73757061626173652d706f7374677265732d626573742d707261637469636573__enc.312e312e30 | tenant: public | md5: 6bc02b38edd88e56c89bab863f5c789b
2026-09-30 17:20:37,408|opType: publish | rt: 1ms | status: success | requestIp: null | dataId: enc.7265666572656e6365732f736368656d612d646174612d74797065732e6d64 | group: skill_enc.73757061626173652d706f7374677265732d626573742d707261637469636573__enc.312e312e30 | tenant: public | md5: a10f1ec17bd499622d9201af3d00e0d4
2026-09-30 17:20:37,409|opType: publish | rt: 1ms | status: success | requestIp: null | dataId: enc.7265666572656e6365732f736368656d612d636f6e73747261696e74732e6d64 | group: skill_enc.73757061626173652d706f7374677265732d626573742d707261637469636573__enc.312e312e30 | tenant: public | md5: e7362385f5b79c28f5e495d7c45a7a52
2026-09-30 17:20:37,409|opType: publish | rt: 1ms | status: success | requestIp: null | dataId: enc.7265666572656e6365732f5f636f6e747269627574696e672e6d64 | group: skill_enc.73757061626173652d706f7374677265732d626573742d707261637469636573__enc.312e312e30 | tenant: public | md5: 647252fcbc086e92adfa6dccb4005b67
2026-09-30 17:20:37,605|opType: publish | rt: 3ms | status: success | requestIp: null | dataId: resource_crons_jobs__json.json | group: agentspec__enc.756e7265616c2d6d756c7469706c617965722d617263686974656374__enc.302e302e31 | tenant: public | md5: a2058845c1b5a05433011e87f66e8b7c
2026-09-30 17:20:37,607|opType: publish | rt: 2ms | status: success | requestIp: null | dataId: resource_config_IDENTITY__md.json | group: agentspec__enc.756e7265616c2d6d756c7469706c617965722d617263686974656374__enc.302e302e31 | tenant: public | md5: 31df68f8826dcc53733fc96b2aa4ca55
2026-09-30 17:20:37,609|opType: publish | rt: 4ms | status: success | requestIp: null | dataId: resource_config_SOUL__md.json | group: agentspec__enc.756e7265616c2d6d756c7469706c617965722d617263686974656374__enc.302e302e31 | tenant: public | md5: 6708527b2098337c7b5136bb0d9a97c6
2026-09-30 17:20:37,610|opType: publish | rt: 5ms | status: success | requestIp: null | dataId: resource_tool-analysis_tool-analysis__json.json | group: agentspec__enc.756e7265616c2d6d756c7469706c617965722d617263686974656374__enc.302e302e31 | tenant: public | md5: 3d0b192a0a7eb26938cd6b3499a9ed37
2026-09-30 17:20:37,610|opType: publish | rt: 5ms | status: success | requestIp: null | dataId: resource_config_AGENTS__md.json | group: agentspec__enc.756e7265616c2d6d756c7469706c617965722d617263686974656374__enc.302e302e31 | tenant: public | md5: ba1a6e888579abed14698ffe763120d7
2026-09-30 17:20:37,612|opType: publish | rt: 3ms | status: success | requestIp: null | dataId: enc.7265666572656e6365732f5f74656d706c6174652e6d64 | group: skill_enc.73757061626173652d706f7374677265732d626573742d707261637469636573__enc.312e312e30 | tenant: public | md5: 384ee769a417d3001e81d81b139acbf6
2026-09-30 17:20:37,612|opType: publish | rt: 3ms | status: success | requestIp: null | dataId: resource_config_MEMORY__md.json | group: agentspec__enc.756e7265616c2d6d756c7469706c617965722d617263686974656374__enc.302e302e31 | tenant: public | md5: 8806a890640de96ac5147e2dab11f652
2026-09-30 17:20:37,616|opType: publish | rt: 4ms | status: success | requestIp: null | dataId: manifest.json | group: agentspec__enc.756e7265616c2d73797374656d732d656e67696e656572__enc.302e302e31 | tenant: public | md5: 3bd444a71c3405cc60ad83cfabe79210
2026-09-30 17:20:37,616|opType: publish | rt: 3ms | status: success | requestIp: null | dataId: resource_config_IDENTITY__md.json | group: agentspec__enc.756e7265616c2d73797374656d732d656e67696e656572__enc.302e302e31 | tenant: public | md5: afc13044901f05638a4f7c5f417a303b
2026-09-30 17:20:37,617|opType: publish | rt: 4ms | status: success | requestIp: null | dataId: resource_crons_jobs__json.json | group: agentspec__enc.756e7265616c2d73797374656d732d656e67696e656572__enc.302e302e31 | tenant: public | md5: 0e1e4d3534d46951e642eac26c6bfede
2026-09-30 17:20:37,617|opType: publish | rt: 4ms | status: success | requestIp: null | dataId: enc.7265666572656e6365732f6d6f6e69746f722d70672d737461742d73746174656d656e74732e6d64 | group: skill_enc.73757061626173652d706f7374677265732d626573742d707261637469636573__enc.312e312e30 | tenant: public | md5: ee51d9586cf18c848563799c14dcc638
2026-09-30 17:20:37,618|opType: publish | rt: 4ms | status: success | requestIp: null | dataId: enc.7265666572656e6365732f6d6f6e69746f722d6578706c61696e2d616e616c797a652e6d64 | group: skill_enc.73757061626173652d706f7374677265732d626573742d707261637469636573__enc.312e312e30 | tenant: public | md5: 93d5998318098652ac380cd354718924
2026-09-30 17:20:37,618|opType: publish | rt: 3ms | status: success | requestIp: null | dataId: enc.7265666572656e6365732f71756572792d696e6465782d74797065732e6d64 | group: skill_enc.73757061626173652d706f7374677265732d626573742d707261637469636573__enc.312e312e30 | tenant: public | md5: ef0d4ad9d1eb0466a0bde542ade59de2
2026-09-30 17:20:37,618|opType: publish | rt: 3ms | status: success | requestIp: null | dataId: resource_tool-analysis_tool-analysis__json.json | group: agentspec__enc.756e7265616c2d73797374656d732d656e67696e656572__enc.302e302e31 | tenant: public | md5: 54504ea1c6b9333321c3975e9add27c4
2026-09-30 17:20:37,619|opType: publish | rt: 2ms | status: success | requestIp: null | dataId: enc.7265666572656e6365732f646174612d7570736572742e6d64 | group: skill_enc.73757061626173652d706f7374677265732d626573742d707261637469636573__enc.312e312e30 | tenant: public | md5: 51a26138848f5fec547cd56b9bcb33d4
2026-09-30 17:20:37,620|opType: publish | rt: 2ms | status: success | requestIp: null | dataId: enc.7265666572656e6365732f71756572792d636f6d706f736974652d696e64657865732e6d64 | group: skill_enc.73757061626173652d706f7374677265732d626573742d707261637469636573__enc.312e312e30 | tenant: public | md5: bd959891036289cfaf3d54e49599b2d0
2026-09-30 17:20:37,621|opType: publish | rt: 3ms | status: success | requestIp: null | dataId: enc.7265666572656e6365732f73656375726974792d70726976696c656765732e6d64 | group: skill_enc.73757061626173652d706f7374677265732d626573742d707261637469636573__enc.312e312e30 | tenant: public | md5: 212beb5d93e7c02cb61c95e117af3aaa
2026-09-30 17:20:37,621|opType: publish | rt: 2ms | status: success | requestIp: null | dataId: enc.7265666572656e6365732f6c6f636b2d646561646c6f636b2d70726576656e74696f6e2e6d64 | group: skill_enc.73757061626173652d706f7374677265732d626573742d707261637469636573__enc.312e312e30 | tenant: public | md5: 07eae98867b47074d82528df59d2135e
2026-09-30 17:20:37,622|opType: publish | rt: 2ms | status: success | requestIp: null | dataId: enc.7265666572656e6365732f71756572792d7061727469616c2d696e64657865732e6d64 | group: skill_enc.73757061626173652d706f7374677265732d626573742d707261637469636573__enc.312e312e30 | tenant: public | md5: a6c64f9136f8a7880e53df3e259d90c9
2026-09-30 17:20:37,622|opType: publish | rt: 2ms | status: success | requestIp: null | dataId: enc.7265666572656e6365732f736368656d612d7072696d6172792d6b6579732e6d64 | group: skill_enc.73757061626173652d706f7374677265732d626573742d707261637469636573__enc.312e312e30 | tenant: public | md5: 63412819d632d8cbe39f14630e5de085
2026-09-30 17:20:37,816|opType: publish | rt: 3ms | status: success | requestIp: null | dataId: resource_config_MEMORY__md.json | group: agentspec__enc.756e7265616c2d73797374656d732d656e67696e656572__enc.302e302e31 | tenant: public | md5: 71afa4feb0469a9d936c3392fde44dab
2026-09-30 17:20:37,816|opType: publish | rt: 4ms | status: success | requestIp: null | dataId: resource_config_AGENTS__md.json | group: agentspec__enc.756e7265616c2d73797374656d732d656e67696e656572__enc.302e302e31 | tenant: public | md5: 54f3442cc724d7d4efc6f735f7636ce1
2026-09-30 17:20:37,817|opType: publish | rt: 4ms | status: success | requestIp: null | dataId: resource_config_SOUL__md.json | group: agentspec__enc.756e7265616c2d73797374656d732d656e67696e656572__enc.302e302e31 | tenant: public | md5: 95e9947359a8874c0d36848df96d5b9c
2026-09-30 17:20:37,819|opType: publish | rt: 2ms | status: success | requestIp: null | dataId: manifest.json | group: agentspec__enc.756e7265616c2d746563686e6963616c2d617274697374__enc.302e302e31 | tenant: public | md5: 6b3d1ab1ca84f678b7e15ebfb33b3109
2026-09-30 17:20:37,820|opType: publish | rt: 2ms | status: success | requestIp: null | dataId: CLAUDE.md | group: skill_enc.73757061626173652d706f7374677265732d626573742d707261637469636573__enc.312e312e30 | tenant: public | md5: bc5441b46c60dc9086061eb9793d0283
2026-09-30 17:20:37,820|opType: publish | rt: 2ms | status: success | requestIp: null | dataId: resource_crons_jobs__json.json | group: agentspec__enc.756e7265616c2d746563686e6963616c2d617274697374__enc.302e302e31 | tenant: public | md5: 602438202e08a720dbd6dd6e7cc0061c
2026-09-30 17:20:37,821|opType: publish | rt: 2ms | status: success | requestIp: null | dataId: resource_config_IDENTITY__md.json | group: agentspec__enc.756e7265616c2d746563686e6963616c2d617274697374__enc.302e302e31 | tenant: public | md5: bfa6d371d490cc8701503d14faad9d5f
2026-09-30 17:20:37,822|opType: publish | rt: 2ms | status: success | requestIp: null | dataId: resource_tool-analysis_tool-analysis__json.json | group: agentspec__enc.756e7265616c2d746563686e6963616c2d617274697374__enc.302e302e31 | tenant: public | md5: ee7225919d083a5d1878b65a10a724c9
2026-09-30 17:20:37,823|opType: publish | rt: 2ms | status: success | requestIp: null | dataId: resource_config_AGENTS__md.json | group: agentspec__enc.756e7265616c2d746563686e6963616c2d617274697374__enc.302e302e31 | tenant: public | md5: db14870bcad65de92b9cba4f32981680
2026-09-30 17:20:37,824|opType: publish | rt: 2ms | status: success | requestIp: null | dataId: resource_config_MEMORY__md.json | group: agentspec__enc.756e7265616c2d746563686e6963616c2d617274697374__enc.302e302e31 | tenant: public | md5: 6420c6994d2009759fe1eeff84b23d8f
2026-09-30 17:20:37,824|opType: publish | rt: 3ms | status: success | requestIp: null | dataId: resource_config_SOUL__md.json | group: agentspec__enc.756e7265616c2d746563686e6963616c2d617274697374__enc.302e302e31 | tenant: public | md5: 3c24221e5c648b6ac386d125a6fe444e
2026-09-30 17:20:38,032|opType: publish | rt: 5ms | status: success | requestIp: null | dataId: resource_crons_jobs__json.json | group: agentspec__enc.756e7265616c2d776f726c642d6275696c646572__enc.302e302e31 | tenant: public | md5: e0c3c63f8b4ab27fd7602e91e32fb2c9
2026-09-30 17:20:38,032|opType: publish | rt: 4ms | status: success | requestIp: null | dataId: resource_config_MEMORY__md.json | group: agentspec__enc.756e7265616c2d776f726c642d6275696c646572__enc.302e302e31 | tenant: public | md5: c3ed8c7f80fdec79bb0c4343fbf2255a
2026-09-30 17:20:38,032|opType: publish | rt: 4ms | status: success | requestIp: null | dataId: manifest.json | group: agentspec__enc.756e7265616c2d776f726c642d6275696c646572__enc.302e302e31 | tenant: public | md5: b4a362da1e7ef248c7bf9fda7323b628
2026-09-30 17:20:38,033|opType: publish | rt: 3ms | status: success | requestIp: null | dataId: resource_tool-analysis_tool-analysis__json.json | group: agentspec__enc.756e7265616c2d776f726c642d6275696c646572__enc.302e302e31 | tenant: public | md5: d7ea687caf6cb34dcca19d78d06b9a45
2026-09-30 17:20:38,034|opType: publish | rt: 5ms | status: success | requestIp: null | dataId: resource_config_IDENTITY__md.json | group: agentspec__enc.756e7265616c2d776f726c642d6275696c646572__enc.302e302e31 | tenant: public | md5: 27e7e720c184d95c014176383beffa4f
2026-09-30 17:20:38,034|opType: publish | rt: 3ms | status: success | requestIp: null | dataId: resource_config_SOUL__md.json | group: agentspec__enc.756e7265616c2d776f726c642d6275696c646572__enc.302e302e31 | tenant: public | md5: e33206fe9cc249f730da09586a46c6ba
2026-09-30 17:20:38,035|opType: publish | rt: 2ms | status: success | requestIp: null | dataId: manifest.json | group: agentspec__enc.766973696f6e6f732d7370617469616c2d656e67696e656572__enc.302e302e31 | tenant: public | md5: 665f8b515b8bbf4cd6446eb2b6bd0e93
2026-09-30 17:20:38,035|opType: publish | rt: 3ms | status: success | requestIp: null | dataId: resource_config_AGENTS__md.json | group: agentspec__enc.756e7265616c2d776f726c642d6275696c646572__enc.302e302e31 | tenant: public | md5: e083eb3d8ff25547abf951ec7016ca0c
2026-09-30 17:20:38,036|opType: publish | rt: 2ms | status: success | requestIp: null | dataId: resource_crons_jobs__json.json | group: agentspec__enc.766973696f6e6f732d7370617469616c2d656e67696e656572__enc.302e302e31 | tenant: public | md5: 0c1abfc0979ff76e9529ab5ae0a261d2
2026-09-30 17:20:38,036|opType: publish | rt: 2ms | status: success | requestIp: null | dataId: resource_config_IDENTITY__md.json | group: agentspec__enc.766973696f6e6f732d7370617469616c2d656e67696e656572__enc.302e302e31 | tenant: public | md5: deb29a1aa917c2f15d5e194923c77cda
2026-09-30 17:20:38,037|opType: publish | rt: 2ms | status: success | requestIp: null | dataId: skill_index.json | group: skill_supabase-postgres-best-practices | tenant: public | md5: ead98eca9eada63aa3889edc0757f4e3
2026-09-30 17:20:38,244|opType: publish | rt: 2ms | status: success | requestIp: null | dataId: resource_tool-analysis_tool-analysis__json.json | group: agentspec__enc.766973696f6e6f732d7370617469616c2d656e67696e656572__enc.302e302e31 | tenant: public | md5: c2b321b215d3003183fb6769b88c0a26
2026-09-30 17:20:38,247|opType: publish | rt: 2ms | status: success | requestIp: null | dataId: resource_config_MEMORY__md.json | group: agentspec__enc.766973696f6e6f732d7370617469616c2d656e67696e656572__enc.302e302e31 | tenant: public | md5: ec24eabd713e61f2131fb44d5320963c
2026-09-30 17:20:38,247|opType: publish | rt: 2ms | status: success | requestIp: null | dataId: resource_config_SOUL__md.json | group: agentspec__enc.766973696f6e6f732d7370617469616c2d656e67696e656572__enc.302e302e31 | tenant: public | md5: 4e5ed7b198155d2af39787bb06c8677b
2026-09-30 17:20:38,248|opType: publish | rt: 2ms | status: success | requestIp: null | dataId: resource_config_AGENTS__md.json | group: agentspec__enc.766973696f6e6f732d7370617469616c2d656e67696e656572__enc.302e302e31 | tenant: public | md5: 2d6860020d9c76fc776213e09e2a8f6e
2026-09-30 17:20:38,249|opType: publish | rt: 2ms | status: success | requestIp: null | dataId: manifest.json | group: agentspec__enc.78722d636f636b7069742d696e746572616374696f6e2d7370656369616c697374__enc.302e302e31 | tenant: public | md5: 33850d0a50a75d02db130ca63524498a
2026-09-30 17:20:38,249|opType: publish | rt: 2ms | status: success | requestIp: null | dataId: resource_config_IDENTITY__md.json | group: agentspec__enc.78722d636f636b7069742d696e746572616374696f6e2d7370656369616c697374__enc.302e302e31 | tenant: public | md5: fab1bc5dff15a5b03aa1e2f592970968
2026-09-30 17:20:38,250|opType: publish | rt: 2ms | status: success | requestIp: null | dataId: resource_config_AGENTS__md.json | group: agentspec__enc.78722d636f636b7069742d696e746572616374696f6e2d7370656369616c697374__enc.302e302e31 | tenant: public | md5: 3cfec9794b7af34d9f429391358224a6
2026-09-30 17:20:38,251|opType: publish | rt: 2ms | status: success | requestIp: null | dataId: resource_tool-analysis_tool-analysis__json.json | group: agentspec__enc.78722d636f636b7069742d696e746572616374696f6e2d7370656369616c697374__enc.302e302e31 | tenant: public | md5: d162d0c422462ecce30f7b4ee104a8ea
2026-09-30 17:20:38,251|opType: publish | rt: 2ms | status: success | requestIp: null | dataId: resource_crons_jobs__json.json | group: agentspec__enc.78722d636f636b7069742d696e746572616374696f6e2d7370656369616c697374__enc.302e302e31 | tenant: public | md5: f2872a66c050fdf61d4c172351527f45
2026-09-30 17:20:38,252|opType: publish | rt: 2ms | status: success | requestIp: null | dataId: resource_config_SOUL__md.json | group: agentspec__enc.78722d636f636b7069742d696e746572616374696f6e2d7370656369616c697374__enc.302e302e31 | tenant: public | md5: 41daed761909c38a88d4e35e3a49cfeb
2026-09-30 17:20:38,267|opType: delete | rt: 10ms | status: success | requestIp: null | dataId: nacos.ai.skills.bootstrap | group: nacos_internal | tenant: public | md5: ce83dc6efcbfd40e4fb2455cb1a7cff7
2026-09-30 17:20:38,458|opType: publish | rt: 4ms | status: success | requestIp: null | dataId: resource_config_MEMORY__md.json | group: agentspec__enc.78722d636f636b7069742d696e746572616374696f6e2d7370656369616c697374__enc.302e302e31 | tenant: public | md5: 39609ac15f7a1bc773da70cf7eb904c8
2026-09-30 17:20:38,471|opType: publish | rt: 13ms | status: success | requestIp: null | dataId: manifest.json | group: agentspec__enc.78722d696d6d6572736976652d646576656c6f706572__enc.302e302e31 | tenant: public | md5: d0940af840f3c2e9e5d9991c3962747f
2026-09-30 17:20:38,471|opType: publish | rt: 12ms | status: success | requestIp: null | dataId: resource_tool-analysis_tool-analysis__json.json | group: agentspec__enc.78722d696d6d6572736976652d646576656c6f706572__enc.302e302e31 | tenant: public | md5: ad68724df7bc327aaa0829c8804eae89
2026-09-30 17:20:38,473|opType: publish | rt: 12ms | status: success | requestIp: null | dataId: resource_config_IDENTITY__md.json | group: agentspec__enc.78722d696d6d6572736976652d646576656c6f706572__enc.302e302e31 | tenant: public | md5: 7feb2e580fa70d438e727307aca342d7
2026-09-30 17:20:38,473|opType: publish | rt: 13ms | status: success | requestIp: null | dataId: resource_config_AGENTS__md.json | group: agentspec__enc.78722d696d6d6572736976652d646576656c6f706572__enc.302e302e31 | tenant: public | md5: 4990ddbdb399030a126576f88a58a525
2026-09-30 17:20:38,473|opType: publish | rt: 14ms | status: success | requestIp: null | dataId: resource_crons_jobs__json.json | group: agentspec__enc.78722d696d6d6572736976652d646576656c6f706572__enc.302e302e31 | tenant: public | md5: 16f1bef2a8be271de00dd746b7912d2e
2026-09-30 17:20:38,474|opType: publish | rt: 14ms | status: success | requestIp: null | dataId: manifest.json | group: agentspec__enc.78722d696e746572666163652d617263686974656374__enc.302e302e31 | tenant: public | md5: aef1da32b0b9e65c3087595c63d10112
2026-09-30 17:20:38,474|opType: publish | rt: 3ms | status: success | requestIp: null | dataId: resource_config_MEMORY__md.json | group: agentspec__enc.78722d696d6d6572736976652d646576656c6f706572__enc.302e302e31 | tenant: public | md5: 1bcd5a7afd50f646bbad57e52d00d1ba
2026-09-30 17:20:38,475|opType: publish | rt: 4ms | status: success | requestIp: null | dataId: resource_crons_jobs__json.json | group: agentspec__enc.78722d696e746572666163652d617263686974656374__enc.302e302e31 | tenant: public | md5: 4705964a027d34b31ecf90519d6ff1cc
2026-09-30 17:20:38,475|opType: publish | rt: 3ms | status: success | requestIp: null | dataId: resource_config_SOUL__md.json | group: agentspec__enc.78722d696d6d6572736976652d646576656c6f706572__enc.302e302e31 | tenant: public | md5: c9990e85a169309dbf82717fa93c1261
2026-09-30 17:20:38,663|opType: publish | rt: 2ms | status: success | requestIp: null | dataId: resource_config_IDENTITY__md.json | group: agentspec__enc.78722d696e746572666163652d617263686974656374__enc.302e302e31 | tenant: public | md5: 06311473758cb77bf4e91b1fa300c3f6
2026-09-30 17:20:38,678|opType: publish | rt: 2ms | status: success | requestIp: null | dataId: resource_tool-analysis_tool-analysis__json.json | group: agentspec__enc.78722d696e746572666163652d617263686974656374__enc.302e302e31 | tenant: public | md5: 0bc73cca519b9f292ea5899bebfc9672
2026-09-30 17:20:38,679|opType: publish | rt: 2ms | status: success | requestIp: null | dataId: resource_config_AGENTS__md.json | group: agentspec__enc.78722d696e746572666163652d617263686974656374__enc.302e302e31 | tenant: public | md5: f0080c584c75cae9e19383bb195704ba
2026-09-30 17:20:38,679|opType: publish | rt: 1ms | status: success | requestIp: null | dataId: resource_config_SOUL__md.json | group: agentspec__enc.78722d696e746572666163652d617263686974656374__enc.302e302e31 | tenant: public | md5: f497f845e8ea6a135d05f55d73eed36f
2026-09-30 17:20:38,680|opType: publish | rt: 2ms | status: success | requestIp: null | dataId: resource_config_MEMORY__md.json | group: agentspec__enc.78722d696e746572666163652d617263686974656374__enc.302e302e31 | tenant: public | md5: 39d4f53ab81d93a38e54f0eeab929ac7
2026-09-30 17:20:38,680|opType: publish | rt: 1ms | status: success | requestIp: null | dataId: manifest.json | group: agentspec__enc.7a6b2d73746577617264__enc.302e302e31 | tenant: public | md5: 6a2d4261b4b619c241b0f0adb5de7fd6
2026-09-30 17:20:38,680|opType: publish | rt: 1ms | status: success | requestIp: null | dataId: resource_crons_jobs__json.json | group: agentspec__enc.7a6b2d73746577617264__enc.302e302e31 | tenant: public | md5: 65b14286dce8f8823859ee7f9f482252
2026-09-30 17:20:38,681|opType: publish | rt: 1ms | status: success | requestIp: null | dataId: resource_tool-analysis_tool-analysis__json.json | group: agentspec__enc.7a6b2d73746577617264__enc.302e302e31 | tenant: public | md5: ff175b3afc66bad352d30387164d71af
2026-09-30 17:20:38,681|opType: publish | rt: 1ms | status: success | requestIp: null | dataId: resource_config_IDENTITY__md.json | group: agentspec__enc.7a6b2d73746577617264__enc.302e302e31 | tenant: public | md5: 942a4c1c0f8dd31b0e3712f4168d611c
2026-09-30 17:20:38,682|opType: publish | rt: 2ms | status: success | requestIp: null | dataId: resource_config_AGENTS__md.json | group: agentspec__enc.7a6b2d73746577617264__enc.302e302e31 | tenant: public | md5: 09470580ec7af89425b6f8c3a71c72b4
2026-09-30 17:20:38,872|opType: publish | rt: 2ms | status: success | requestIp: null | dataId: resource_config_SOUL__md.json | group: agentspec__enc.7a6b2d73746577617264__enc.302e302e31 | tenant: public | md5: fb8db6e75bb58cb63ceeb5293b542837
2026-09-30 17:20:38,884|opType: publish | rt: 2ms | status: success | requestIp: null | dataId: resource_config_MEMORY__md.json | group: agentspec__enc.7a6b2d73746577617264__enc.302e302e31 | tenant: public | md5: 41f4b6e97fcf2fb4e92af9e84a7e945d
2026-09-30 17:20:39,099|opType: delete | rt: 3ms | status: success | requestIp: null | dataId: nacos.ai.agentspec.bootstrap | group: nacos_internal | tenant: public | md5: 48a2c8c89b800a60ddf19f096778c9e4
2026-09-30 17:22:14,630|opType: get | rt: 0ms | status: success | requestIp: null | dataId: SKILL.md | group: skill_enc.72656d6f74696f6e2d626573742d707261637469636573__enc.302e302e31 | tenant: public | md5: b8cad1a5254b8a9daba3e70b29e437a8
2026-09-30 17:22:14,631|opType: get | rt: 0ms | status: success | requestIp: null | dataId: enc.72756c65732f7461696c77696e642e6d64 | group: skill_enc.72656d6f74696f6e2d626573742d707261637469636573__enc.302e302e31 | tenant: public | md5: 74d39a966dce24b4bb06b0a8bcd52dd5
2026-09-30 17:22:14,631|opType: get | rt: 0ms | status: success | requestIp: null | dataId: enc.72756c65732f617564696f2d76697375616c697a6174696f6e2e6d64 | group: skill_enc.72656d6f74696f6e2d626573742d707261637469636573__enc.302e302e31 | tenant: public | md5: 687ec85f51a09bb359c0805ee65b1f60
2026-09-30 17:22:14,631|opType: get | rt: 0ms | status: success | requestIp: null | dataId: enc.72756c65732f6d6561737572696e672d646f6d2d6e6f6465732e6d64 | group: skill_enc.72656d6f74696f6e2d626573742d707261637469636573__enc.302e302e31 | tenant: public | md5: f9382af623ca6a3b0a26f5f6f0f94c82
2026-09-30 17:22:14,631|opType: get | rt: 0ms | status: success | requestIp: null | dataId: enc.72756c65732f6173736574732f746578742d616e696d6174696f6e732d747970657772697465722e747378 | group: skill_enc.72656d6f74696f6e2d626573742d707261637469636573__enc.302e302e31 | tenant: public | md5: d31e0177028d9d1fc9803fa3ee7f508c
2026-09-30 17:22:14,632|opType: get | rt: 1ms | status: success | requestIp: null | dataId: enc.72756c65732f6765742d766964656f2d6475726174696f6e2e6d64 | group: skill_enc.72656d6f74696f6e2d626573742d707261637469636573__enc.302e302e31 | tenant: public | md5: cac0bcc75701b4e9a9ddf05febf7ca1a
2026-09-30 17:22:14,632|opType: get | rt: 0ms | status: success | requestIp: null | dataId: enc.72756c65732f666f6e74732e6d64 | group: skill_enc.72656d6f74696f6e2d626573742d707261637469636573__enc.302e302e31 | tenant: public | md5: 46a988fdca12c3d79eaec47dff6dc4cf
2026-09-30 17:22:14,632|opType: get | rt: 0ms | status: success | requestIp: null | dataId: enc.72756c65732f6c6f747469652e6d64 | group: skill_enc.72656d6f74696f6e2d626573742d707261637469636573__enc.302e302e31 | tenant: public | md5: 2309fac516bcee03d7268bf019b28986
2026-09-30 17:22:14,632|opType: get | rt: 0ms | status: success | requestIp: null | dataId: enc.72756c65732f696d616765732e6d64 | group: skill_enc.72656d6f74696f6e2d626573742d707261637469636573__enc.302e302e31 | tenant: public | md5: 21de75ac940c6b41f67ff4df761317fe
2026-09-30 17:22:14,632|opType: get | rt: 0ms | status: success | requestIp: null | dataId: enc.72756c65732f696d706f72742d7372742d63617074696f6e732e6d64 | group: skill_enc.72656d6f74696f6e2d626573742d707261637469636573__enc.302e302e31 | tenant: public | md5: 07cc0b9c2360ff438af6902bb787601b
2026-09-30 17:22:14,632|opType: get | rt: 0ms | status: success | requestIp: null | dataId: enc.72756c65732f7472616e736974696f6e732e6d64 | group: skill_enc.72656d6f74696f6e2d626573742d707261637469636573__enc.302e302e31 | tenant: public | md5: 39da3cf6fa38c26e855d5d943eaf6b03
2026-09-30 17:22:14,633|opType: get | rt: 1ms | status: success | requestIp: null | dataId: enc.72756c65732f657874726163742d6672616d65732e6d64 | group: skill_enc.72656d6f74696f6e2d626573742d707261637469636573__enc.302e302e31 | tenant: public | md5: 7661fc68352ae5e0a9403e22aa11cf17
2026-09-30 17:22:14,633|opType: get | rt: 0ms | status: success | requestIp: null | dataId: enc.72756c65732f63616e2d6465636f64652e6d64 | group: skill_enc.72656d6f74696f6e2d626573742d707261637469636573__enc.302e302e31 | tenant: public | md5: 39321981beb1d7ee17792c81ea6b850d
2026-09-30 17:22:14,633|opType: get | rt: 0ms | status: success | requestIp: null | dataId: enc.72756c65732f636f6d706f736974696f6e732e6d64 | group: skill_enc.72656d6f74696f6e2d626573742d707261637469636573__enc.302e302e31 | tenant: public | md5: 824b0d3916f3f13ce9961cd99ca2e5a4
2026-09-30 17:22:14,633|opType: get | rt: 0ms | status: success | requestIp: null | dataId: enc.72756c65732f74696d696e672e6d64 | group: skill_enc.72656d6f74696f6e2d626573742d707261637469636573__enc.302e302e31 | tenant: public | md5: c44d770ca618e0609bc3b38ec72f82d3
2026-09-30 17:22:14,634|opType: get | rt: 1ms | status: success | requestIp: null | dataId: enc.72756c65732f6c696768742d6c65616b732e6d64 | group: skill_enc.72656d6f74696f6e2d626573742d707261637469636573__enc.302e302e31 | tenant: public | md5: 80126570ea8b1325f5e38309fd0809e1
2026-09-30 17:22:14,634|opType: get | rt: 0ms | status: success | requestIp: null | dataId: enc.72756c65732f73657175656e63696e672e6d64 | group: skill_enc.72656d6f74696f6e2d626573742d707261637469636573__enc.302e302e31 | tenant: public | md5: 3b349de58ef7e067b25b145fdfd2fc2c
2026-09-30 17:22:14,634|opType: get | rt: 0ms | status: success | requestIp: null | dataId: enc.72756c65732f766964656f732e6d64 | group: skill_enc.72656d6f74696f6e2d626573742d707261637469636573__enc.302e302e31 | tenant: public | md5: 95a81918543cfe9a78996c1e25ec66cf
2026-09-30 17:22:14,634|opType: get | rt: 0ms | status: success | requestIp: null | dataId: enc.72756c65732f7375627469746c65732e6d64 | group: skill_enc.72656d6f74696f6e2d626573742d707261637469636573__enc.302e302e31 | tenant: public | md5: 5a016b7956f64529f77a516becd13661
2026-09-30 17:22:14,634|opType: get | rt: 0ms | status: success | requestIp: null | dataId: enc.72756c65732f7472616e73706172656e742d766964656f732e6d64 | group: skill_enc.72656d6f74696f6e2d626573742d707261637469636573__enc.302e302e31 | tenant: public | md5: 9c4eb35d53624169b032d63739d2cf35
2026-09-30 17:22:14,635|opType: get | rt: 1ms | status: success | requestIp: null | dataId: enc.72756c65732f6173736574732f746578742d616e696d6174696f6e732d776f72642d686967686c696768742e747378 | group: skill_enc.72656d6f74696f6e2d626573742d707261637469636573__enc.302e302e31 | tenant: public | md5: 374a961d938b044d9cafdc102e074c60
2026-09-30 17:22:14,635|opType: get | rt: 0ms | status: success | requestIp: null | dataId: enc.72756c65732f7472696d6d696e672e6d64 | group: skill_enc.72656d6f74696f6e2d626573742d707261637469636573__enc.302e302e31 | tenant: public | md5: 7ca81a075ac9186576e45aa97cf88e16
2026-09-30 17:22:14,635|opType: get | rt: 0ms | status: success | requestIp: null | dataId: enc.72756c65732f676966732e6d64 | group: skill_enc.72656d6f74696f6e2d626573742d707261637469636573__enc.302e302e31 | tenant: public | md5: 8378fb79148df127988a443dddd5cbdb
2026-09-30 17:22:14,635|opType: get | rt: 0ms | status: success | requestIp: null | dataId: enc.72756c65732f7472616e7363726962652d63617074696f6e732e6d64 | group: skill_enc.72656d6f74696f6e2d626573742d707261637469636573__enc.302e302e31 | tenant: public | md5: 6563bdb785ac372d283147ad45f1a74e
2026-09-30 17:22:14,635|opType: get | rt: 0ms | status: success | requestIp: null | dataId: enc.72756c65732f6765742d617564696f2d6475726174696f6e2e6d64 | group: skill_enc.72656d6f74696f6e2d626573742d707261637469636573__enc.302e302e31 | tenant: public | md5: d820f23099c4573516868c9f9828bcb1
2026-09-30 17:22:14,635|opType: get | rt: 0ms | status: success | requestIp: null | dataId: enc.72756c65732f6d6170732e6d64 | group: skill_enc.72656d6f74696f6e2d626573742d707261637469636573__enc.302e302e31 | tenant: public | md5: ddbb125e0ead3e9e551cd61f69619bf7
2026-09-30 17:22:14,635|opType: get | rt: 0ms | status: success | requestIp: null | dataId: enc.72756c65732f6173736574732f6368617274732d6261722d63686172742e747378 | group: skill_enc.72656d6f74696f6e2d626573742d707261637469636573__enc.302e302e31 | tenant: public | md5: 6db7265a249a6a032c3ab61f23ebfae1
2026-09-30 17:22:14,635|opType: get | rt: 0ms | status: success | requestIp: null | dataId: enc.72756c65732f617564696f2e6d64 | group: skill_enc.72656d6f74696f6e2d626573742d707261637469636573__enc.302e302e31 | tenant: public | md5: 0be2f322f986a4c4a3f0aa1186ab8b61
2026-09-30 17:22:14,635|opType: get | rt: 0ms | status: success | requestIp: null | dataId: enc.72756c65732f6173736574732e6d64 | group: skill_enc.72656d6f74696f6e2d626573742d707261637469636573__enc.302e302e31 | tenant: public | md5: 13b5f8aec13b4a6b1375913de9832b6c
2026-09-30 17:22:14,636|opType: get | rt: 0ms | status: success | requestIp: null | dataId: enc.72756c65732f63616c63756c6174652d6d657461646174612e6d64 | group: skill_enc.72656d6f74696f6e2d626573742d707261637469636573__enc.302e302e31 | tenant: public | md5: 4a53a0155621e0aa510c83b2d9b79913
2026-09-30 17:22:14,636|opType: get | rt: 0ms | status: success | requestIp: null | dataId: enc.72756c65732f616e696d6174696f6e732e6d64 | group: skill_enc.72656d6f74696f6e2d626573742d707261637469636573__enc.302e302e31 | tenant: public | md5: a14a4ec516f3e6b03ffc7af742bb3357
2026-09-30 17:22:14,636|opType: get | rt: 0ms | status: success | requestIp: null | dataId: enc.72756c65732f746578742d616e696d6174696f6e732e6d64 | group: skill_enc.72656d6f74696f6e2d626573742d707261637469636573__enc.302e302e31 | tenant: public | md5: 20b4cae5317ec7e836fab5e6f15c5d99
2026-09-30 17:22:14,636|opType: get | rt: 0ms | status: success | requestIp: null | dataId: enc.72756c65732f33642e6d64 | group: skill_enc.72656d6f74696f6e2d626573742d707261637469636573__enc.302e302e31 | tenant: public | md5: 40d292c8f9268f4dfe72d0019b28d53e
2026-09-30 17:22:14,636|opType: get | rt: 0ms | status: success | requestIp: null | dataId: enc.72756c65732f66666d7065672e6d64 | group: skill_enc.72656d6f74696f6e2d626573742d707261637469636573__enc.302e302e31 | tenant: public | md5: ed06af714b1cc0c3f642b7fcd8686648
2026-09-30 17:22:14,637|opType: get | rt: 0ms | status: success | requestIp: null | dataId: enc.72756c65732f706172616d65746572732e6d64 | group: skill_enc.72656d6f74696f6e2d626573742d707261637469636573__enc.302e302e31 | tenant: public | md5: 27f48c8f43cb7193a86a361f252a90ba
2026-09-30 17:22:14,637|opType: get | rt: 0ms | status: success | requestIp: null | dataId: enc.72756c65732f7366782e6d64 | group: skill_enc.72656d6f74696f6e2d626573742d707261637469636573__enc.302e302e31 | tenant: public | md5: 1452656ce5578dcba5d3175c0f8ab06f
2026-09-30 17:22:14,637|opType: get | rt: 0ms | status: success | requestIp: null | dataId: enc.72756c65732f766f6963656f7665722e6d64 | group: skill_enc.72656d6f74696f6e2d626573742d707261637469636573__enc.302e302e31 | tenant: public | md5: 17a79a09f5bcbdb92d9669688585cabb
2026-09-30 17:22:14,637|opType: get | rt: 0ms | status: success | requestIp: null | dataId: enc.72756c65732f646973706c61792d63617074696f6e732e6d64 | group: skill_enc.72656d6f74696f6e2d626573742d707261637469636573__enc.302e302e31 | tenant: public | md5: 708532b08274897c46a6fadcc13c4dc9
2026-09-30 17:22:14,637|opType: get | rt: 0ms | status: success | requestIp: null | dataId: enc.72756c65732f6d6561737572696e672d746578742e6d64 | group: skill_enc.72656d6f74696f6e2d626573742d707261637469636573__enc.302e302e31 | tenant: public | md5: a52a79877fa4dbc632cea7c131d0bd7a
2026-09-30 17:22:14,637|opType: get | rt: 0ms | status: success | requestIp: null | dataId: enc.72756c65732f6368617274732e6d64 | group: skill_enc.72656d6f74696f6e2d626573742d707261637469636573__enc.302e302e31 | tenant: public | md5: 4e7b845b331b1002fb092a122cfb88e9
2026-09-30 17:22:14,638|opType: get | rt: 0ms | status: success | requestIp: null | dataId: enc.72756c65732f6765742d766964656f2d64696d656e73696f6e732e6d64 | group: skill_enc.72656d6f74696f6e2d626573742d707261637469636573__enc.302e302e31 | tenant: public | md5: 3151bc43355e29e1b9df40c278b53436
